external_author_id,author,content,region,language,publish_date,harvested_date,following,followers,updates,post_type,account_type,retweet,account_category,new_june_2018,alt_external_id,tweet_id,article_url,tco1_step1,tco2_step1,tco3_step1
890000000000000000,JOHAAJOTS,"#jobb According to Mad Max, no one is More “DEPLORABLE” Than Trump https://t.co/n3whxqjfIo #job https://t.co/sFeTz6fIY3",United States,English,8/5/2017 11:41,8/5/2017 11:41,2960,669,400,,Right,0,RightTroll,0,890448373765025792,893799058657161216,http://twitter.com/890448373765025792/statuses/893799058657161216,https://twitter.com/johaajots/status/893799058657161216/photo/1,http://ift.tt/2wuEHeB,
890000000000000000,JOHAAJOTS,#jobb TRUMP EFFECT : July Job Numbers CRUSH Expectations https://t.co/Q4Pwy5Uqf6 #job https://t.co/sL0GbN00WG,United States,English,8/5/2017 11:46,8/5/2017 11:46,2960,669,401,,Right,0,RightTroll,0,890448373765025792,893800394610151424,http://twitter.com/890448373765025792/statuses/893800394610151424,https://twitter.com/johaajots/status/893800394610151424/photo/1,http://ift.tt/2uaTDhk,
890000000000000000,JOHAAJOTS,#jobb You Won’t Believe Who is Now Calling for an Investigation Into WH Leaks https://t.co/sTKMh2QmK4 #job https://t.co/vN7sgXaW5l,United States,English,8/5/2017 11:46,8/5/2017 11:46,2960,669,402,,Right,0,RightTroll,0,890448373765025792,893800402809999360,http://twitter.com/890448373765025792/statuses/893800402809999360,https://twitter.com/johaajots/status/893800402809999360/photo/1,http://ift.tt/2vzOCSU,
890000000000000000,JOHAAJOTS,#jobb Fake News Media Ignoring This! https://t.co/kKF36W6Tfr #job https://t.co/BAJMuiSmke,United States,English,8/5/2017 11:51,8/5/2017 11:51,2960,669,406,,Right,0,RightTroll,0,890448373765025792,893801597989515265,http://twitter.com/890448373765025792/statuses/893801597989515265,https://twitter.com/johaajots/status/893801597989515265/photo/1,http://ift.tt/2hwdFkh,
890000000000000000,JOHAAJOTS,#jobb WITCH HUNT : Russia Probe Includes Tenants From Trump Tower https://t.co/y4AUKWa4jz #job https://t.co/iNjWPlhoQe,United States,English,8/5/2017 11:51,8/5/2017 11:52,2960,669,404,,Right,0,RightTroll,0,890448373765025792,893801584626290688,http://twitter.com/890448373765025792/statuses/893801584626290688,https://twitter.com/johaajots/status/893801584626290688/photo/1,http://ift.tt/2hwdyFn,
890000000000000000,JOHAAJOTS,#jobb Trump Supporters Send Message to DOJ During Trump WV Rally #LockHerUp https://t.co/AWbpZxMnlz #job https://t.co/VbYefNViEr,United States,English,8/5/2017 11:51,8/5/2017 11:51,2960,669,403,,Right,0,RightTroll,0,890448373765025792,893801578305658880,http://twitter.com/890448373765025792/statuses/893801578305658880,https://twitter.com/johaajots/status/893801578305658880/photo/1,http://ift.tt/2fgUJFO,
890000000000000000,JOHAAJOTS,#jobb WHOOPS! Looks Like Acosta’s Antics Are Coming Back to Haunt Him https://t.co/sOY8Kp2l6s #job https://t.co/AMS5NAFffZ,United States,English,8/5/2017 11:51,8/5/2017 11:51,2960,669,405,,Right,0,RightTroll,0,890448373765025792,893801590536142853,http://twitter.com/890448373765025792/statuses/893801590536142853,https://twitter.com/johaajots/status/893801590536142853/photo/1,http://ift.tt/2fh0O4N,
890000000000000000,JOHAAJOTS,#jobb BOMBSHELL Exposes Loretta Lynch Attempting a Cover Up https://t.co/AbyyJNveU1 #job https://t.co/THrYQN9hwN,United States,English,8/5/2017 11:56,8/5/2017 11:56,2960,669,408,,Right,0,RightTroll,0,890448373765025792,893802939625635840,http://twitter.com/890448373765025792/statuses/893802939625635840,https://twitter.com/johaajots/status/893802939625635840/photo/1,http://ift.tt/2wgwbAL,
890000000000000000,JOHAAJOTS,#jobb VIDEO : Sessions Taking DRASTIC Steps to STOP WH Leaks https://t.co/x4edfXFzDp #job https://t.co/667GEdlQV0,United States,English,8/5/2017 11:56,8/5/2017 11:56,2960,669,407,,Right,0,RightTroll,0,890448373765025792,893802928548573184,http://twitter.com/890448373765025792/statuses/893802928548573184,https://twitter.com/johaajots/status/893802928548573184/photo/1,http://ift.tt/2v5W7QO,
890000000000000000,JOHAAJOTS,#jobb Mad Max Reveals Her Master Plan to Overthrow The White House https://t.co/UVMKZtMd4Z #job https://t.co/1ppr07Lheo,United States,English,8/5/2017 12:01,8/5/2017 12:03,2960,669,410,,Right,0,RightTroll,0,890448373765025792,893804186776817664,http://twitter.com/890448373765025792/statuses/893804186776817664,https://twitter.com/johaajots/status/893804186776817664/photo/1,http://ift.tt/2vrz83D,
890000000000000000,JOHAAJOTS,#jobb Wasserman Schultz Makes Ridiculous Claim as to Why Awan is Under Scrutiny https://t.co/R4We1yhCJD #job https://t.co/rgjURye8XL,United States,English,8/5/2017 12:01,8/5/2017 12:02,2960,669,409,,Right,0,RightTroll,0,890448373765025792,893804180435079169,http://twitter.com/890448373765025792/statuses/893804180435079169,https://twitter.com/johaajots/status/893804180435079169/photo/1,http://ift.tt/2v8D6vC,
890000000000000000,JOHAAJOTS,#jobb BREAKING : California Trying to BAN ICE! https://t.co/4E0YE1C06X #job https://t.co/HuVbbBgC3u,United States,English,8/5/2017 12:06,8/5/2017 12:06,2960,669,412,,Right,0,RightTroll,0,890448373765025792,893805368744308736,http://twitter.com/890448373765025792/statuses/893805368744308736,https://twitter.com/johaajots/status/893805368744308736/photo/1,http://ift.tt/2hx3tbB,
890000000000000000,JOHAAJOTS,#jobb Judge Jeanine Just WARNED the Deep State! https://t.co/wWLPkGxlIJ #job https://t.co/NlLGX6Ktlb,United States,English,8/5/2017 12:06,8/5/2017 12:06,2960,669,411,,Right,0,RightTroll,0,890448373765025792,893805363367227400,http://twitter.com/890448373765025792/statuses/893805363367227400,https://twitter.com/johaajots/status/893805363367227400/photo/1,http://ift.tt/2fhl72c,
890000000000000000,JOHAAJOTS,#jobb WOW! Joy Villa Releases Music Video “Make America Great Again” https://t.co/vFprJTEAfX #job https://t.co/Kk7HJ1Zknt,United States,English,8/5/2017 12:21,8/5/2017 12:21,2960,670,413,,Right,0,RightTroll,0,890448373765025792,893809120301776897,http://twitter.com/890448373765025792/statuses/893809120301776897,https://twitter.com/johaajots/status/893809120301776897/photo/1,http://ift.tt/2utQsAM,
890000000000000000,JOHAAJOTS,#jobb This Delusional House Democrat Just Claimed Trump will Resign https://t.co/u1lBD0W01K #job https://t.co/sHuXkFfi78,United States,English,8/5/2017 12:26,8/5/2017 12:26,2960,670,414,,Right,0,RightTroll,0,890448373765025792,893810391956037632,http://twitter.com/890448373765025792/statuses/893810391956037632,https://twitter.com/johaajots/status/893810391956037632/photo/1,http://ift.tt/2v8TpZq,
890000000000000000,JOHAAJOTS,#jobb BREAKING VIDEO : Documents Released on Infamous Tarmac Meeting https://t.co/q29YNTjieZ #job https://t.co/vTgTC0SSFW,United States,English,8/5/2017 12:31,8/5/2017 12:31,2960,670,417,,Right,0,RightTroll,0,890448373765025792,893811716605304832,http://twitter.com/890448373765025792/statuses/893811716605304832,https://twitter.com/johaajots/status/893811716605304832/photo/1,http://ift.tt/2vA5AQW,
890000000000000000,JOHAAJOTS,#jobb BOMBSHELL : Wasserman Schultz Forced to Admit SHE LIED https://t.co/ypoTP10tQK #job https://t.co/cEpW3dctt9,United States,English,8/5/2017 12:31,8/5/2017 12:31,2960,670,415,,Right,0,RightTroll,0,890448373765025792,893811685911388163,http://twitter.com/890448373765025792/statuses/893811685911388163,https://twitter.com/johaajots/status/893811685911388163/photo/1,http://ift.tt/2vzVrUt,
890000000000000000,JOHAAJOTS,#jobb Wait Until You See Why Rahm Emanuel is Suing President Trump https://t.co/syTsIoUcy5 #job https://t.co/Mr5IqQkPE1,United States,English,8/5/2017 12:31,8/5/2017 12:31,2960,670,416,,Right,0,RightTroll,0,890448373765025792,893811699370926080,http://twitter.com/890448373765025792/statuses/893811699370926080,https://twitter.com/johaajots/status/893811699370926080/photo/1,http://ift.tt/2ub2csg,
890000000000000000,JOHAAJOTS,#jobb NBC’s Chuck Todd Just VOWED to BREAK THE LAW in Defiance of Trump’s DOJ! https://t.co/Ess43CHo0S #job https://t.co/B8mA86WvOT,United States,English,8/5/2017 12:36,8/5/2017 12:36,2960,670,418,,Right,0,RightTroll,0,890448373765025792,893812929522540544,http://twitter.com/890448373765025792/statuses/893812929522540544,https://twitter.com/johaajots/status/893812929522540544/photo/1,http://ift.tt/2hxjMVK,
890000000000000000,JOHAAJOTS,"#jobb Bolling Under Attack! HuffPo Claims He Pulled an Anthony Weiner, Cites “Anon Sources” https://t.co/FWyskY9xqo #job https://t.co/3WCX54tDMZ",United States,English,8/5/2017 12:36,8/5/2017 12:36,2960,670,420,,Right,0,RightTroll,0,890448373765025792,893812956693229569,http://twitter.com/890448373765025792/statuses/893812956693229569,https://twitter.com/johaajots/status/893812956693229569/photo/1,http://ift.tt/2hxjPAQ,
890000000000000000,JOHAAJOTS,#jobb Nigel Farage Just Called out CNN! https://t.co/o67hD8kYmN #job https://t.co/UCQ8YUosqt,United States,English,8/5/2017 12:36,8/5/2017 12:36,2960,670,421,,Right,0,RightTroll,0,890448373765025792,893812970228244480,http://twitter.com/890448373765025792/statuses/893812970228244480,https://twitter.com/johaajots/status/893812970228244480/photo/1,http://ift.tt/2fhOfqa,
890000000000000000,JOHAAJOTS,"#jobb Turncoat Paul Ryan Defends the Mainstream Media, Blames White House https://t.co/gPcICD6KIW #job https://t.co/B9RSKu26BQ",United States,English,8/5/2017 12:36,8/5/2017 12:36,2960,670,419,,Right,0,RightTroll,0,890448373765025792,893812943577632768,http://twitter.com/890448373765025792/statuses/893812943577632768,https://twitter.com/johaajots/status/893812943577632768/photo/1,http://ift.tt/2fhOcdY,
890000000000000000,JOHAAJOTS,#jobb Director of National Intelligence Dan Coats Just Threw Down the Gauntlet on Leakers https://t.co/fMUsERySBy #job https://t.co/gzHIU3pVMj,United States,English,8/5/2017 12:41,8/5/2017 12:41,2960,672,423,,Right,0,RightTroll,0,890448373765025792,893814241614069762,http://twitter.com/890448373765025792/statuses/893814241614069762,https://twitter.com/johaajots/status/893814241614069762/photo/1,http://ift.tt/2uu8UZS,
890000000000000000,JOHAAJOTS,#jobb VIRAL! President Trump Retweets James Woods – Look What He Wrote! https://t.co/O6L59Dw0ZT #job https://t.co/uAC9GSSyDK,United States,English,8/5/2017 12:41,8/5/2017 12:41,2960,671,422,,Right,0,RightTroll,0,890448373765025792,893814218939670528,http://twitter.com/890448373765025792/statuses/893814218939670528,https://twitter.com/johaajots/status/893814218939670528/photo/1,http://ift.tt/2udD0Ws,
890000000000000000,JOHAAJOTS,#jobb Joe Scarborough Rushes to Defense of “Susan Rice Fan” McMaster https://t.co/p50wbtNizM #job https://t.co/kfqaIT5k2J,United States,English,8/5/2017 12:41,8/5/2017 12:43,2960,672,424,,Right,0,RightTroll,0,890448373765025792,893814258831642624,http://twitter.com/890448373765025792/statuses/893814258831642624,https://twitter.com/johaajots/status/893814258831642624/photo/1,http://ift.tt/2udLCvZ,
890000000000000000,JOHAAJOTS,"#jobb GOP Traitor Who Killed Obamacare Repeal Defends Mueller, Attacks Trump https://t.co/UkPD2M08ua #job https://t.co/RDP0tY5gZG",United States,English,8/5/2017 12:41,8/5/2017 12:41,2960,672,425,,Right,0,RightTroll,0,890448373765025792,893814276758044672,http://twitter.com/890448373765025792/statuses/893814276758044672,https://twitter.com/johaajots/status/893814276758044672/photo/1,http://ift.tt/2uturSz,
890000000000000000,JOHAAJOTS,#jobb Eric Bolling Responds to HuffPost Smear Piece https://t.co/c8XLZjoMKf #job https://t.co/WJ95yRnoqW,United States,English,8/5/2017 12:46,8/5/2017 12:47,2960,672,427,,Right,0,RightTroll,0,890448373765025792,893815517772906496,http://twitter.com/890448373765025792/statuses/893815517772906496,https://twitter.com/johaajots/status/893815517772906496/photo/1,http://ift.tt/2uupEAg,
890000000000000000,JOHAAJOTS,#jobb Jeff Sessions Declares War on Leakers and Media Colluders https://t.co/VYBkO0QNqb #job https://t.co/hiftjihRmF,United States,English,8/5/2017 12:46,8/5/2017 12:46,2960,672,428,,Right,0,RightTroll,0,890448373765025792,893815532755066881,http://twitter.com/890448373765025792/statuses/893815532755066881,https://twitter.com/johaajots/status/893815532755066881/photo/1,http://ift.tt/2ucZrLo,
890000000000000000,JOHAAJOTS,#jobb Rush Limbaugh Just EXPOSED Mueller’s Sinister Scheme https://t.co/Bp94aamUAR #job https://t.co/AHog7GGWeb,United States,English,8/5/2017 12:46,8/5/2017 12:47,2960,672,429,,Right,0,RightTroll,0,890448373765025792,893815546269110272,http://twitter.com/890448373765025792/statuses/893815546269110272,https://twitter.com/johaajots/status/893815546269110272/photo/1,http://ift.tt/2uubxe2,
890000000000000000,JOHAAJOTS,#jobb What Corrupt Loretta Lynch Doesn’t Want You to Know https://t.co/za5enL2umd #job https://t.co/t28gpTz5Xi,United States,English,8/5/2017 12:46,8/5/2017 12:46,2960,672,426,,Right,0,RightTroll,0,890448373765025792,893815501813669888,http://twitter.com/890448373765025792/statuses/893815501813669888,https://twitter.com/johaajots/status/893815501813669888/photo/1,http://ift.tt/2ucZruS,
890000000000000000,JOHAAJOTS,#jobb LOL : What President Trump Just Did Broke Emmanuel Macron’s Liberal Heart! https://t.co/N9wiOUtmlV #job https://t.co/OuO8SGIrqE,United States,English,8/5/2017 12:51,8/5/2017 12:51,2960,672,430,,Right,0,RightTroll,0,890448373765025792,893816744153931777,http://twitter.com/890448373765025792/statuses/893816744153931777,https://twitter.com/johaajots/status/893816744153931777/photo/1,http://ift.tt/2v8W1Xe,
890000000000000000,JOHAAJOTS,#jobb John Kelly Unveils THE PLAN to Restore Order in the White House https://t.co/3xC2oL3OUI #job https://t.co/zhLdklL5AS,United States,English,8/5/2017 12:56,8/5/2017 12:56,2960,672,431,,Right,0,RightTroll,0,890448373765025792,893817929380356096,http://twitter.com/890448373765025792/statuses/893817929380356096,https://twitter.com/johaajots/status/893817929380356096/photo/1,http://ift.tt/2udu03v,
890000000000000000,JOHAAJOTS,#jobb Loretta Lynch’s Desperate Cover Up Attempt May Be Her Final Undoing https://t.co/JFxn2RCli0 #job https://t.co/qtMja5r8w8,United States,English,8/5/2017 12:56,8/5/2017 12:56,2960,672,432,,Right,0,RightTroll,0,890448373765025792,893817939492827136,http://twitter.com/890448373765025792/statuses/893817939492827136,https://twitter.com/johaajots/status/893817939492827136/photo/1,http://ift.tt/2uucDGF,
890000000000000000,JOHAAJOTS,#jobb Andrew Cuomo Gets TERRIBLE NEWS – This Could Be the END for Him! https://t.co/zGLMl5C2sv #job https://t.co/EpBG2nGMvI,United States,English,8/5/2017 13:02,8/5/2017 13:02,2960,673,435,,Right,0,RightTroll,0,890448373765025792,893819501560700929,http://twitter.com/890448373765025792/statuses/893819501560700929,https://twitter.com/johaajots/status/893819501560700929/photo/1,http://ift.tt/2hxdVzN,
890000000000000000,JOHAAJOTS,"#jobb Well, Well, Well…Look Whose Socialized Healthcare is Also FAILING https://t.co/r9EtTMjo1I #job https://t.co/PWbz5lobp4",United States,English,8/5/2017 13:02,8/5/2017 13:03,2960,673,436,,Right,0,RightTroll,0,890448373765025792,893819510477787137,http://twitter.com/890448373765025792/statuses/893819510477787137,https://twitter.com/johaajots/status/893819510477787137/photo/1,http://ift.tt/2fhZYoB,
890000000000000000,JOHAAJOTS,#jobb John Harwood Encourages White House Staff to CRIMINALLY Leak Putin Call https://t.co/yKb03LKAsX #job https://t.co/uxRzMbdYMV,United States,English,8/5/2017 13:02,8/5/2017 13:03,2960,673,434,,Right,0,RightTroll,0,890448373765025792,893819488285720578,http://twitter.com/890448373765025792/statuses/893819488285720578,https://twitter.com/johaajots/status/893819488285720578/photo/1,http://ift.tt/2fhZJKd,
890000000000000000,JOHAAJOTS,#jobb Why Did Twitter Censor Eric Trump??? Look What They Did to His Tweet! https://t.co/MQkTxNNuy4 #job https://t.co/MvQJBxiR4s,United States,English,8/5/2017 13:02,8/5/2017 13:02,2960,673,433,,Right,0,RightTroll,0,890448373765025792,893819476801724418,http://twitter.com/890448373765025792/statuses/893819476801724418,https://twitter.com/johaajots/status/893819476801724418/photo/1,http://ift.tt/2hxgIsr,
890000000000000000,JOHAAJOTS,"#jobb While Dems Try to Impeach Trump, He just Created 1 Million Jobs! https://t.co/JDJwm6Yadp #job https://t.co/3k0rFbaJFN",United States,English,8/5/2017 13:06,8/5/2017 13:06,2960,673,437,,Right,0,RightTroll,0,890448373765025792,893820462505111556,http://twitter.com/890448373765025792/statuses/893820462505111556,https://twitter.com/johaajots/status/893820462505111556/photo/1,http://ift.tt/2v8AptN,
890000000000000000,JOHAAJOTS,#jobb Cutting Immigration Will Make Americans Wealthier! https://t.co/TkVrFiQ6D8 #job https://t.co/svcrnCu0Hp,United States,English,8/5/2017 13:06,8/5/2017 13:06,2960,673,439,,Right,0,RightTroll,0,890448373765025792,893820481085878272,http://twitter.com/890448373765025792/statuses/893820481085878272,https://twitter.com/johaajots/status/893820481085878272/photo/1,http://ift.tt/2v8wP2N,
890000000000000000,JOHAAJOTS,#jobb LOL : GOP Trolls Obama on his Birthday and it is EPIC! https://t.co/45DgQNVcmv #job https://t.co/OUNHmsdV5q,United States,English,8/5/2017 13:06,8/5/2017 13:06,2960,673,438,,Right,0,RightTroll,0,890448373765025792,893820472256851968,http://twitter.com/890448373765025792/statuses/893820472256851968,https://twitter.com/johaajots/status/893820472256851968/photo/1,http://ift.tt/2vrvtDa,
890000000000000000,JOHAAJOTS,#jobb Mueller’s Grand Jury is STACKED Against Trump https://t.co/EqDuC4IHTY #job https://t.co/PnWrJt9siz,United States,English,8/5/2017 14:11,8/5/2017 14:11,2960,675,440,,Right,0,RightTroll,0,890448373765025792,893836821393805312,http://twitter.com/890448373765025792/statuses/893836821393805312,https://twitter.com/johaajots/status/893836821393805312/photo/1,http://ift.tt/2uuAgPC,
890000000000000000,JOHAAJOTS,#jobb Comey’s FBI Spied on Trump Supporter Social Media Accounts Election Day https://t.co/tzKawyO44b #job https://t.co/sTQ3xCXvY0,United States,English,8/5/2017 14:11,8/5/2017 14:11,2960,675,442,,Right,0,RightTroll,0,890448373765025792,893836842633752577,http://twitter.com/890448373765025792/statuses/893836842633752577,https://twitter.com/johaajots/status/893836842633752577/photo/1,http://ift.tt/2uucW4x,
890000000000000000,JOHAAJOTS,#jobb VIDEO : Jay Sekulow DEMANDS Talking Points on the Lynch Tarmac Meeting https://t.co/OkGvnvibOK #job https://t.co/F8G8uRvj4U,United States,English,8/5/2017 14:11,8/5/2017 14:11,2960,675,441,,Right,0,RightTroll,0,890448373765025792,893836830902296576,http://twitter.com/890448373765025792/statuses/893836830902296576,https://twitter.com/johaajots/status/893836830902296576/photo/1,http://ift.tt/2udC9VA,
890000000000000000,JOHAAJOTS,#jobb WOW! Loretta Lynch Just Got BUSTED Using a Shady Fake Identity! https://t.co/ZMdxY1nrTO #job https://t.co/4zizrKSd9M,United States,English,8/5/2017 14:16,8/5/2017 14:16,2960,676,445,,Right,0,RightTroll,0,890448373765025792,893838115923791872,http://twitter.com/890448373765025792/statuses/893838115923791872,https://twitter.com/johaajots/status/893838115923791872/photo/1,http://ift.tt/2vzXHLI,
890000000000000000,JOHAAJOTS,#jobb WOW! Look How Trump Compares to Obama in Jobs Created! https://t.co/PKvF4jZNgk #job https://t.co/cYNOGXHiaJ,United States,English,8/5/2017 14:16,8/5/2017 14:16,2960,676,444,,Right,0,RightTroll,0,890448373765025792,893838107711348738,http://twitter.com/890448373765025792/statuses/893838107711348738,https://twitter.com/johaajots/status/893838107711348738/photo/1,http://ift.tt/2uaWdUB,
890000000000000000,JOHAAJOTS,#jobb Adam Schiff’s Birthday Wish to Obama Went Hilariously WRONG https://t.co/UpqM8Ymg1x #job https://t.co/Sl3QMU1jk0,United States,English,8/5/2017 14:16,8/5/2017 14:16,2960,676,443,,Right,0,RightTroll,0,890448373765025792,893838097456168962,http://twitter.com/890448373765025792/statuses/893838097456168962,https://twitter.com/johaajots/status/893838097456168962/photo/1,http://ift.tt/2vzXmbV,
890000000000000000,JOHAAJOTS,#jobb Michael Savage Warns DC Swamp What Will Happen if Trump is Removed! https://t.co/18kBsB5Emh #job https://t.co/17Y8QacxbW,United States,English,8/5/2017 14:21,8/5/2017 14:21,2960,677,446,,Right,0,RightTroll,0,890448373765025792,893839436068167680,http://twitter.com/890448373765025792/statuses/893839436068167680,https://twitter.com/johaajots/status/893839436068167680/photo/1,http://ift.tt/2vrI6hx,
890000000000000000,JOHAAJOTS,#jobb Turns Out Acosta Throws Fake Tantrums Because He Wants His Own Show https://t.co/VieRbyQMDN #job https://t.co/gPYVExxoNp,United States,English,8/5/2017 14:46,8/5/2017 14:46,2960,677,447,,Right,0,RightTroll,0,890448373765025792,893845593474445313,http://twitter.com/890448373765025792/statuses/893845593474445313,https://twitter.com/johaajots/status/893845593474445313/photo/1,http://ift.tt/2hwrmjg,
890000000000000000,JOHAAJOTS,#jobb WHOA! Gorka Just Gave the Leakers a CHILLING Warning https://t.co/I2KRQT5V1E #job https://t.co/wKHoLoFou8,United States,English,8/5/2017 17:01,8/5/2017 17:02,2959,678,448,,Right,0,RightTroll,0,890448373765025792,893879745842229253,http://twitter.com/890448373765025792/statuses/893879745842229253,https://twitter.com/johaajots/status/893879745842229253/photo/1,http://ift.tt/2whFP5Q,
890000000000000000,JOHAAJOTS,#jobb Ben Rhodes Calls Stephen Miller a “White Supremacist” But There’s a Major Problem https://t.co/wBPyKr6RrZ #job https://t.co/Kl7N97CYiV,United States,English,8/5/2017 17:01,8/5/2017 17:02,2959,678,449,,Right,0,RightTroll,0,890448373765025792,893879753035440128,http://twitter.com/890448373765025792/statuses/893879753035440128,https://twitter.com/johaajots/status/893879753035440128/photo/1,http://ift.tt/2wv1Ai5,
890000000000000000,JOHAAJOTS,#jobb Look How Much Obamacare Premiums are Set to SKYROCKET! https://t.co/1TQn74E8ht #job https://t.co/jgjAXEu61K,United States,English,8/5/2017 23:41,8/5/2017 23:41,2959,687,450,,Right,0,RightTroll,0,890448373765025792,893980245094797313,http://twitter.com/890448373765025792/statuses/893980245094797313,https://twitter.com/johaajots/status/893980245094797313/photo/1,http://ift.tt/2fiDjbE,
890000000000000000,JOHAAJOTS,#jobb Checkmate Against Kim Jong Un Coming! https://t.co/yQOINwMywU #job https://t.co/627btXgNMF,United States,English,8/5/2017 23:41,8/5/2017 23:42,2959,687,451,,Right,0,RightTroll,0,890448373765025792,893980255538556929,http://twitter.com/890448373765025792/statuses/893980255538556929,https://twitter.com/johaajots/status/893980255538556929/photo/1,http://ift.tt/2hyctgt,
890000000000000000,JOHAAJOTS,#jobb BREAKING REPORT : New Candidate Emerges to Replace Scaramucci https://t.co/OGEJmXRQNX #job https://t.co/6XSX44JFVd,United States,English,8/5/2017 23:46,8/5/2017 23:46,2959,687,455,,Right,0,RightTroll,0,890448373765025792,893981547317121024,http://twitter.com/890448373765025792/statuses/893981547317121024,https://twitter.com/johaajots/status/893981547317121024/photo/1,http://ift.tt/2v7HdJL,
890000000000000000,JOHAAJOTS,#jobb Judicial Watch Just Uncovered More Voter Fraud in California https://t.co/8OUmU1G0qY #job https://t.co/ktzity4MkU,United States,English,8/5/2017 23:46,8/5/2017 23:46,2959,687,452,,Right,0,RightTroll,0,890448373765025792,893981525515096064,http://twitter.com/890448373765025792/statuses/893981525515096064,https://twitter.com/johaajots/status/893981525515096064/photo/1,http://ift.tt/2wikj16,
890000000000000000,JOHAAJOTS,#jobb Dir. of National Intelligence Just Dropped a BADASS NUKE on WH LEAKERS https://t.co/MTt1OcOlaP #job https://t.co/47iclDg7Yz,United States,English,8/5/2017 23:46,8/5/2017 23:46,2959,687,454,,Right,0,RightTroll,0,890448373765025792,893981540606193664,http://twitter.com/890448373765025792/statuses/893981540606193664,https://twitter.com/johaajots/status/893981540606193664/photo/1,http://ift.tt/2wiyD9K,
890000000000000000,JOHAAJOTS,#jobb Another Michael Moore MELTDOWN! Wishes Trump a “Miserable Life” https://t.co/KuNN1IfVt5 #job https://t.co/HkMShnzuKW,United States,English,8/5/2017 23:46,8/5/2017 23:46,2959,687,453,,Right,0,RightTroll,0,890448373765025792,893981533966655488,http://twitter.com/890448373765025792/statuses/893981533966655488,https://twitter.com/johaajots/status/893981533966655488/photo/1,http://ift.tt/2v7Ver0,
890000000000000000,JOHAAJOTS,#jobb Obama Ordered the FBI to do Something UNSPEAKABLE on Election Day https://t.co/ViM24puDeb #job https://t.co/Yd5e02jWAw,United States,English,8/5/2017 23:51,8/5/2017 23:51,2959,687,457,,Right,0,RightTroll,0,890448373765025792,893982752802041856,http://twitter.com/890448373765025792/statuses/893982752802041856,https://twitter.com/johaajots/status/893982752802041856/photo/1,http://ift.tt/2vD89mp,
890000000000000000,JOHAAJOTS,#jobb Cartoon Perfectly Sums Up Dem’s New Slogan https://t.co/q0ndQVRkPb #job https://t.co/PDKqgexEbD,United States,English,8/5/2017 23:51,8/5/2017 23:51,2959,687,459,,Right,0,RightTroll,0,890448373765025792,893982768107065344,http://twitter.com/890448373765025792/statuses/893982768107065344,https://twitter.com/johaajots/status/893982768107065344/photo/1,http://ift.tt/2vCQlrv,
890000000000000000,JOHAAJOTS,#jobb Eric Bolling Suspended from Fox News Amid Misconduct Allegations https://t.co/uwPcfBFigE #job https://t.co/w5EA2WV4eE,United States,English,8/5/2017 23:51,8/5/2017 23:51,2959,687,458,,Right,0,RightTroll,0,890448373765025792,893982759462547456,http://twitter.com/890448373765025792/statuses/893982759462547456,https://twitter.com/johaajots/status/893982759462547456/photo/1,http://ift.tt/2wvHKTO,
890000000000000000,JOHAAJOTS,#jobb Soros Backed Group Trying to Take Down Hannity https://t.co/eVoZDKOI4j #job https://t.co/ugkotZE3s7,United States,English,8/5/2017 23:51,8/5/2017 23:51,2959,687,456,,Right,0,RightTroll,0,890448373765025792,893982744077840384,http://twitter.com/890448373765025792/statuses/893982744077840384,https://twitter.com/johaajots/status/893982744077840384/photo/1,http://ift.tt/2wvZrTr,
890000000000000000,JOHAAJOTS,#jobb It’s Time to Stop Calling CNN’s Ana Navarro a “Republican”  https://t.co/dHQvKtGR5C #job https://t.co/81HhOY08w0,United States,English,8/5/2017 23:56,8/5/2017 23:56,2959,687,461,,Right,0,RightTroll,0,890448373765025792,893984120996593664,http://twitter.com/890448373765025792/statuses/893984120996593664,https://twitter.com/johaajots/status/893984120996593664/photo/1,http://ift.tt/2fiETu6,
890000000000000000,JOHAAJOTS,#jobb LOL : Traitor McCain Declares 2020 Losses Will Be Trump’s Fault  https://t.co/O7DoYPwinp #job https://t.co/kUMtwHGNRp,United States,English,8/5/2017 23:56,8/5/2017 23:56,2959,687,463,,Right,0,RightTroll,0,890448373765025792,893984136947478528,http://twitter.com/890448373765025792/statuses/893984136947478528,https://twitter.com/johaajots/status/893984136947478528/photo/1,http://ift.tt/2fj5Yx9,
890000000000000000,JOHAAJOTS,#jobb Bill Kristol Set to Lead Efforts to Sabotage Trump from the Right https://t.co/P8PCta2Vjq #job https://t.co/7QqP5EK2Mq,United States,English,8/5/2017 23:56,8/5/2017 23:56,2959,687,460,,Right,0,RightTroll,0,890448373765025792,893984111924301824,http://twitter.com/890448373765025792/statuses/893984111924301824,https://twitter.com/johaajots/status/893984111924301824/photo/1,http://ift.tt/2hyIqVM,
890000000000000000,JOHAAJOTS,#jobb Hillary Rehiring Campaign Aides https://t.co/Nbxnhk7kRV #job https://t.co/KkO7U6ErV1,United States,English,8/5/2017 23:56,8/5/2017 23:56,2959,687,462,,Right,0,RightTroll,0,890448373765025792,893984129456508928,http://twitter.com/890448373765025792/statuses/893984129456508928,https://twitter.com/johaajots/status/893984129456508928/photo/1,http://ift.tt/2hxY0RB,
890000000000000000,JOHAAJOTS,"#jobb Rolling Stone Mag Attacks Trump in Tweet, INSTANTLY Regrets It https://t.co/hv68Yt7TFe #job https://t.co/lgnnAHC0Wz",United States,English,8/6/2017 0:11,8/6/2017 0:11,2959,687,466,,Right,0,RightTroll,0,890448373765025792,893987809316532225,http://twitter.com/890448373765025792/statuses/893987809316532225,https://twitter.com/johaajots/status/893987809316532225/photo/1,http://ift.tt/2ucdmgv,
890000000000000000,JOHAAJOTS,#jobb SERIOUSLY? Liberal School Bans the American Flag From Their Dress Code https://t.co/NoyAXmuYHe #job https://t.co/plcZsNQnuz,United States,English,8/6/2017 0:11,8/6/2017 0:11,2959,687,464,,Right,0,RightTroll,0,890448373765025792,893987792946155520,http://twitter.com/890448373765025792/statuses/893987792946155520,https://twitter.com/johaajots/status/893987792946155520/photo/1,http://ift.tt/2ucJf8w,
890000000000000000,JOHAAJOTS,"#jobb Well, Well, Well, Look What Hillary Clinton Forgot to Mention… https://t.co/KPMDi6nzj5 #job https://t.co/nRXFXugTaQ",United States,English,8/6/2017 0:11,8/6/2017 0:11,2959,687,465,,Right,0,RightTroll,0,890448373765025792,893987800474943488,http://twitter.com/890448373765025792/statuses/893987800474943488,https://twitter.com/johaajots/status/893987800474943488/photo/1,http://ift.tt/2vBcBRz,
890000000000000000,JOHAAJOTS,#jobb BREAKING! Eric Bolling’s Accuser REVEALED! https://t.co/uezWJGlBHn #job https://t.co/2bqeyHgIkQ,United States,English,8/6/2017 0:41,8/6/2017 0:41,2959,688,467,,Right,0,RightTroll,0,890448373765025792,893995393423470592,http://twitter.com/890448373765025792/statuses/893995393423470592,https://twitter.com/johaajots/status/893995393423470592/photo/1,http://ift.tt/2ucrPcc,
890000000000000000,JOHAAJOTS,#jobb BREAKING : Another Eric Bolling Accuser Just Came Out https://t.co/ymMSYWPwgz #job https://t.co/Nk7eF3HVSq,United States,English,8/6/2017 1:31,8/6/2017 1:31,2960,689,468,,Right,0,RightTroll,0,890448373765025792,894007923411746817,http://twitter.com/890448373765025792/statuses/894007923411746817,https://twitter.com/johaajots/status/894007923411746817/photo/1,http://ift.tt/2v86EuY,
890000000000000000,JOHAAJOTS,#jobb Mainstream Media Pretending Sleazy Clinton / Lynch Tarmac Meeting Never Happened https://t.co/PJGS7J3x59 #job https://t.co/fFObwIQLUp,United States,English,8/6/2017 23:11,8/6/2017 23:11,2958,704,482,,Right,0,RightTroll,0,890448373765025792,894335180307140608,http://twitter.com/890448373765025792/statuses/894335180307140608,https://twitter.com/johaajots/status/894335180307140608/photo/1,http://ift.tt/2fkH14C,
890000000000000000,JOHAAJOTS,#jobb EXPOSED : Obama Wasted Taxpayer Dollars on Climate “Pet Project” in Final Days https://t.co/VuQYW4qbdH #job https://t.co/PYbkbDtA2O,United States,English,8/6/2017 23:11,8/6/2017 23:11,2958,704,481,,Right,0,RightTroll,0,890448373765025792,894335173378093056,http://twitter.com/890448373765025792/statuses/894335173378093056,https://twitter.com/johaajots/status/894335173378093056/photo/1,http://ift.tt/2hzHQXU,
890000000000000000,JOHAAJOTS,#jobb California’s Commie Governor is Taking Drastic Action Against Trump https://t.co/1k2p6PapWw #job https://t.co/VQnBm6DvHJ,United States,English,8/6/2017 23:11,8/6/2017 23:11,2958,704,483,,Right,0,RightTroll,0,890448373765025792,894335186883813376,http://twitter.com/890448373765025792/statuses/894335186883813376,https://twitter.com/johaajots/status/894335186883813376/photo/1,http://ift.tt/2hAqj1P,
890000000000000000,JOHAAJOTS,#jobb Look What We Found Out About Eric Bolling’s Accuser https://t.co/IVxOM7hqiC #job https://t.co/c6QvYBsbyx,United States,English,8/6/2017 23:16,8/6/2017 23:16,2958,704,485,,Right,0,RightTroll,0,890448373765025792,894336342733279232,http://twitter.com/890448373765025792/statuses/894336342733279232,https://twitter.com/johaajots/status/894336342733279232/photo/1,http://ift.tt/2hAzhMr,
890000000000000000,JOHAAJOTS,#jobb New Poll Is Horrible News for GOP Traitor Jeff Flake https://t.co/iQea1HNiJV #job https://t.co/y7Bdkf2vI2,United States,English,8/6/2017 23:16,8/6/2017 23:16,2958,704,484,,Right,0,RightTroll,0,890448373765025792,894336333866512384,http://twitter.com/890448373765025792/statuses/894336333866512384,https://twitter.com/johaajots/status/894336333866512384/photo/1,http://ift.tt/2hAzcs7,
890000000000000000,JOHAAJOTS,#jobb Loretta Lynch CAUGHT RED HANDED Using a FAKE Identity. She LIED Under Oath! https://t.co/HsrmS4YtGS #job https://t.co/ok41X3em9u,United States,English,8/6/2017 23:31,8/6/2017 23:31,2958,705,487,,Right,0,RightTroll,0,890448373765025792,894340188238991361,http://twitter.com/890448373765025792/statuses/894340188238991361,https://twitter.com/johaajots/status/894340188238991361/photo/1,http://ift.tt/2ugHf3i,
890000000000000000,JOHAAJOTS,#jobb BREAKING : Mad Maxine Waters Reveals Her 2020 Career Goal https://t.co/Xb1YeMP6oE #job https://t.co/9Ud8unkUMP,United States,English,8/6/2017 23:31,8/6/2017 23:31,2958,705,488,,Right,0,RightTroll,0,890448373765025792,894340197097361409,http://twitter.com/890448373765025792/statuses/894340197097361409,https://twitter.com/johaajots/status/894340197097361409/photo/1,http://ift.tt/2uxHH8z,
890000000000000000,JOHAAJOTS,#jobb Jeff Flake Gets Destroyed By His GOP Primary Opponent in New Op-Ed https://t.co/QLOeLSwpOD #job https://t.co/byG1jJGRL0,United States,English,8/6/2017 23:31,8/6/2017 23:31,2958,705,486,,Right,0,RightTroll,0,890448373765025792,894340179686719492,http://twitter.com/890448373765025792/statuses/894340179686719492,https://twitter.com/johaajots/status/894340179686719492/photo/1,http://ift.tt/2uxF6eU,
890000000000000000,JOHAAJOTS,#jobb Former Mayor Exposes GOP’s Plan to IMPEACH Trump https://t.co/H6BYtESDJm #job https://t.co/QtU9Us5OJh,United States,English,8/6/2017 23:36,8/6/2017 23:36,2958,705,489,,Right,0,RightTroll,0,890448373765025792,894341349432053760,http://twitter.com/890448373765025792/statuses/894341349432053760,https://twitter.com/johaajots/status/894341349432053760/photo/1,http://ift.tt/2uxDzW9,
890000000000000000,JOHAAJOTS,"#jobb LOL : Patton Oswalt Tries to Attack Trump, Gets Destroyed By PERFECT Comeback https://t.co/m0ZeCNTyRo #job https://t.co/KLIBhhiDrT",United States,English,8/6/2017 23:36,8/6/2017 23:36,2958,705,490,,Right,0,RightTroll,0,890448373765025792,894341357724106756,http://twitter.com/890448373765025792/statuses/894341357724106756,https://twitter.com/johaajots/status/894341357724106756/photo/1,http://ift.tt/2ugEAqd,
890000000000000000,JOHAAJOTS,#jobb HERE IT IS! Video Emerges of Eric Bolling’s “Sexual Harassment” Incident https://t.co/yfyRSegxqL #job https://t.co/k5z1fMYxjA,United States,English,8/6/2017 23:41,8/6/2017 23:41,2958,706,493,,Right,0,RightTroll,0,890448373765025792,894342670964969473,http://twitter.com/890448373765025792/statuses/894342670964969473,https://twitter.com/johaajots/status/894342670964969473/photo/1,http://ift.tt/2wxGzmL,
890000000000000000,JOHAAJOTS,#jobb Trump NUKES Libtards Attacking Him For Allegedly Vacationing https://t.co/CTdNuwpIuG #job https://t.co/PRLvAB1guF,United States,English,8/6/2017 23:41,8/6/2017 23:41,2958,706,491,,Right,0,RightTroll,0,890448373765025792,894342655366377472,http://twitter.com/890448373765025792/statuses/894342655366377472,https://twitter.com/johaajots/status/894342655366377472/photo/1,http://ift.tt/2wy2uKF,
890000000000000000,JOHAAJOTS,#jobb VIDEO : Judge Jeanine’s EPIC RANT on the Clinton/Lynch Tarmac Meeting https://t.co/kq5uDjiRkg #job https://t.co/dI52qX2W3r,United States,English,8/6/2017 23:41,8/6/2017 23:41,2958,706,492,,Right,0,RightTroll,0,890448373765025792,894342663322914816,http://twitter.com/890448373765025792/statuses/894342663322914816,https://twitter.com/johaajots/status/894342663322914816/photo/1,http://ift.tt/2vF8chC,
890000000000000000,JOHAAJOTS,#jobb LOL : Howard Dean Admits THIS Hilarious Truth About Fellow Dems https://t.co/fFHPV5waFE #job https://t.co/zItZkKyJoC,United States,English,8/6/2017 23:41,8/6/2017 23:41,2958,706,494,,Right,0,RightTroll,0,890448373765025792,894342677822681090,http://twitter.com/890448373765025792/statuses/894342677822681090,https://twitter.com/johaajots/status/894342677822681090/photo/1,http://ift.tt/2vF8cy8,
890000000000000000,JOHAAJOTS,#jobb Fauxcahontas Confirms Her Plans for 2020 and Not Everyone Will Like Them… https://t.co/aDN65ysiRz #job https://t.co/0LoulNodbC,United States,English,8/6/2017 23:56,8/6/2017 23:56,2958,706,497,,Right,0,RightTroll,0,890448373765025792,894346457137938432,http://twitter.com/890448373765025792/statuses/894346457137938432,https://twitter.com/johaajots/status/894346457137938432/photo/1,http://ift.tt/2ueAGdC,
890000000000000000,JOHAAJOTS,#jobb National Security Leaks are A-OK With Maxine Waters! https://t.co/eUDKv62mzc #job https://t.co/0msUM7GxAP,United States,English,8/6/2017 23:56,8/6/2017 23:56,2958,706,496,,Right,0,RightTroll,0,890448373765025792,894346449995145216,http://twitter.com/890448373765025792/statuses/894346449995145216,https://twitter.com/johaajots/status/894346449995145216/photo/1,http://ift.tt/2vDDkgx,
890000000000000000,JOHAAJOTS,#jobb THIS Part of Trump’s New Immigration Plan Will Make His Supporters VERY HAPPY! https://t.co/VcwRqYAHhN #job https://t.co/FgqdHFsH6b,United States,English,8/6/2017 23:56,8/6/2017 23:56,2958,706,495,,Right,0,RightTroll,0,890448373765025792,894346443921780736,http://twitter.com/890448373765025792/statuses/894346443921780736,https://twitter.com/johaajots/status/894346443921780736/photo/1,http://ift.tt/2ueQ3mm,
890000000000000000,JOHAAJOTS,#jobb Economist Praises Trump for His Contributions to the BOOMING Market https://t.co/yO96Zdm3Y6 #job https://t.co/qefovBOcAu,United States,English,8/6/2017 23:56,8/6/2017 23:56,2958,706,498,,Right,0,RightTroll,0,890448373765025792,894346466256461828,http://twitter.com/890448373765025792/statuses/894346466256461828,https://twitter.com/johaajots/status/894346466256461828/photo/1,http://ift.tt/2vDLANv,
890000000000000000,JOHAAJOTS,#jobb BREAKING : Jeff Sessions Winning Back Favor with Trump https://t.co/m0ReVjCdTO #job https://t.co/YhFxq7ru67,United States,English,8/6/2017 2:31,8/6/2017 2:31,2960,689,470,,Right,0,RightTroll,0,890448373765025792,894023137951657984,http://twitter.com/890448373765025792/statuses/894023137951657984,https://twitter.com/johaajots/status/894023137951657984/photo/1,http://ift.tt/2uuWQaT,
890000000000000000,JOHAAJOTS,#jobb VIDEO : Bongino SLAMS Maxine Waters for Praising the White House Leakers https://t.co/5Ahc0JOC6i #job https://t.co/PP44zo5Tr3,United States,English,8/6/2017 2:31,8/6/2017 2:31,2960,689,471,,Right,0,RightTroll,0,890448373765025792,894023152325545984,http://twitter.com/890448373765025792/statuses/894023152325545984,https://twitter.com/johaajots/status/894023152325545984/photo/1,http://ift.tt/2ueWrxM,
890000000000000000,JOHAAJOTS,#jobb BREAKING : Michelle Fields Denies She is Eric Bolling’s Accuser https://t.co/NMZp2toQ2W #job https://t.co/v1iU57ypjT,United States,English,8/6/2017 2:31,8/6/2017 2:31,2960,689,469,,Right,0,RightTroll,0,890448373765025792,894023124827734016,http://twitter.com/890448373765025792/statuses/894023124827734016,https://twitter.com/johaajots/status/894023124827734016/photo/1,http://ift.tt/2ueBXp9,
890000000000000000,JOHAAJOTS,#jobb LOL : Schwarzenegger Has THE DUMBEST Plan to BEAT Trump https://t.co/GSDjpg7vcw #job https://t.co/4vGYQNfiQi,United States,English,8/6/2017 2:31,8/6/2017 2:31,2960,689,472,,Right,0,RightTroll,0,890448373765025792,894023160949035016,http://twitter.com/890448373765025792/statuses/894023160949035016,https://twitter.com/johaajots/status/894023160949035016/photo/1,http://ift.tt/2uvDlyF,
890000000000000000,JOHAAJOTS,#jobb BREAKING : NYC Mayor Bill De Blasio in Middle of New Corruption Scandal https://t.co/KP5HH535Fa #job https://t.co/yrUVrS169O,United States,English,8/6/2017 8:46,8/6/2017 8:46,2959,693,474,,Right,0,RightTroll,0,890448373765025792,894117397547843584,http://twitter.com/890448373765025792/statuses/894117397547843584,https://twitter.com/johaajots/status/894117397547843584/photo/1,http://ift.tt/2ud83NY,
890000000000000000,JOHAAJOTS,#jobb Eric Bolling’s Accuser Caroline Heldman Just Issued This Statement https://t.co/XmPVZR8IYa #job https://t.co/lk4EYZbddI,United States,English,8/6/2017 8:46,8/6/2017 8:46,2959,693,473,,Right,0,RightTroll,0,890448373765025792,894117390342119424,http://twitter.com/890448373765025792/statuses/894117390342119424,https://twitter.com/johaajots/status/894117390342119424/photo/1,http://ift.tt/2vC5F6I,
890000000000000000,JOHAAJOTS,#jobb Donor Suing GOP Over Failure to Repeal Obamacare https://t.co/SiPHUlk1zX #job https://t.co/LmEGnxi5a0,United States,English,8/6/2017 9:01,8/6/2017 9:01,2959,693,476,,Right,0,RightTroll,0,890448373765025792,894121202331119617,http://twitter.com/890448373765025792/statuses/894121202331119617,https://twitter.com/johaajots/status/894121202331119617/photo/1,http://ift.tt/2hyZJWN,
890000000000000000,JOHAAJOTS,#jobb LOL VIDEO : Look Who Mad Max Wants To IMPEACH NOW! https://t.co/0ZQk6AA6VD #job https://t.co/zj6v7ZgoPS,United States,English,8/6/2017 9:01,8/6/2017 9:01,2959,693,475,,Right,0,RightTroll,0,890448373765025792,894121196492599297,http://twitter.com/890448373765025792/statuses/894121196492599297,https://twitter.com/johaajots/status/894121196492599297/photo/1,http://ift.tt/2fjDovU,
890000000000000000,JOHAAJOTS,#jobb LOL : Wait Until You See How #NeverTrumpers Are Rebranding Themselves  https://t.co/TtXdDV50X4 #job https://t.co/oLzbO6zTFh,United States,English,8/6/2017 9:01,8/6/2017 9:01,2959,693,477,,Right,0,RightTroll,0,890448373765025792,894121208379301888,http://twitter.com/890448373765025792/statuses/894121208379301888,https://twitter.com/johaajots/status/894121208379301888/photo/1,http://ift.tt/2fjjvoy,
890000000000000000,JOHAAJOTS,#jobb Judicial Watch Uncovers Voter Fraud Scheme in California https://t.co/vLN48QRmAH #job https://t.co/mBD8EasRlu,United States,English,8/6/2017 9:01,8/6/2017 9:01,2959,693,479,,Right,0,RightTroll,0,890448373765025792,894121221159350272,http://twitter.com/890448373765025792/statuses/894121221159350272,https://twitter.com/johaajots/status/894121221159350272/photo/1,http://ift.tt/2v8BvHz,
890000000000000000,JOHAAJOTS,#jobb Judge Jeanine Calls Out Crooked Mueller’s “Phishing Expedition” https://t.co/tRMWM6SPdX #job https://t.co/1ILLt387xO,United States,English,8/6/2017 9:01,8/6/2017 9:01,2959,693,478,,Right,0,RightTroll,0,890448373765025792,894121214729433088,http://twitter.com/890448373765025792/statuses/894121214729433088,https://twitter.com/johaajots/status/894121214729433088/photo/1,http://ift.tt/2ud7WlA,
890000000000000000,JOHAAJOTS,#jobb How Obama Weaponized the IRS to Screw Over the American People https://t.co/NgNcmmMRd1 #job https://t.co/AnJkVGjHIb,United States,English,8/6/2017 9:11,8/6/2017 9:11,2959,693,480,,Right,0,RightTroll,0,890448373765025792,894123652685471745,http://twitter.com/890448373765025792/statuses/894123652685471745,https://twitter.com/johaajots/status/894123652685471745/photo/1,http://ift.tt/2wj1z1i,
890000000000000000,JOHAAJOTS,#jobb Sanders is Writing a Commie Manifesto for Teens https://t.co/ETWHXrt9tq #job https://t.co/MVrrkLE0RL,United States,English,8/7/2017 0:11,8/7/2017 0:11,2958,706,500,,Right,0,RightTroll,0,890448373765025792,894350287917506560,http://twitter.com/890448373765025792/statuses/894350287917506560,https://twitter.com/johaajots/status/894350287917506560/photo/1,http://ift.tt/2wxRblx,
890000000000000000,JOHAAJOTS,#jobb Caroline Heldman Accused 2 OTHERS at Fox of Harassment before Bolling https://t.co/Zr1NAi86dS #job https://t.co/Ow0ONHzDMT,United States,English,8/7/2017 0:11,8/7/2017 0:12,2958,706,503,,Right,0,RightTroll,0,890448373765025792,894350327176200192,http://twitter.com/890448373765025792/statuses/894350327176200192,https://twitter.com/johaajots/status/894350327176200192/photo/1,http://ift.tt/2vaIJen,
890000000000000000,JOHAAJOTS,#jobb Scott Baio’s Slam of John Mccain is a Viral Sensation! https://t.co/VtmkHHl3eu #job https://t.co/ZyLLlnBAQo,United States,English,8/7/2017 0:11,8/7/2017 0:11,2958,706,504,,Right,0,RightTroll,0,890448373765025792,894350346037993474,http://twitter.com/890448373765025792/statuses/894350346037993474,https://twitter.com/johaajots/status/894350346037993474/photo/1,http://ift.tt/2wkVtO2,
890000000000000000,JOHAAJOTS,#jobb Butt-Hurt Jeff Flake Attacks Trump For Calling him a “Clown and Loser” https://t.co/MyqZ4kZ4Dq #job https://t.co/4pQgdqA0Sj,United States,English,8/7/2017 0:11,8/7/2017 0:12,2958,706,501,,Right,0,RightTroll,0,890448373765025792,894350298592018432,http://twitter.com/890448373765025792/statuses/894350298592018432,https://twitter.com/johaajots/status/894350298592018432/photo/1,http://ift.tt/2vEOe6F,
890000000000000000,JOHAAJOTS,#jobb “Fact Checking” Org OUTED as a Soros Funded Operation https://t.co/tpYWX7edno #job https://t.co/AEHHpNKAUR,United States,English,8/7/2017 0:11,8/7/2017 0:12,2958,706,505,,Right,0,RightTroll,0,890448373765025792,894350365445042177,http://twitter.com/890448373765025792/statuses/894350365445042177,https://twitter.com/johaajots/status/894350365445042177/photo/1,http://ift.tt/2va3jve,
890000000000000000,JOHAAJOTS,"#jobb Disgraced Anthony Weiner Paying the Price for Crime, Lies, and Corruption https://t.co/JnntwGJkr7 #job https://t.co/1Uuxy3ZscH",United States,English,8/7/2017 0:11,8/7/2017 0:11,2958,706,502,,Right,0,RightTroll,0,890448373765025792,894350316170338304,http://twitter.com/890448373765025792/statuses/894350316170338304,https://twitter.com/johaajots/status/894350316170338304/photo/1,http://ift.tt/2wkrKEN,
890000000000000000,JOHAAJOTS,#jobb These 2 Hilarious Viral Memes Perfectly Troll “PC Culture” https://t.co/un7eel3T6Q #job https://t.co/aINY56Fcqu,United States,English,8/7/2017 0:11,8/7/2017 0:11,2958,706,499,,Right,0,RightTroll,0,890448373765025792,894350275661713409,http://twitter.com/890448373765025792/statuses/894350275661713409,https://twitter.com/johaajots/status/894350275661713409/photo/1,http://ift.tt/2vFgLJc,
890000000000000000,JOHAAJOTS,#jobb Trump Putting an END to Welfare Abuse by Illegals  https://t.co/bX5hw0a0kd #job https://t.co/5PWtPgyi24,United States,English,8/7/2017 0:12,8/7/2017 0:12,2958,706,507,,Right,0,RightTroll,0,890448373765025792,894350393362329605,http://twitter.com/890448373765025792/statuses/894350393362329605,https://twitter.com/johaajots/status/894350393362329605/photo/1,http://ift.tt/2vDMM3B,
890000000000000000,JOHAAJOTS,#jobb Look Which GOP Traitor Wants to Challenge Trump in 2020 https://t.co/v5AAfcL3Qj #job https://t.co/PkuWUqOtU0,United States,English,8/7/2017 0:12,8/7/2017 0:12,2958,706,508,,Right,0,RightTroll,0,890448373765025792,894350411146121216,http://twitter.com/890448373765025792/statuses/894350411146121216,https://twitter.com/johaajots/status/894350411146121216/photo/1,http://ift.tt/2uf4pCZ,
890000000000000000,JOHAAJOTS,#jobb VIRAL VIDEO : What on Earth is Malia Obama Doing? https://t.co/ilBLWZtotM #job https://t.co/um18nV2dps,United States,English,8/7/2017 0:12,8/7/2017 0:12,2958,706,506,,Right,0,RightTroll,0,890448373765025792,894350379013599233,http://twitter.com/890448373765025792/statuses/894350379013599233,https://twitter.com/johaajots/status/894350379013599233/photo/1,http://ift.tt/2ueJErd,
890000000000000000,JOHAAJOTS,#jobb Chelsea Clinton Tweets about “Moms in Prison” – INSTANTLY Backfires! https://t.co/IW9D8CUX6l #job https://t.co/qSpDkuW6bT,United States,English,8/7/2017 0:16,8/7/2017 0:16,2958,706,509,,Right,0,RightTroll,0,890448373765025792,894351429904871425,http://twitter.com/890448373765025792/statuses/894351429904871425,https://twitter.com/johaajots/status/894351429904871425/photo/1,http://ift.tt/2vv9viv,
890000000000000000,JOHAAJOTS,#jobb NEW POLL : Small Business Owners Have Never Been Happier https://t.co/srZERA0UwV #job https://t.co/BLdzGJ8oCD,United States,English,8/7/2017 0:16,8/7/2017 0:16,2958,706,512,,Right,0,RightTroll,0,890448373765025792,894351447881646080,http://twitter.com/890448373765025792/statuses/894351447881646080,https://twitter.com/johaajots/status/894351447881646080/photo/1,http://ift.tt/2vcpoYu,
890000000000000000,JOHAAJOTS,#jobb Liberal Rag Encourages a RIDICULOUS Method to Cope With Trump https://t.co/1HqdsSZvzt #job https://t.co/lIBxanjb1S,United States,English,8/7/2017 0:16,8/7/2017 0:16,2958,706,511,,Right,0,RightTroll,0,890448373765025792,894351442559021058,http://twitter.com/890448373765025792/statuses/894351442559021058,https://twitter.com/johaajots/status/894351442559021058/photo/1,http://ift.tt/2vvGxPC,
890000000000000000,JOHAAJOTS,#jobb Robert Mueller Gets Bad News from the DOJ https://t.co/cTBDuYaVFo #job https://t.co/UfylqDf6UK,United States,English,8/7/2017 0:16,8/7/2017 0:16,2958,706,510,,Right,0,RightTroll,0,890448373765025792,894351435986587648,http://twitter.com/890448373765025792/statuses/894351435986587648,https://twitter.com/johaajots/status/894351435986587648/photo/1,http://ift.tt/2vc9Zrk,
890000000000000000,JOHAAJOTS,#jobb Is this the REAL Reason they are Gunning for Eric Bolling? https://t.co/CXjG9mXHQ6 #job https://t.co/0L1aLPv2Is,United States,English,8/7/2017 0:21,8/7/2017 0:21,2958,706,513,,Right,0,RightTroll,0,890448373765025792,894352700460204032,http://twitter.com/890448373765025792/statuses/894352700460204032,https://twitter.com/johaajots/status/894352700460204032/photo/1,http://ift.tt/2wkJBeQ,
890000000000000000,JOHAAJOTS,#jobb Traitor Jeff Flake Vows to BLOCK Trump’s America First Immigration Plan https://t.co/HuMDagmkSX #job https://t.co/0duMObp9uV,United States,English,8/7/2017 0:21,8/7/2017 0:21,2958,706,516,,Right,0,RightTroll,0,890448373765025792,894352723331739648,http://twitter.com/890448373765025792/statuses/894352723331739648,https://twitter.com/johaajots/status/894352723331739648/photo/1,http://ift.tt/2vaCZRZ,
890000000000000000,JOHAAJOTS,#jobb TRUMP EFFECT : Billions to be Invested in Michigan! https://t.co/VpE5MPNqMt #job https://t.co/aN35aJVj57,United States,English,8/7/2017 0:21,8/7/2017 0:21,2958,706,514,,Right,0,RightTroll,0,890448373765025792,894352709347921921,http://twitter.com/890448373765025792/statuses/894352709347921921,https://twitter.com/johaajots/status/894352709347921921/photo/1,http://ift.tt/2va57V1,
890000000000000000,JOHAAJOTS,#jobb SICKENING! Look Which TRAITOR Republican Governor is HONORING OBAMA! https://t.co/oB7Wcy8S7f #job https://t.co/XGxnXjjz9J,United States,English,8/7/2017 0:21,8/7/2017 0:22,2958,706,515,,Right,0,RightTroll,0,890448373765025792,894352717610721282,http://twitter.com/890448373765025792/statuses/894352717610721282,https://twitter.com/johaajots/status/894352717610721282/photo/1,http://ift.tt/2wl05Uq,
890000000000000000,JOHAAJOTS,#jobb BREAKING : MORE Bad News for Kaepernick! https://t.co/wOb0d8U7Vq #job https://t.co/clyfsG3IJP,United States,English,8/7/2017 0:26,8/7/2017 0:26,2958,706,518,,Right,0,RightTroll,0,890448373765025792,894353994306523136,http://twitter.com/890448373765025792/statuses/894353994306523136,https://twitter.com/johaajots/status/894353994306523136/photo/1,http://ift.tt/2wygGn4,
890000000000000000,JOHAAJOTS,#jobb France is Having Buyers Remorse https://t.co/zxOP3CT5EU #job https://t.co/tJFoUhL9qo,United States,English,8/7/2017 0:26,8/7/2017 0:26,2958,706,519,,Right,0,RightTroll,0,890448373765025792,894353999406780417,http://twitter.com/890448373765025792/statuses/894353999406780417,https://twitter.com/johaajots/status/894353999406780417/photo/1,http://ift.tt/2vF8vZB,
890000000000000000,JOHAAJOTS,#jobb Dershowitz Slams Clueless Mad Max “She Doesn’t Know What She’s Talking About” https://t.co/MyL0JuP4Cs #job https://t.co/dNVP4CUrIf,United States,English,8/7/2017 0:26,8/7/2017 0:26,2958,706,517,,Right,0,RightTroll,0,890448373765025792,894353987826221058,http://twitter.com/890448373765025792/statuses/894353987826221058,https://twitter.com/johaajots/status/894353987826221058/photo/1,http://ift.tt/2vFfhP9,
890000000000000000,JOHAAJOTS,#jobb Caitlyn Jenner’s Recent Apology Will Make you SICK https://t.co/VX2ER0B5hW #job https://t.co/cy7PrdFX7a,United States,English,8/7/2017 11:21,8/7/2017 11:21,2958,715,529,,Right,0,RightTroll,0,890448373765025792,894518823650557952,http://twitter.com/890448373765025792/statuses/894518823650557952,https://twitter.com/johaajots/status/894518823650557952/photo/1,http://ift.tt/2uh4cza,
890000000000000000,JOHAAJOTS,#jobb Jake Tapper Tweets Creepy Message and Freaks Out Twitter https://t.co/lE9j1zTPy5 #job https://t.co/ky0SkVrswe,United States,English,8/7/2017 11:21,8/7/2017 11:21,2958,715,528,,Right,0,RightTroll,0,890448373765025792,894518815773609984,http://twitter.com/890448373765025792/statuses/894518815773609984,https://twitter.com/johaajots/status/894518815773609984/photo/1,http://ift.tt/2uh39zk,
890000000000000000,JOHAAJOTS,#jobb McMaster EXPOSED Working for Soros Backed Think Tank That Pushed Iran Deal https://t.co/9X1aCXSfM2 #job https://t.co/kGDJHNiGkJ,United States,English,8/7/2017 11:26,8/7/2017 11:27,2958,715,534,,Right,0,RightTroll,0,890448373765025792,894520133284220929,http://twitter.com/890448373765025792/statuses/894520133284220929,https://twitter.com/johaajots/status/894520133284220929/photo/1,http://ift.tt/2hAXuT4,
890000000000000000,JOHAAJOTS,#jobb Is Sharia Law Taking Over Michigan? https://t.co/vYbYJVeBwz #job https://t.co/Rvj24aoMHH,United States,English,8/7/2017 11:26,8/7/2017 11:26,2958,715,531,,Right,0,RightTroll,0,890448373765025792,894520106700722178,http://twitter.com/890448373765025792/statuses/894520106700722178,https://twitter.com/johaajots/status/894520106700722178/photo/1,http://ift.tt/2flXAx5,
890000000000000000,JOHAAJOTS,#jobb Katrina Pierson Just Exposed DW Schultz and the DNC as Dishonest Sore Losers! https://t.co/yuAjEdFAz9 #job https://t.co/WF8yzE8and,United States,English,8/7/2017 11:26,8/7/2017 11:26,2958,715,535,,Right,0,RightTroll,0,890448373765025792,894520142805315584,http://twitter.com/890448373765025792/statuses/894520142805315584,https://twitter.com/johaajots/status/894520142805315584/photo/1,http://ift.tt/2fm3A8S,
890000000000000000,JOHAAJOTS,#jobb VIDEO : Diamond and Silk NUKE Fake News Media and Leakers https://t.co/gb4k13Fg5l #job https://t.co/cVVYz6C6Ve,United States,English,8/7/2017 11:26,8/7/2017 11:26,2958,715,530,,Right,0,RightTroll,0,890448373765025792,894520098639273986,http://twitter.com/890448373765025792/statuses/894520098639273986,https://twitter.com/johaajots/status/894520098639273986/photo/1,http://ift.tt/2hBUZQh,
890000000000000000,JOHAAJOTS,#jobb Nikki Haley Just Gave Kim Jong-un His Final Warning https://t.co/qqRA0YVySR #job https://t.co/brLjgnFRUd,United States,English,8/7/2017 11:26,8/7/2017 11:26,2958,715,533,,Right,0,RightTroll,0,890448373765025792,894520122970427392,http://twitter.com/890448373765025792/statuses/894520122970427392,https://twitter.com/johaajots/status/894520122970427392/photo/1,http://ift.tt/2flGbo7,
890000000000000000,JOHAAJOTS,#jobb Mainstream Media Would Choose Civil War Over Covering Trump Accurately https://t.co/3gHbt4hpki #job https://t.co/DVogSipQeN,United States,English,8/7/2017 11:26,8/7/2017 11:26,2958,715,532,,Right,0,RightTroll,0,890448373765025792,894520114988634112,http://twitter.com/890448373765025792/statuses/894520114988634112,https://twitter.com/johaajots/status/894520114988634112/photo/1,http://ift.tt/2hCjaOo,
890000000000000000,JOHAAJOTS,#jobb UPDATE : Lib Professor Who Wanted “TRUMP TO HANG” Will No Longer Teach https://t.co/EJO3MRK4y0 #job https://t.co/tGfrJoaNAj,United States,English,8/7/2017 11:31,8/7/2017 11:31,2958,715,537,,Right,0,RightTroll,0,890448373765025792,894521395434188800,http://twitter.com/890448373765025792/statuses/894521395434188800,https://twitter.com/johaajots/status/894521395434188800/photo/1,http://ift.tt/2vFjRfj,
890000000000000000,JOHAAJOTS,#jobb Why Is Suspended Eric Bolling Guilty Until Proven Innocent? https://t.co/Z3IO7ie177 #job https://t.co/PLdQtupMbR,United States,English,8/7/2017 11:31,8/7/2017 11:31,2958,715,536,,Right,0,RightTroll,0,890448373765025792,894521388832370688,http://twitter.com/890448373765025792/statuses/894521388832370688,https://twitter.com/johaajots/status/894521388832370688/photo/1,http://ift.tt/2ugJrni,
890000000000000000,JOHAAJOTS,#jobb OUTRAGE : You won’t believe how THIS Maryland Suburb is Catering to Illegals https://t.co/sojxFCtRlX #job https://t.co/qNobUR9C2l,United States,English,8/7/2017 11:41,8/7/2017 11:41,2958,716,538,,Right,0,RightTroll,0,890448373765025792,894523953615708161,http://twitter.com/890448373765025792/statuses/894523953615708161,https://twitter.com/johaajots/status/894523953615708161/photo/1,http://ift.tt/2uyKuyx,
890000000000000000,JOHAAJOTS,#jobb Mad Max Shares her Harebrained Leaker Theory https://t.co/Uson0bVc9p #job https://t.co/kEaa6bFO1L,United States,English,8/7/2017 11:46,8/7/2017 11:46,2958,716,539,,Right,0,RightTroll,0,890448373765025792,894525060505096194,http://twitter.com/890448373765025792/statuses/894525060505096194,https://twitter.com/johaajots/status/894525060505096194/photo/1,http://ift.tt/2hBDYFR,
890000000000000000,JOHAAJOTS,#jobb Fake News Media Completely Ignores Trump’s BOOMING Economy https://t.co/rGPD3l9Ydi #job https://t.co/h5Luz4cQHM,United States,English,8/7/2017 11:51,8/7/2017 11:51,2958,716,540,,Right,0,RightTroll,0,890448373765025792,894526385766772737,http://twitter.com/890448373765025792/statuses/894526385766772737,https://twitter.com/johaajots/status/894526385766772737/photo/1,http://ift.tt/2hCfOLF,
890000000000000000,JOHAAJOTS,#jobb Lunatic Slob Michael Moore THREATENS Trump’s FAMILY! https://t.co/x6Qp46bxX8 #job https://t.co/6DgCgDxhyY,United States,English,8/7/2017 12:16,8/7/2017 12:16,2958,717,542,,Right,0,RightTroll,0,890448373765025792,894532751201894400,http://twitter.com/890448373765025792/statuses/894532751201894400,https://twitter.com/johaajots/status/894532751201894400/photo/1,http://ift.tt/2ugZBx7,
890000000000000000,JOHAAJOTS,#jobb The White House Just WARNED GOP Traitors Eyeing a 2020 Run Against Trump https://t.co/aQfwXyIZst #job https://t.co/gcNOZmNDgr,United States,English,8/7/2017 12:16,8/7/2017 12:18,2958,717,541,,Right,0,RightTroll,0,890448373765025792,894532736882536448,http://twitter.com/890448373765025792/statuses/894532736882536448,https://twitter.com/johaajots/status/894532736882536448/photo/1,http://ift.tt/2vFgs0i,
890000000000000000,JOHAAJOTS,#jobb Alarming VOTER FRAUD Trend Emerging in California https://t.co/jvX1ZLE2Xe #job https://t.co/yBIpQcyFOo,United States,English,8/7/2017 12:21,8/7/2017 12:21,2958,717,544,,Right,0,RightTroll,0,890448373765025792,894533926529748992,http://twitter.com/890448373765025792/statuses/894533926529748992,https://twitter.com/johaajots/status/894533926529748992/photo/1,http://ift.tt/2vejN3W,
890000000000000000,JOHAAJOTS,#jobb WOW! Father’s FIGHT to Reprint Yearbook That Censored Trump Shirts https://t.co/3e3B6qsnb1 #job https://t.co/UbITJwX5YA,United States,English,8/7/2017 12:21,8/7/2017 12:21,2958,717,543,,Right,0,RightTroll,0,890448373765025792,894533918405398528,http://twitter.com/890448373765025792/statuses/894533918405398528,https://twitter.com/johaajots/status/894533918405398528/photo/1,http://ift.tt/2vx752Z,
890000000000000000,JOHAAJOTS,#jobb CNN’s Zakaria Just Said Something That Will Have Liberal Heads EXPLODING https://t.co/qEgFLg3jIX #job https://t.co/2Z0sQ1gAzm,United States,English,8/7/2017 13:41,8/7/2017 13:41,2958,719,545,,Right,0,RightTroll,0,890448373765025792,894554072828850177,http://twitter.com/890448373765025792/statuses/894554072828850177,https://twitter.com/johaajots/status/894554072828850177/photo/1,http://ift.tt/2vxcw21,
890000000000000000,JOHAAJOTS,#jobb Pigs are FLYING! CNN Just took President Trump’s Side… https://t.co/Jx0pJup692 #job https://t.co/rfj9Dg7JgZ,United States,English,8/7/2017 16:46,8/7/2017 16:46,2958,723,551,,Right,0,RightTroll,0,890448373765025792,894600681797103616,http://twitter.com/890448373765025792/statuses/894600681797103616,https://twitter.com/johaajots/status/894600681797103616/photo/1,http://ift.tt/2hDgTCX,
890000000000000000,JOHAAJOTS,#jobb McConnell Reveals his Reaction When Traitor McCain Killed Obamacare Repeal https://t.co/pZa4EkS9MH #job https://t.co/RN9h49V3CG,United States,English,8/7/2017 16:46,8/7/2017 16:46,2958,723,546,,Right,0,RightTroll,0,890448373765025792,894600629037002752,http://twitter.com/890448373765025792/statuses/894600629037002752,https://twitter.com/johaajots/status/894600629037002752/photo/1,http://ift.tt/2vxgQ0R,
890000000000000000,JOHAAJOTS,#jobb President Trump Just SLAMMED This Senator as a “Phony Vietnam Con Artist” https://t.co/ZY0uoQw6Q7 #job https://t.co/BxAK0t1Xi1,United States,English,8/7/2017 16:46,8/7/2017 16:46,2958,723,548,,Right,0,RightTroll,0,890448373765025792,894600649182240768,http://twitter.com/890448373765025792/statuses/894600649182240768,https://twitter.com/johaajots/status/894600649182240768/photo/1,http://ift.tt/2uzCVYs,
890000000000000000,JOHAAJOTS,#jobb LOL : Feinstein Insists We Allow in MORE ILLEGALS https://t.co/fbIRsNHXPo #job https://t.co/K7WlTkWCW4,United States,English,8/7/2017 16:46,8/7/2017 16:46,2958,723,553,,Right,0,RightTroll,0,890448373765025792,894600700717617154,http://twitter.com/890448373765025792/statuses/894600700717617154,https://twitter.com/johaajots/status/894600700717617154/photo/1,http://ift.tt/2hDh6pJ,
890000000000000000,JOHAAJOTS,#jobb GAME ON : Trump Declares WAR Against Robert Mueller https://t.co/iRGG9ti9RS #job https://t.co/aD1IqqGWQf,United States,English,8/7/2017 16:46,8/7/2017 16:46,2958,723,547,,Right,0,RightTroll,0,890448373765025792,894600637970862080,http://twitter.com/890448373765025792/statuses/894600637970862080,https://twitter.com/johaajots/status/894600637970862080/photo/1,http://ift.tt/2ujb03r,
890000000000000000,JOHAAJOTS,#jobb Libtard Chelsea Handler Wants “Racists” to Face the ULTIMATE Punishment https://t.co/g5WTs5JfRd #job https://t.co/LMiBKqUSuh,United States,English,8/7/2017 16:46,8/7/2017 16:46,2958,723,549,,Right,0,RightTroll,0,890448373765025792,894600657885433859,http://twitter.com/890448373765025792/statuses/894600657885433859,https://twitter.com/johaajots/status/894600657885433859/photo/1,http://ift.tt/2fmDbYU,
890000000000000000,JOHAAJOTS,#jobb Look What This Dem Senator is Threatening to do if Trump Fires Mueller https://t.co/1nEQl3oms4 #job https://t.co/R2q7BDUtWF,United States,English,8/7/2017 16:46,8/7/2017 16:46,2958,723,550,,Right,0,RightTroll,0,890448373765025792,894600671533699072,http://twitter.com/890448373765025792/statuses/894600671533699072,https://twitter.com/johaajots/status/894600671533699072/photo/1,http://ift.tt/2hDgMav,
890000000000000000,JOHAAJOTS,#jobb BREAKING : North Korea Threatens America with THIS after Sanctions https://t.co/3zTsbWYHWy #job https://t.co/gOtB0fkbqx,United States,English,8/7/2017 16:46,8/7/2017 16:46,2958,723,552,,Right,0,RightTroll,0,890448373765025792,894600692794576896,http://twitter.com/890448373765025792/statuses/894600692794576896,https://twitter.com/johaajots/status/894600692794576896/photo/1,http://ift.tt/2fmVnRX,
890000000000000000,JOHAAJOTS,#jobb Pro-Trump Forces SURGE in Alabama Senate Race https://t.co/5oEYOKP1yn #job https://t.co/Kymaoz7D8g,United States,English,8/7/2017 17:02,8/7/2017 17:02,2958,723,522,,Right,0,RightTroll,0,890448373765025792,894604671838507008,http://twitter.com/890448373765025792/statuses/894604671838507008,https://twitter.com/johaajots/status/894604671838507008/photo/1,http://ift.tt/2fmPkge,
890000000000000000,JOHAAJOTS,#jobb UK Jihad Acid Attacks Reach Epidemic Levels  https://t.co/QuDwrJjJLO #job https://t.co/1XjDKMOVGl,United States,English,8/7/2017 17:02,8/7/2017 17:02,2958,723,523,,Right,0,RightTroll,0,890448373765025792,894604680336113664,http://twitter.com/890448373765025792/statuses/894604680336113664,https://twitter.com/johaajots/status/894604680336113664/photo/1,http://ift.tt/2hDh2pO,
890000000000000000,JOHAAJOTS,#jobb NEW STUDY : Letting Illegals Stay Costs SIX TIME MORE Than Deporting Them https://t.co/Z3xMhFtlQV #job https://t.co/hGlaTvyEbs,United States,English,8/7/2017 17:02,8/7/2017 17:02,2958,723,524,,Right,0,RightTroll,0,890448373765025792,894604689202978817,http://twitter.com/890448373765025792/statuses/894604689202978817,https://twitter.com/johaajots/status/894604689202978817/photo/1,http://ift.tt/2fmFB9O,
890000000000000000,JOHAAJOTS,#jobb Watch Farage Blow the Lid Off of GOP Establishment’s Sabotage https://t.co/M9rDaeM54p #job https://t.co/VPhLEjxQyC,United States,English,8/7/2017 2:31,8/7/2017 2:31,2959,712,521,,Right,0,RightTroll,0,890448373765025792,894385404199276544,http://twitter.com/890448373765025792/statuses/894385404199276544,https://twitter.com/johaajots/status/894385404199276544/photo/1,http://ift.tt/2uhlekR,
890000000000000000,JOHAAJOTS,#jobb VIDEO : Mad Max Thinks Mueller is the Democrat Savior https://t.co/I9d9lUJOt6 #job https://t.co/2VqTHfDKzL,United States,English,8/7/2017 2:31,8/7/2017 2:31,2959,712,522,,Right,0,RightTroll,0,890448373765025792,894385411027501056,http://twitter.com/890448373765025792/statuses/894385411027501056,https://twitter.com/johaajots/status/894385411027501056/photo/1,http://ift.tt/2uxK4ID,
890000000000000000,JOHAAJOTS,#jobb CREEPY! Scientists Shut Down AI Bots After They Create Their Own Language https://t.co/ysxnbnLbKv #job https://t.co/MxEO6ZFI72,United States,English,8/7/2017 2:31,8/7/2017 2:31,2959,712,523,,Right,0,RightTroll,0,890448373765025792,894385419546238977,http://twitter.com/890448373765025792/statuses/894385419546238977,https://twitter.com/johaajots/status/894385419546238977/photo/1,http://ift.tt/2uh93EO,
890000000000000000,JOHAAJOTS,#jobb Google Employee GOES OFF Against Forced “Diversity” and it’s VIRAL https://t.co/mJZ1Wnm6qn #job https://t.co/yxGTshUoU2,United States,English,8/7/2017 2:31,8/7/2017 2:31,2959,712,520,,Right,0,RightTroll,0,890448373765025792,894385395005362182,http://twitter.com/890448373765025792/statuses/894385395005362182,https://twitter.com/johaajots/status/894385395005362182/photo/1,http://ift.tt/2uxpecv,
890000000000000000,JOHAAJOTS,#jobb Bill Maher Tries to Pit Evangelicals Against Trump By Comparing Him to Satan https://t.co/xzoCoE21ay #job https://t.co/3NMeA8LidS,United States,English,8/7/2017 2:36,8/7/2017 2:36,2959,713,525,,Right,0,RightTroll,0,890448373765025792,894386732132700161,http://twitter.com/890448373765025792/statuses/894386732132700161,https://twitter.com/johaajots/status/894386732132700161/photo/1,http://ift.tt/2fl2qdT,
890000000000000000,JOHAAJOTS,#jobb WOW! Kayleigh McEnany LEAVES CNN and Joins Team Trump! https://t.co/VdXnB2JhqL #job https://t.co/N43gAsVStw,United States,English,8/7/2017 2:36,8/7/2017 2:36,2959,713,524,,Right,0,RightTroll,0,890448373765025792,894386722951368704,http://twitter.com/890448373765025792/statuses/894386722951368704,https://twitter.com/johaajots/status/894386722951368704/photo/1,http://ift.tt/2hANOaZ,
890000000000000000,JOHAAJOTS,#jobb Trump’s New Immigration Crackdown Leads to Higher Construction Wages https://t.co/BtanhBe4AG #job https://t.co/IRMOCtXRRT,United States,English,8/7/2017 7:46,8/7/2017 7:48,2959,716,527,,Right,0,RightTroll,0,890448373765025792,894464694391640064,http://twitter.com/890448373765025792/statuses/894464694391640064,https://twitter.com/johaajots/status/894464694391640064/photo/1,http://ift.tt/2vEHJQg,
890000000000000000,JOHAAJOTS,#jobb VIDEO : Trump Just Crashed Another Wedding and it’s AWESOME! https://t.co/0FHenOqFVk #job https://t.co/jYpSPvupot,United States,English,8/7/2017 7:46,8/7/2017 7:46,2959,716,526,,Right,0,RightTroll,0,890448373765025792,894464686078517248,http://twitter.com/890448373765025792/statuses/894464686078517248,https://twitter.com/johaajots/status/894464686078517248/photo/1,http://ift.tt/2ug0Mgc,
890000000000000000,JOHAAJOTS,#jobb BREAKING : Death Penalty for Woman Who KILLED 10 Year Old Cousin https://t.co/o0zqFQ76XY #job https://t.co/NcuBACreLa,United States,English,8/8/2017 10:26,8/8/2017 10:26,2957,734,582,,Right,0,RightTroll,0,890448373765025792,894867356895375360,http://twitter.com/890448373765025792/statuses/894867356895375360,https://twitter.com/johaajots/status/894867356895375360/photo/1,http://ift.tt/2ukJX3G,
890000000000000000,JOHAAJOTS,#jobb Impeachment Obsessed Mad Max Promises Pence “We’ll Get Him Next” https://t.co/7dtTp6gflK #job https://t.co/J9HnvWHxJ0,United States,English,8/8/2017 14:23,8/8/2017 14:24,2957,733,585,,Right,0,RightTroll,0,890448373765025792,894927067942408194,http://twitter.com/890448373765025792/statuses/894927067942408194,https://twitter.com/johaajots/status/894927067942408194/photo/1,http://ift.tt/2ul9z0F,
890000000000000000,JOHAAJOTS,#jobb Famous Anti-Trump Singer Accused of Giving 2 Women and 1 Man Herpes https://t.co/h1KEis0J3g #job https://t.co/BY8I1hwwBH,United States,English,8/8/2017 14:23,8/8/2017 14:23,2957,733,584,,Right,0,RightTroll,0,890448373765025792,894927057242685440,http://twitter.com/890448373765025792/statuses/894927057242685440,https://twitter.com/johaajots/status/894927057242685440/photo/1,http://ift.tt/2vJnnpc,
890000000000000000,JOHAAJOTS,#jobb Flake Commits Political Suicide With This Latest Stunt https://t.co/aPgDTQeYuL #job https://t.co/JvQi8deEpx,United States,English,8/8/2017 14:23,8/8/2017 14:23,2957,733,583,,Right,0,RightTroll,0,890448373765025792,894927042273325056,http://twitter.com/890448373765025792/statuses/894927042273325056,https://twitter.com/johaajots/status/894927042273325056/photo/1,http://ift.tt/2ulUFHk,
890000000000000000,JOHAAJOTS,#jobb Ben Carson Ending THIS Illegal Obama HUD SCAM https://t.co/Q9W5ehVzIz #job https://t.co/0FZZsWCXmj,United States,English,8/8/2017 14:26,8/8/2017 14:28,2957,733,587,,Right,0,RightTroll,0,890448373765025792,894927778658881537,http://twitter.com/890448373765025792/statuses/894927778658881537,https://twitter.com/johaajots/status/894927778658881537/photo/1,http://ift.tt/2vixHSF,
890000000000000000,JOHAAJOTS,#jobb Little Marco has a “Big Difference of Opinion” on Trump’s Immigration Bill https://t.co/X4S2wtyEtp #job https://t.co/m4V0x1BSLe,United States,English,8/8/2017 14:26,8/8/2017 14:26,2957,733,588,,Right,0,RightTroll,0,890448373765025792,894927784455413760,http://twitter.com/890448373765025792/statuses/894927784455413760,https://twitter.com/johaajots/status/894927784455413760/photo/1,http://ift.tt/2vAR7oz,
890000000000000000,JOHAAJOTS,#jobb Trudeau is Forced to Rethink His OPEN BORDERS Policy https://t.co/Enypk06gA8 #job https://t.co/InChGjtrkt,United States,English,8/8/2017 14:26,8/8/2017 14:29,2957,733,589,,Right,0,RightTroll,0,890448373765025792,894927792726474755,http://twitter.com/890448373765025792/statuses/894927792726474755,https://twitter.com/johaajots/status/894927792726474755/photo/1,http://ift.tt/2viXUAK,
890000000000000000,JOHAAJOTS,#jobb Police Boycott Dunkin’ Donuts for Anti-Cop Sentiment https://t.co/UWfTgL1Yn2 #job https://t.co/uyySLyuaL8,United States,English,8/8/2017 14:26,8/8/2017 14:28,2957,733,586,,Right,0,RightTroll,0,890448373765025792,894927772874833921,http://twitter.com/890448373765025792/statuses/894927772874833921,https://twitter.com/johaajots/status/894927772874833921/photo/1,http://ift.tt/2vAXPuw,
890000000000000000,JOHAAJOTS,#jobb LOL : Mad Max Reveals THE EXACT MONTH Trump Will be Impeached https://t.co/mOWWhw72qc #job https://t.co/bPGSnA3wQV,United States,English,8/8/2017 14:31,8/8/2017 14:31,2957,733,591,,Right,0,RightTroll,0,890448373765025792,894929028926373888,http://twitter.com/890448373765025792/statuses/894929028926373888,https://twitter.com/johaajots/status/894929028926373888/photo/1,http://ift.tt/2wpPqrv,
890000000000000000,JOHAAJOTS,#jobb Trump Supporters React to LIAR Blumenthal’s STOLEN VALOR https://t.co/FiwXUVurNX #job https://t.co/z1cNs0kdxF,United States,English,8/8/2017 14:31,8/8/2017 14:31,2957,733,592,,Right,0,RightTroll,0,890448373765025792,894929038929788933,http://twitter.com/890448373765025792/statuses/894929038929788933,https://twitter.com/johaajots/status/894929038929788933/photo/1,http://ift.tt/2vfMlM9,
890000000000000000,JOHAAJOTS,#jobb Trump TRIGGERS Climate Change Freaks With THIS Policy Change https://t.co/ZTATaHZ13e #job https://t.co/v55UZl4hh0,United States,English,8/8/2017 14:31,8/8/2017 14:31,2957,733,590,,Right,0,RightTroll,0,890448373765025792,894929021288542208,http://twitter.com/890448373765025792/statuses/894929021288542208,https://twitter.com/johaajots/status/894929021288542208/photo/1,http://ift.tt/2vfSzvH,
890000000000000000,JOHAAJOTS,#jobb Pat Robertson Just BLEW THE LID OFF of the Eric Bolling Controversy https://t.co/zCz666avn1 #job https://t.co/fgnof8WKZL,United States,English,8/8/2017 14:41,8/8/2017 14:42,2957,734,594,,Right,0,RightTroll,0,890448373765025792,894931619739512836,http://twitter.com/890448373765025792/statuses/894931619739512836,https://twitter.com/johaajots/status/894931619739512836/photo/1,http://ift.tt/2vifYe1,
890000000000000000,JOHAAJOTS,#jobb Miami Just Dropped “Sanctuary City Status” For Trump https://t.co/MpZU8GhSnN #job https://t.co/4Lygo3vYvk,United States,English,8/8/2017 14:41,8/8/2017 14:41,2957,734,595,,Right,0,RightTroll,0,890448373765025792,894931627830333441,http://twitter.com/890448373765025792/statuses/894931627830333441,https://twitter.com/johaajots/status/894931627830333441/photo/1,http://ift.tt/2vB1U1V,
890000000000000000,JOHAAJOTS,#jobb Potty Mouth Dem Says He Doesn’t “Give a SH*T” About Re-Election https://t.co/StkVd8L77P #job https://t.co/RtDEL15N6p,United States,English,8/8/2017 14:41,8/8/2017 14:41,2957,734,593,,Right,0,RightTroll,0,890448373765025792,894931611053154309,http://twitter.com/890448373765025792/statuses/894931611053154309,https://twitter.com/johaajots/status/894931611053154309/photo/1,http://ift.tt/2vLHzHM,
890000000000000000,JOHAAJOTS,#jobb LMAO : Wait Until You Hear What Career Hillary Wants Next https://t.co/2sq79XVVeJ #job https://t.co/oDYHXN7Sg5,United States,English,8/8/2017 19:01,8/8/2017 19:02,2957,744,601,,Right,0,RightTroll,0,890448373765025792,894997114266292224,http://twitter.com/890448373765025792/statuses/894997114266292224,https://twitter.com/johaajots/status/894997114266292224/photo/1,http://ift.tt/2wEHuSC,
890000000000000000,JOHAAJOTS,#jobb BOOM! New Survey Reveals the Mainstream Media’s Polling is BS! https://t.co/iZFeoDYd7H #job https://t.co/OG8rzmA1d8,United States,English,8/8/2017 19:01,8/8/2017 19:02,2957,744,600,,Right,0,RightTroll,0,890448373765025792,894997107924496384,http://twitter.com/890448373765025792/statuses/894997107924496384,https://twitter.com/johaajots/status/894997107924496384/photo/1,http://ift.tt/2vBw98W,
890000000000000000,JOHAAJOTS,#jobb Anti-Trump Nevada Senator Dean Heller Just Got VERY BAD NEWS https://t.co/wtlvaIRKcg #job https://t.co/4JVerzwRM5,United States,English,8/8/2017 19:01,8/8/2017 19:02,2957,744,599,,Right,0,RightTroll,0,890448373765025792,894997101071020035,http://twitter.com/890448373765025792/statuses/894997101071020035,https://twitter.com/johaajots/status/894997101071020035/photo/1,http://ift.tt/2vj2Xkl,
890000000000000000,JOHAAJOTS,#jobb Pat Robertson has an Ominous Prediction About Fox News and Eric Bolling https://t.co/GO1sLb79oj #job https://t.co/1YM8tZx1R7,United States,English,8/8/2017 19:01,8/8/2017 19:02,2957,744,603,,Right,0,RightTroll,0,890448373765025792,894997126069047297,http://twitter.com/890448373765025792/statuses/894997126069047297,https://twitter.com/johaajots/status/894997126069047297/photo/1,http://ift.tt/2fqBb1C,
890000000000000000,JOHAAJOTS,#jobb REPORT : Obama DOJ Panicked After Lynch/Clinton Tarmac Meeting https://t.co/cQ3NVf6cPZ #job https://t.co/arZLZ3ZHHh,United States,English,8/8/2017 19:01,8/8/2017 19:01,2957,744,597,,Right,0,RightTroll,0,890448373765025792,894997088366465024,http://twitter.com/890448373765025792/statuses/894997088366465024,https://twitter.com/johaajots/status/894997088366465024/photo/1,http://ift.tt/2vjdKLo,
890000000000000000,JOHAAJOTS,#jobb Food Stamps Under Trump VS Obama – The Results Will SHOCK YOU https://t.co/CMzOqprAcn #job https://t.co/fnL34pukiL,United States,English,8/8/2017 19:01,8/8/2017 19:03,2957,744,602,,Right,0,RightTroll,0,890448373765025792,894997120775794688,http://twitter.com/890448373765025792/statuses/894997120775794688,https://twitter.com/johaajots/status/894997120775794688/photo/1,http://ift.tt/2hHPa3O,
890000000000000000,JOHAAJOTS,#jobb BOMBSHELL : New York Times SOLICITING “Leaks” From Anti-Trump Officials https://t.co/f3pGWixqzU #job https://t.co/30DvKQZ2ob,United States,English,8/8/2017 19:01,8/8/2017 19:02,2957,744,596,,Right,0,RightTroll,0,890448373765025792,894997081584263168,http://twitter.com/890448373765025792/statuses/894997081584263168,https://twitter.com/johaajots/status/894997081584263168/photo/1,http://ift.tt/2vARgII,
890000000000000000,JOHAAJOTS,#jobb Reminder : Mad Max Spilled The Beans on Obama’s Secret Spy Network https://t.co/IMtt6miolY #job https://t.co/OECZFGpq8y,United States,English,8/8/2017 19:01,8/8/2017 19:02,2957,744,604,,Right,0,RightTroll,0,890448373765025792,894997132465274881,http://twitter.com/890448373765025792/statuses/894997132465274881,https://twitter.com/johaajots/status/894997132465274881/photo/1,http://ift.tt/2hGEMJB,
890000000000000000,JOHAAJOTS,#jobb LOL VIDEO : Hillary Walks Streets of NYC and No One Gives a RAT’S ASS https://t.co/n9bxBFQLFK #job https://t.co/48xFeYyaBe,United States,English,8/8/2017 19:01,8/8/2017 19:02,2957,744,598,,Right,0,RightTroll,0,890448373765025792,894997095555444737,http://twitter.com/890448373765025792/statuses/894997095555444737,https://twitter.com/johaajots/status/894997095555444737/photo/1,http://ift.tt/2vBwCIc,
890000000000000000,JOHAAJOTS,#jobb Eric Bolling Just Responded to His Fox News Suspension! https://t.co/2AxAbJlxAJ #job https://t.co/42rNIuO8Lc,United States,English,8/8/2017 2:01,8/8/2017 2:01,2957,728,557,,Right,0,RightTroll,0,890448373765025792,894740272160145408,http://twitter.com/890448373765025792/statuses/894740272160145408,https://twitter.com/johaajots/status/894740272160145408/photo/1,http://ift.tt/2vJgAMW,
890000000000000000,JOHAAJOTS,#jobb Atheists LOSING THEIR SH*T Over Trump’s CHRISTIAN White House https://t.co/3AJaHTC3Ni #job https://t.co/Ex7VoYpuXu,United States,English,8/8/2017 2:01,8/8/2017 2:01,2957,728,558,,Right,0,RightTroll,0,890448373765025792,894740279319822336,http://twitter.com/890448373765025792/statuses/894740279319822336,https://twitter.com/johaajots/status/894740279319822336/photo/1,http://ift.tt/2wowKbH,
890000000000000000,JOHAAJOTS,#jobb BREAKING : EVEN MORE Jobs Coming to Michigan! https://t.co/LMITrdEgTB #job https://t.co/PfdUVdVCoJ,United States,English,8/8/2017 2:06,8/8/2017 2:06,2957,728,562,,Right,0,RightTroll,0,890448373765025792,894741646889365505,http://twitter.com/890448373765025792/statuses/894741646889365505,https://twitter.com/johaajots/status/894741646889365505/photo/1,http://ift.tt/2wCyJZk,
890000000000000000,JOHAAJOTS,#jobb Trump’s Lawyer Going to SCOTUS Over Blockade of Undercover Abortion Videos https://t.co/7hpffD6r4E #job https://t.co/ES0Al7OBUS,United States,English,8/8/2017 2:06,8/8/2017 2:07,2957,728,559,,Right,0,RightTroll,0,890448373765025792,894741626064691200,http://twitter.com/890448373765025792/statuses/894741626064691200,https://twitter.com/johaajots/status/894741626064691200/photo/1,http://ift.tt/2vJy2Rh,
890000000000000000,JOHAAJOTS,#jobb Trump Cracks Down on Food Stamp Fraud and it INSTANTLY Does Wonders! https://t.co/nZ154s5tf1 #job https://t.co/t3vSCKzYNG,United States,English,8/8/2017 2:06,8/8/2017 2:06,2957,728,560,,Right,0,RightTroll,0,890448373765025792,894741633387966464,http://twitter.com/890448373765025792/statuses/894741633387966464,https://twitter.com/johaajots/status/894741633387966464/photo/1,http://ift.tt/2wCtdWp,
890000000000000000,JOHAAJOTS,"#jobb While Dems and Media Obsess on Russia, Trump’s AMERICAN Economy is BOOMING! https://t.co/dnLlNCzQok #job https://t.co/p8fRb9OpJN",United States,English,8/8/2017 2:06,8/8/2017 2:06,2957,728,561,,Right,0,RightTroll,0,890448373765025792,894741639595470848,http://twitter.com/890448373765025792/statuses/894741639595470848,https://twitter.com/johaajots/status/894741639595470848/photo/1,http://ift.tt/2vJoHJl,
890000000000000000,JOHAAJOTS,"#jobb Liberal Author Attacks Trump’s “Birther” Comments, Forgets one HUGE Problem! https://t.co/i07Vevwz2R #job https://t.co/UKOkCSATaS",United States,English,8/8/2017 2:11,8/8/2017 2:11,2957,728,565,,Right,0,RightTroll,0,890448373765025792,894742824209580032,http://twitter.com/890448373765025792/statuses/894742824209580032,https://twitter.com/johaajots/status/894742824209580032/photo/1,http://ift.tt/2uj23mJ,
890000000000000000,JOHAAJOTS,#jobb BREAKING : Sean Hannity is Preparing to SUE the Obama Administration! https://t.co/FyGZkbFBdF #job https://t.co/G0WtstmELG,United States,English,8/8/2017 2:11,8/8/2017 2:11,2957,728,564,,Right,0,RightTroll,0,890448373765025792,894742813174136833,http://twitter.com/890448373765025792/statuses/894742813174136833,https://twitter.com/johaajots/status/894742813174136833/photo/1,http://ift.tt/2vHCvTX,
890000000000000000,JOHAAJOTS,#jobb Traitor Jeff Flake is Now Defending Obama https://t.co/pX5LZWdAh4 #job https://t.co/NCXZtuXtZp,United States,English,8/8/2017 2:11,8/8/2017 2:11,2957,728,563,,Right,0,RightTroll,0,890448373765025792,894742797072216064,http://twitter.com/890448373765025792/statuses/894742797072216064,https://twitter.com/johaajots/status/894742797072216064/photo/1,http://ift.tt/2ujneoF,
890000000000000000,JOHAAJOTS,#jobb WHAT??? Liberal Media Advising Parents to IGNORE Gender Science! https://t.co/Nm4bATV9gV #job https://t.co/QO8f1H66fR,United States,English,8/8/2017 2:11,8/8/2017 2:11,2957,728,566,,Right,0,RightTroll,0,890448373765025792,894742835571838977,http://twitter.com/890448373765025792/statuses/894742835571838977,https://twitter.com/johaajots/status/894742835571838977/photo/1,http://ift.tt/2vI89k4,
890000000000000000,JOHAAJOTS,#jobb Gov. Abbott Just IGNORED the BAD Advice of “Triggered” Crybaby Liberals! https://t.co/54v1hW97gf #job https://t.co/TND6TBtnES,United States,English,8/8/2017 2:16,8/8/2017 2:16,2957,728,567,,Right,0,RightTroll,0,890448373765025792,894744076930605058,http://twitter.com/890448373765025792/statuses/894744076930605058,https://twitter.com/johaajots/status/894744076930605058/photo/1,http://ift.tt/2foGLlb,
890000000000000000,JOHAAJOTS,#jobb BOMBSHELL! Comey’s FBI Helped Set Up Clinton / Lynch Tarmac Meeting https://t.co/M9mdSTsOZ9 #job https://t.co/b2UWPu5O5w,United States,English,8/8/2017 2:16,8/8/2017 2:16,2957,728,568,,Right,0,RightTroll,0,890448373765025792,894744083155046400,http://twitter.com/890448373765025792/statuses/894744083155046400,https://twitter.com/johaajots/status/894744083155046400/photo/1,http://ift.tt/2hEN0lo,
890000000000000000,JOHAAJOTS,#jobb BREAKING : U.S. Spy Satellites CATCH North Korea Attempting Sneaky Move https://t.co/kBkXWIUI3f #job https://t.co/2pdqHzEHxa,United States,English,8/8/2017 2:16,8/8/2017 2:16,2957,728,569,,Right,0,RightTroll,0,890448373765025792,894744091828789248,http://twitter.com/890448373765025792/statuses/894744091828789248,https://twitter.com/johaajots/status/894744091828789248/photo/1,http://ift.tt/2foNBaq,
890000000000000000,JOHAAJOTS,#jobb LOL : Rahm Emanuel Refuses to Answer if Pelosi and Schumer are Good Leaders https://t.co/ozzQKzsVUK #job https://t.co/0l9mm9iRXf,United States,English,8/8/2017 2:16,8/8/2017 2:17,2957,728,570,,Right,0,RightTroll,0,890448373765025792,894744101706387456,http://twitter.com/890448373765025792/statuses/894744101706387456,https://twitter.com/johaajots/status/894744101706387456/photo/1,http://ift.tt/2hEpGV5,
890000000000000000,JOHAAJOTS,#jobb SICK! ANTIFA attacked Trump Supporters during a PRAYER Rally! https://t.co/GdRk8Uf5QC #job https://t.co/whiH03vVfX,United States,English,8/8/2017 2:21,8/8/2017 2:22,2957,728,572,,Right,0,RightTroll,0,890448373765025792,894745320608878592,http://twitter.com/890448373765025792/statuses/894745320608878592,https://twitter.com/johaajots/status/894745320608878592/photo/1,http://ift.tt/2hEEqDq,
890000000000000000,JOHAAJOTS,#jobb Former Obama Officials Formed a Shadow DC Network to Push His Agenda https://t.co/FzCJ8Lp2ws #job https://t.co/zflHrADHKy,United States,English,8/8/2017 2:21,8/8/2017 2:21,2957,728,571,,Right,0,RightTroll,0,890448373765025792,894745314392850433,http://twitter.com/890448373765025792/statuses/894745314392850433,https://twitter.com/johaajots/status/894745314392850433/photo/1,http://ift.tt/2fo1Wnj,
890000000000000000,JOHAAJOTS,#jobb Massive Obama Era Food Stamp Fraud EXPOSED and ENDED By Trump! https://t.co/GtHdekO0sY #job https://t.co/4K14as8K8z,United States,English,8/8/2017 2:21,8/8/2017 2:21,2957,728,573,,Right,0,RightTroll,0,890448373765025792,894745326795476995,http://twitter.com/890448373765025792/statuses/894745326795476995,https://twitter.com/johaajots/status/894745326795476995/photo/1,http://ift.tt/2hFinwu,
890000000000000000,JOHAAJOTS,#jobb Update : Google Fires Employee for Criticizing Forced Diversity https://t.co/RnyxtfrY9S #job https://t.co/bxKUGIJy4j,United States,English,8/8/2017 9:26,8/8/2017 9:26,2957,733,574,,Right,0,RightTroll,0,890448373765025792,894852255454822401,http://twitter.com/890448373765025792/statuses/894852255454822401,https://twitter.com/johaajots/status/894852255454822401/photo/1,http://ift.tt/2vf4iKU,
890000000000000000,JOHAAJOTS,#jobb VIDEO : Corey SLAMS GOP Traitors Not on Board with Trump Agenda https://t.co/HAJ8BHmLTB #job https://t.co/f5je1v1DgC,United States,English,8/8/2017 9:26,8/8/2017 9:27,2957,733,575,,Right,0,RightTroll,0,890448373765025792,894852273972621313,http://twitter.com/890448373765025792/statuses/894852273972621313,https://twitter.com/johaajots/status/894852273972621313/photo/1,http://ift.tt/2hFu2Lt,
890000000000000000,JOHAAJOTS,#jobb Why Richard Blumenthal’s Stolen Valor Attempt Deserves No Mercy https://t.co/h7LfVOEADh #job https://t.co/NrX3XCQND1,United States,English,8/8/2017 9:36,8/8/2017 9:36,2957,733,577,,Right,0,RightTroll,0,890448373765025792,894854754932854785,http://twitter.com/890448373765025792/statuses/894854754932854785,https://twitter.com/johaajots/status/894854754932854785/photo/1,http://ift.tt/2wD7oWO,
890000000000000000,JOHAAJOTS,#jobb Crooked Mueller’s SINISTER Two Grand Juries Scheme EXPOSED https://t.co/C2kL8adowJ #job https://t.co/Hwn7uZdHHP,United States,English,8/8/2017 9:36,8/8/2017 9:36,2957,733,576,,Right,0,RightTroll,0,890448373765025792,894854741917929473,http://twitter.com/890448373765025792/statuses/894854741917929473,https://twitter.com/johaajots/status/894854741917929473/photo/1,http://ift.tt/2vAq38H,
890000000000000000,JOHAAJOTS,#jobb The Left Wing Smear Machine’s War Against Conservative Voices https://t.co/Ixo4Evdogr #job https://t.co/fmjo3Zd9SU,United States,English,8/8/2017 9:36,8/8/2017 9:36,2957,733,578,,Right,0,RightTroll,0,890448373765025792,894854764403593216,http://twitter.com/890448373765025792/statuses/894854764403593216,https://twitter.com/johaajots/status/894854764403593216/photo/1,http://ift.tt/2vKuFcO,
890000000000000000,JOHAAJOTS,#jobb BREAKING : Donna Brazile Has an Unsettling Tie to the Seth Rich Murder Case https://t.co/P2aPNog7h3 #job https://t.co/gQq7OtQ397,United States,English,8/8/2017 9:46,8/8/2017 9:47,2957,733,579,,Right,0,RightTroll,0,890448373765025792,894857404105588740,http://twitter.com/890448373765025792/statuses/894857404105588740,https://twitter.com/johaajots/status/894857404105588740/photo/1,http://ift.tt/2wplcov,
890000000000000000,JOHAAJOTS,"#jobb Hillary Just Revealed What She Wants to Do Next and It’s BAD, Folks! https://t.co/vhfz7q0jqm #job https://t.co/izEgaaUVIN",United States,English,8/8/2017 9:46,8/8/2017 9:47,2957,733,581,,Right,0,RightTroll,0,890448373765025792,894857422665379840,http://twitter.com/890448373765025792/statuses/894857422665379840,https://twitter.com/johaajots/status/894857422665379840/photo/1,http://ift.tt/2wpKkvq,
890000000000000000,JOHAAJOTS,#jobb Look How Al Gore’s Film Did. He Will NOT Be Happy! https://t.co/jrZdjCzuvs #job https://t.co/m1GLIDH9vA,United States,English,8/8/2017 9:46,8/8/2017 9:46,2957,733,580,,Right,0,RightTroll,0,890448373765025792,894857413169487873,http://twitter.com/890448373765025792/statuses/894857413169487873,https://twitter.com/johaajots/status/894857413169487873/photo/1,http://ift.tt/2vfblmR,
890000000000000000,JOHAAJOTS,#jobb FIRE AND FURY – Is War Inevitable in North Korea? https://t.co/znII3rxfW9 #job https://t.co/ni3yQxEzKc,United States,English,8/9/2017 12:16,8/9/2017 12:16,2957,751,628,,Right,0,RightTroll,0,890448373765025792,895257381797605377,http://twitter.com/890448373765025792/statuses/895257381797605377,https://twitter.com/johaajots/status/895257381797605377/photo/1,http://ift.tt/2uG49fP,
890000000000000000,JOHAAJOTS,#jobb Mark Zuckerberg May Be Setting Up for a 2020 Presidential Run https://t.co/eJtbs7ZuoF #job https://t.co/Y2X6LSz2xj,United States,English,8/9/2017 12:21,8/9/2017 12:21,2957,751,630,,Right,0,RightTroll,0,890448373765025792,895258656006176771,http://twitter.com/890448373765025792/statuses/895258656006176771,https://twitter.com/johaajots/status/895258656006176771/photo/1,http://ift.tt/2wtmezX,
890000000000000000,JOHAAJOTS,#jobb BOYCOTT ALERT! Starbucks Holds Hiring Event for REFUGEES ONLY https://t.co/8u9cSfk0Rr #job https://t.co/08lkSGJrM3,United States,English,8/9/2017 12:21,8/9/2017 12:21,2957,751,629,,Right,0,RightTroll,0,890448373765025792,895258647856652288,http://twitter.com/890448373765025792/statuses/895258647856652288,https://twitter.com/johaajots/status/895258647856652288/photo/1,http://ift.tt/2vj4FEb,
890000000000000000,JOHAAJOTS,#jobb PATHETIC! Spike Lee Holds “Hire Kaepernick” Rally https://t.co/VEyzkEuuWL #job https://t.co/m5ZeBht5Rk,United States,English,8/9/2017 12:21,8/9/2017 12:21,2957,751,631,,Right,0,RightTroll,0,890448373765025792,895258664763883521,http://twitter.com/890448373765025792/statuses/895258664763883521,https://twitter.com/johaajots/status/895258664763883521/photo/1,http://ift.tt/2virCao,
890000000000000000,JOHAAJOTS,#jobb BREAKING : Texas Takes a YUGE Step Forward in Battling Abortion https://t.co/WQ9KRTSKMl #job https://t.co/yYNAV6IXCT,United States,English,8/9/2017 12:21,8/9/2017 12:21,2957,751,632,,Right,0,RightTroll,0,890448373765025792,895258673475465223,http://twitter.com/890448373765025792/statuses/895258673475465223,https://twitter.com/johaajots/status/895258673475465223/photo/1,http://ift.tt/2wt72mt,
890000000000000000,JOHAAJOTS,#jobb U.S. Bombers Fly Over Korean Peninsula as Kim Jong Un Threatens Strike on Guam https://t.co/fO7TmIez6g #job https://t.co/FsS8zNf9rK,United States,English,8/9/2017 12:26,8/9/2017 12:26,2957,751,635,,Right,0,RightTroll,0,890448373765025792,895259936636141568,http://twitter.com/890448373765025792/statuses/895259936636141568,https://twitter.com/johaajots/status/895259936636141568/photo/1,http://ift.tt/2uFqAC2,
890000000000000000,JOHAAJOTS,#jobb TRUMP EFFECT : U.S. Job Openings SOAR! https://t.co/4dmbqn5Ym9 #job https://t.co/X7CjboohCD,United States,English,8/9/2017 12:26,8/9/2017 12:26,2957,751,636,,Right,0,RightTroll,0,890448373765025792,895259943179350016,http://twitter.com/890448373765025792/statuses/895259943179350016,https://twitter.com/johaajots/status/895259943179350016/photo/1,http://ift.tt/2uow20M,
890000000000000000,JOHAAJOTS,#jobb BREAKING : Terror in France as Car SLAMS into Group of Soldiers https://t.co/5SOK3ALSPe #job https://t.co/gq90cXiTZ1,United States,English,8/9/2017 12:26,8/9/2017 12:26,2957,751,634,,Right,0,RightTroll,0,890448373765025792,895259928637648897,http://twitter.com/890448373765025792/statuses/895259928637648897,https://twitter.com/johaajots/status/895259928637648897/photo/1,http://ift.tt/2uoTAT0,
890000000000000000,JOHAAJOTS,#jobb Traitor McCain is Now Attacking Trump on his STRONG N. Korea Stance https://t.co/4NSBqjIiBS #job https://t.co/Fld01j9yGv,United States,English,8/9/2017 12:26,8/9/2017 12:26,2957,751,633,,Right,0,RightTroll,0,890448373765025792,895259915664711680,http://twitter.com/890448373765025792/statuses/895259915664711680,https://twitter.com/johaajots/status/895259915664711680/photo/1,http://ift.tt/2uFxR4w,
890000000000000000,JOHAAJOTS,#jobb Dan Rather is Tickled Pink Over White House National Security Leaks https://t.co/SB9ONDxyIt #job https://t.co/2PbSVnZe5c,United States,English,8/9/2017 12:31,8/9/2017 12:32,2957,751,639,,Right,0,RightTroll,0,890448373765025792,895261165240164354,http://twitter.com/890448373765025792/statuses/895261165240164354,https://twitter.com/johaajots/status/895261165240164354/photo/1,http://ift.tt/2vNCw8N,
890000000000000000,JOHAAJOTS,#jobb Hannity UNLOADS on the GOP and You’ll Love Who He Calls Out! https://t.co/NzqxHklNaX #job https://t.co/5PpQFAyxVy,United States,English,8/9/2017 12:31,8/9/2017 12:31,2957,751,638,,Right,0,RightTroll,0,890448373765025792,895261159967817729,http://twitter.com/890448373765025792/statuses/895261159967817729,https://twitter.com/johaajots/status/895261159967817729/photo/1,http://ift.tt/2up8wfW,
890000000000000000,JOHAAJOTS,#jobb VIRAL VIDEO : Incoherent Malia Obama is Dragged Out of Music Festival https://t.co/dQCegqhrfQ #job https://t.co/zvZ3OCQmza,United States,English,8/9/2017 12:31,8/9/2017 12:31,2957,751,641,,Right,0,RightTroll,0,890448373765025792,895261179500736513,http://twitter.com/890448373765025792/statuses/895261179500736513,https://twitter.com/johaajots/status/895261179500736513/photo/1,http://ift.tt/2vNExBZ,
890000000000000000,JOHAAJOTS,#jobb This Democrat Candidate RETWEETED an “Avalanche” of PORN https://t.co/jxPvT8KWqy #job https://t.co/IJnrkXmK8d,United States,English,8/9/2017 12:31,8/9/2017 12:31,2957,751,637,,Right,0,RightTroll,0,890448373765025792,895261153642909698,http://twitter.com/890448373765025792/statuses/895261153642909698,https://twitter.com/johaajots/status/895261153642909698/photo/1,http://ift.tt/2vNtMiT,
890000000000000000,JOHAAJOTS,#jobb WOW! What Trump Said 23 Years Ago About North Korea Is Going VIRAL! https://t.co/hFJaauWUW2 #job https://t.co/YFUTyhoJGY,United States,English,8/9/2017 12:31,8/9/2017 12:33,2957,751,642,,Right,0,RightTroll,0,890448373765025792,895261185259556864,http://twitter.com/890448373765025792/statuses/895261185259556864,https://twitter.com/johaajots/status/895261185259556864/photo/1,http://ift.tt/2uoWkfh,
890000000000000000,JOHAAJOTS,#jobb BREAKING : Iranian Drone Nearly Clashes with U.S. Fighter Jet https://t.co/kgXwSTbNUq #job https://t.co/onGmsG2vqi,United States,English,8/9/2017 12:31,8/9/2017 12:31,2957,751,640,,Right,0,RightTroll,0,890448373765025792,895261173939130368,http://twitter.com/890448373765025792/statuses/895261173939130368,https://twitter.com/johaajots/status/895261173939130368/photo/1,http://ift.tt/2up7qki,
890000000000000000,JOHAAJOTS,#jobb BREAKING : Trump Just Tweeted a BRUTAL Warning to Kim Jong Un! https://t.co/9R6LMgxKhq #job https://t.co/S3omGVoqz1,United States,English,8/9/2017 12:36,8/9/2017 12:36,2957,751,643,,Right,0,RightTroll,0,890448373765025792,895262439561986049,http://twitter.com/890448373765025792/statuses/895262439561986049,https://twitter.com/johaajots/status/895262439561986049/photo/1,http://ift.tt/2up07gH,
890000000000000000,JOHAAJOTS,#jobb Bitter Al Gore Just Make Another Kooky “Prediction” https://t.co/Vi0gMAdrBG #job https://t.co/onAF3vLjqk,United States,English,8/9/2017 13:21,8/9/2017 13:21,2957,750,644,,Right,0,RightTroll,0,890448373765025792,895273767739457536,http://twitter.com/890448373765025792/statuses/895273767739457536,https://twitter.com/johaajots/status/895273767739457536/photo/1,http://ift.tt/2hKJS7U,
890000000000000000,JOHAAJOTS,#jobb Hannity – Predicament with North Korea Because of Bill Clinton’s Failed Deal https://t.co/Qg1PoBhY6z #job https://t.co/vcmOgz4pDD,United States,English,8/9/2017 13:21,8/9/2017 13:21,2957,750,645,,Right,0,RightTroll,0,890448373765025792,895273776526626816,http://twitter.com/890448373765025792/statuses/895273776526626816,https://twitter.com/johaajots/status/895273776526626816/photo/1,http://ift.tt/2ft0Vuj,
890000000000000000,JOHAAJOTS,"#jobb Well, Well, Well…Check Out THESE Approval Numbers https://t.co/sBTsTMQ8FG #job https://t.co/ZtVYHxzmsw",United States,English,8/9/2017 13:21,8/9/2017 13:21,2957,750,646,,Right,0,RightTroll,0,890448373765025792,895273782822264832,http://twitter.com/890448373765025792/statuses/895273782822264832,https://twitter.com/johaajots/status/895273782822264832/photo/1,http://ift.tt/2hKbiux,
890000000000000000,JOHAAJOTS,#jobb You’ll be VERY SHOCKED Who Dems are REJECTING for 2020 https://t.co/Dfl0u7GnT1 #job https://t.co/O8laZmBH1M,United States,English,8/9/2017 19:01,8/9/2017 19:01,2957,752,653,,Right,0,RightTroll,0,890448373765025792,895359349513650176,http://twitter.com/890448373765025792/statuses/895359349513650176,https://twitter.com/johaajots/status/895359349513650176/photo/1,http://ift.tt/2uq9N6o,
890000000000000000,JOHAAJOTS,#jobb LOL : The Official Church of Satan Just Rebuked Hillary Clinton https://t.co/Qr12w2CKj8 #job https://t.co/VTTWUHHJyV,United States,English,8/9/2017 19:01,8/9/2017 19:01,2957,752,654,,Right,0,RightTroll,0,890448373765025792,895359356023320576,http://twitter.com/890448373765025792/statuses/895359356023320576,https://twitter.com/johaajots/status/895359356023320576/photo/1,http://ift.tt/2vOVI68,
890000000000000000,JOHAAJOTS,#jobb New Emails Expose Something HORRIBLE About De Blasio https://t.co/hqpZ03nY4E #job https://t.co/r16aLvWmRA,United States,English,8/9/2017 19:01,8/9/2017 19:01,2957,752,656,,Right,0,RightTroll,0,890448373765025792,895359375191179264,http://twitter.com/890448373765025792/statuses/895359375191179264,https://twitter.com/johaajots/status/895359375191179264/photo/1,http://ift.tt/2vOHdPX,
890000000000000000,JOHAAJOTS,#jobb BREAKING : The FBI Raided Paul Manafort’s Home https://t.co/1sKsYcTeqj #job https://t.co/4Aw7XthXDf,United States,English,8/9/2017 19:01,8/9/2017 19:01,2957,752,655,,Right,0,RightTroll,0,890448373765025792,895359367066865666,http://twitter.com/890448373765025792/statuses/895359367066865666,https://twitter.com/johaajots/status/895359367066865666/photo/1,http://ift.tt/2upP6rv,
890000000000000000,JOHAAJOTS,#jobb VIRAL Meme PERFECTLY Sums Up Google’s FIRING Hypocrisy! https://t.co/MZKTOm1jYb #job https://t.co/UDchuDMgJb,United States,English,8/9/2017 19:01,8/9/2017 19:01,2957,752,648,,Right,0,RightTroll,0,890448373765025792,895359307830743040,http://twitter.com/890448373765025792/statuses/895359307830743040,https://twitter.com/johaajots/status/895359307830743040/photo/1,http://ift.tt/2funDlB,
890000000000000000,JOHAAJOTS,#jobb WHOA! Whoopi Just Insulted ALL Trump Voters. Look What She Said! https://t.co/aOr3FTQy4j #job https://t.co/uFVtOGSyk1,United States,English,8/9/2017 19:01,8/9/2017 19:01,2957,752,647,,Right,0,RightTroll,0,890448373765025792,895359295356796929,http://twitter.com/890448373765025792/statuses/895359295356796929,https://twitter.com/johaajots/status/895359295356796929/photo/1,http://ift.tt/2hLjRFu,
890000000000000000,JOHAAJOTS,#jobb Dobbs Obliterates Mitch McConnell and His Pathetic Excuses https://t.co/4MaaNY7KzZ #job https://t.co/v3OrJShbxG,United States,English,8/9/2017 19:01,8/9/2017 19:01,2957,752,651,,Right,0,RightTroll,0,890448373765025792,895359333395025920,http://twitter.com/890448373765025792/statuses/895359333395025920,https://twitter.com/johaajots/status/895359333395025920/photo/1,http://ift.tt/2vnkubm,
890000000000000000,JOHAAJOTS,#jobb GOP Makes BOLD Move in Wasserman Schultz IT Scandal  https://t.co/mUROK6oSMn #job https://t.co/h9dPerXRmZ,United States,English,8/9/2017 19:01,8/9/2017 19:01,2957,752,652,,Right,0,RightTroll,0,890448373765025792,895359340328226818,http://twitter.com/890448373765025792/statuses/895359340328226818,https://twitter.com/johaajots/status/895359340328226818/photo/1,http://ift.tt/2vFQbzf,
890000000000000000,JOHAAJOTS,#jobb Over 20k Already Raised for Fired Google Employee! https://t.co/aEHEsxt3HJ #job https://t.co/8tpoakGGGO,United States,English,8/9/2017 19:01,8/9/2017 19:01,2957,752,649,,Right,0,RightTroll,0,890448373765025792,895359317607682051,http://twitter.com/890448373765025792/statuses/895359317607682051,https://twitter.com/johaajots/status/895359317607682051/photo/1,http://ift.tt/2vn5WbJ,
890000000000000000,JOHAAJOTS,#jobb WOW! We Dodged a MASSIVE Bullet Folks… https://t.co/sIEIxTVCcY #job https://t.co/1inPIsc6fb,United States,English,8/9/2017 19:01,8/9/2017 19:01,2957,752,650,,Right,0,RightTroll,0,890448373765025792,895359325820133377,http://twitter.com/890448373765025792/statuses/895359325820133377,https://twitter.com/johaajots/status/895359325820133377/photo/1,http://ift.tt/2vFO3rk,
890000000000000000,JOHAAJOTS,#jobb BREAKING : DOJ Offers Hillary Clinton A PLEA DEAL!!! https://t.co/3cZPS2EJh7 #job https://t.co/vN51hK937r,United States,English,8/9/2017 19:41,8/9/2017 19:41,2956,752,658,,Right,0,RightTroll,0,890448373765025792,895369394360111104,http://twitter.com/890448373765025792/statuses/895369394360111104,https://twitter.com/johaajots/status/895369394360111104/photo/1,http://ift.tt/2vkdy0n,
890000000000000000,JOHAAJOTS,#jobb NBC Just Sided With Kim Jong-un Over President Trump https://t.co/tXGk7RjKHw #job https://t.co/JBEQw6hRvU,United States,English,8/9/2017 19:41,8/9/2017 19:41,2956,752,657,,Right,0,RightTroll,0,890448373765025792,895369385187192832,http://twitter.com/890448373765025792/statuses/895369385187192832,https://twitter.com/johaajots/status/895369385187192832/photo/1,http://ift.tt/2wuEA3C,
890000000000000000,JOHAAJOTS,#jobb Mitch McConnell Offers Pathetic Excuses for His Failed Leadership https://t.co/KeZbUVtJ5B #job https://t.co/V1m2DXROea,United States,English,8/9/2017 2:31,8/9/2017 2:31,2956,748,606,,Right,0,RightTroll,0,890448373765025792,895110255134244864,http://twitter.com/890448373765025792/statuses/895110255134244864,https://twitter.com/johaajots/status/895110255134244864/photo/1,http://ift.tt/2hJ641Q,
890000000000000000,JOHAAJOTS,#jobb WTF?! MSNBC Claims Trump Should Be “on 24-Hour Suicide Watch” https://t.co/BL5d4B3BKD #job https://t.co/wWW3wQWWlR,United States,English,8/9/2017 2:31,8/9/2017 2:31,2956,748,605,,Right,0,RightTroll,0,890448373765025792,895110246909325312,http://twitter.com/890448373765025792/statuses/895110246909325312,https://twitter.com/johaajots/status/895110246909325312/photo/1,http://ift.tt/2fqHnXe,
890000000000000000,JOHAAJOTS,#jobb NFL Source : Kaepernick Turned Down Work to Stay a Race Card Idol https://t.co/Kn2IGdXeoI #job https://t.co/6rzOPlBrGL,United States,English,8/9/2017 2:31,8/9/2017 2:31,2956,748,607,,Right,0,RightTroll,0,890448373765025792,895110268598071296,http://twitter.com/890448373765025792/statuses/895110268598071296,https://twitter.com/johaajots/status/895110268598071296/photo/1,http://ift.tt/2fsiieS,
890000000000000000,JOHAAJOTS,#jobb U.S Army Takes BOLD STAND Against Liberals’ Anti-Confederate History Campaign https://t.co/tiuwUqo2dy #job https://t.co/DLN4Zn4hGJ,United States,English,8/9/2017 2:36,8/9/2017 2:36,2956,748,608,,Right,0,RightTroll,0,890448373765025792,895111446434066433,http://twitter.com/890448373765025792/statuses/895111446434066433,https://twitter.com/johaajots/status/895111446434066433/photo/1,http://ift.tt/2vLO2S5,
890000000000000000,JOHAAJOTS,#jobb WOW! Trump Promises Kim Jong Un “Fire and Fury Like the World Has Never Seen” https://t.co/U3YTP0z9U3 #job https://t.co/9Vi9FP2SEl,United States,English,8/9/2017 2:36,8/9/2017 2:36,2956,748,610,,Right,0,RightTroll,0,890448373765025792,895111464922513408,http://twitter.com/890448373765025792/statuses/895111464922513408,https://twitter.com/johaajots/status/895111464922513408/photo/1,http://ift.tt/2vLO1O7,
890000000000000000,JOHAAJOTS,#jobb BREAKING : N. Korea Now Has Nuclear Warheads YEARS Ahead of Schedule https://t.co/e7FIdBHq6V #job https://t.co/hmZJeU4tkP,United States,English,8/9/2017 2:36,8/9/2017 2:36,2956,748,611,,Right,0,RightTroll,0,890448373765025792,895111473768345601,http://twitter.com/890448373765025792/statuses/895111473768345601,https://twitter.com/johaajots/status/895111473768345601/photo/1,http://ift.tt/2unwJ6g,
890000000000000000,JOHAAJOTS,#jobb Illegals are Scamming Over 1 Billion From the Los Angeles Welfare Program https://t.co/O3ZOaJk0Jx #job https://t.co/Rzm9vPnSEC,United States,English,8/9/2017 2:36,8/9/2017 2:36,2956,748,609,,Right,0,RightTroll,0,890448373765025792,895111455304974336,http://twitter.com/890448373765025792/statuses/895111455304974336,https://twitter.com/johaajots/status/895111455304974336/photo/1,http://ift.tt/2unsR5t,
890000000000000000,JOHAAJOTS,#jobb Look Who Scientists Just BUSTED for Spreading LIES https://t.co/YAWTZvODYW #job https://t.co/u3ASdGcSEz,United States,English,8/9/2017 2:42,8/9/2017 2:42,2956,749,614,,Right,0,RightTroll,0,890448373765025792,895113000155271168,http://twitter.com/890448373765025792/statuses/895113000155271168,https://twitter.com/johaajots/status/895113000155271168/photo/1,http://ift.tt/2vD3iBf,
890000000000000000,JOHAAJOTS,#jobb BREAKING : Ex-Planned Parenthood Director Makes a SHOCKING Confession https://t.co/bu8bY1KDmL #job https://t.co/TH5jB1q7Ej,United States,English,8/9/2017 2:42,8/9/2017 2:42,2956,749,616,,Right,0,RightTroll,0,890448373765025792,895113021130977280,http://twitter.com/890448373765025792/statuses/895113021130977280,https://twitter.com/johaajots/status/895113021130977280/photo/1,http://ift.tt/2vDfWAe,
890000000000000000,JOHAAJOTS,#jobb BREAKING : Michelle Obama’s Lunch Program Connected to Indicted Criminal https://t.co/rKX1R3fn24 #job https://t.co/8EqxvwiMN6,United States,English,8/9/2017 2:42,8/9/2017 2:43,2956,749,615,,Right,0,RightTroll,0,890448373765025792,895113010007724032,http://twitter.com/890448373765025792/statuses/895113010007724032,https://twitter.com/johaajots/status/895113010007724032/photo/1,http://ift.tt/2vk3ZNf,
890000000000000000,JOHAAJOTS,#jobb Trump Has Eliminated 11k Federal Jobs in His First 6 Months! https://t.co/El3Lrf9zlz #job https://t.co/5Y56KYRyeO,United States,English,8/9/2017 2:42,8/9/2017 2:42,2956,749,612,,Right,0,RightTroll,0,890448373765025792,895112978869211136,http://twitter.com/890448373765025792/statuses/895112978869211136,https://twitter.com/johaajots/status/895112978869211136/photo/1,http://ift.tt/2vDnYZS,
890000000000000000,JOHAAJOTS,#jobb BREAKING : N. Korea Responds to Trump’s Stern Warning https://t.co/XPsxy5nyEL #job https://t.co/zOhl2CeG4k,United States,English,8/9/2017 2:42,8/9/2017 2:42,2956,749,613,,Right,0,RightTroll,0,890448373765025792,895112989396918272,http://twitter.com/890448373765025792/statuses/895112989396918272,https://twitter.com/johaajots/status/895112989396918272/photo/1,http://ift.tt/2vkN9hk,
890000000000000000,JOHAAJOTS,#jobb WATCH : Dem Senate Candidate Claims He Was Hacked After Porn Tweets https://t.co/j7GW0LQiVS #job https://t.co/PeKWK1Z8vH,United States,English,8/9/2017 2:46,8/9/2017 2:46,2956,749,620,,Right,0,RightTroll,0,890448373765025792,895113991898497024,http://twitter.com/890448373765025792/statuses/895113991898497024,https://twitter.com/johaajots/status/895113991898497024/photo/1,http://ift.tt/2hJ8opA,
890000000000000000,JOHAAJOTS,#jobb VIDEO : Lynch’s Use of Fake Identity Shows Criminal Minded Behavior https://t.co/yDKtfDwmJK #job https://t.co/DRKkedQzyo,United States,English,8/9/2017 2:46,8/9/2017 2:47,2956,749,618,,Right,0,RightTroll,0,890448373765025792,895113976857718785,http://twitter.com/890448373765025792/statuses/895113976857718785,https://twitter.com/johaajots/status/895113976857718785/photo/1,http://ift.tt/2hHImmP,
890000000000000000,JOHAAJOTS,#jobb Dem Congressman Hangs “Lady Liberty in Hijab” Painting in Office https://t.co/uTTLsCZzvT #job https://t.co/94aHKowsYt,United States,English,8/9/2017 2:46,8/9/2017 2:46,2956,749,621,,Right,0,RightTroll,0,890448373765025792,895113997816672256,http://twitter.com/890448373765025792/statuses/895113997816672256,https://twitter.com/johaajots/status/895113997816672256/photo/1,http://ift.tt/2wstBYo,
890000000000000000,JOHAAJOTS,#jobb Georgia Professor Allowing Snowflake Students to Choose Their Own Grades https://t.co/53CvfY8fAp #job https://t.co/rulCFJ9Kpm,United States,English,8/9/2017 2:46,8/9/2017 2:46,2956,749,617,,Right,0,RightTroll,0,890448373765025792,895113967307194368,http://twitter.com/890448373765025792/statuses/895113967307194368,https://twitter.com/johaajots/status/895113967307194368/photo/1,http://ift.tt/2frAqFy,
890000000000000000,JOHAAJOTS,#jobb Jealous Traitor John Mccain Doesn’t Like How Trump Threatened North Korea https://t.co/sQ41ZOV9UV #job https://t.co/qVgs46Xogy,United States,English,8/9/2017 2:46,8/9/2017 2:47,2956,749,619,,Right,0,RightTroll,0,890448373765025792,895113984583643137,http://twitter.com/890448373765025792/statuses/895113984583643137,https://twitter.com/johaajots/status/895113984583643137/photo/1,http://ift.tt/2frhWVK,
890000000000000000,JOHAAJOTS,#jobb How Did Susan Rice Make MILLIONS Working in the Government? https://t.co/Rk8lKM9HPW #job https://t.co/rSqBvyrLkE,United States,English,8/9/2017 2:51,8/9/2017 2:51,2956,750,623,,Right,0,RightTroll,0,890448373765025792,895115197077213185,http://twitter.com/890448373765025792/statuses/895115197077213185,https://twitter.com/johaajots/status/895115197077213185/photo/1,http://ift.tt/2unjKBF,
890000000000000000,JOHAAJOTS,#jobb BREAKING : U.S. Air Force Responds to North Korea! https://t.co/vdFe1ut2UQ #job https://t.co/J2yQv6uZUX,United States,English,8/9/2017 2:51,8/9/2017 2:51,2956,750,622,,Right,0,RightTroll,0,890448373765025792,895115188885753856,http://twitter.com/890448373765025792/statuses/895115188885753856,https://twitter.com/johaajots/status/895115188885753856/photo/1,http://ift.tt/2vLl4ll,
890000000000000000,JOHAAJOTS,#jobb BOMBSHELL : Roger Stone Claims PROOF McMaster is a SOROS Operative https://t.co/gYq5f01elk #job https://t.co/wvdU5fsSeT,United States,English,8/9/2017 9:36,8/9/2017 9:36,2957,751,624,,Right,0,RightTroll,0,890448373765025792,895217152881512449,http://twitter.com/890448373765025792/statuses/895217152881512449,https://twitter.com/johaajots/status/895217152881512449/photo/1,http://ift.tt/2uF3I5E,
890000000000000000,JOHAAJOTS,#jobb How to Catch a White House Leaker https://t.co/dWuoIBqbZI #job https://t.co/zIw36bDN7r,United States,English,8/9/2017 9:36,8/9/2017 9:36,2957,751,626,,Right,0,RightTroll,0,890448373765025792,895217166232039426,http://twitter.com/890448373765025792/statuses/895217166232039426,https://twitter.com/johaajots/status/895217166232039426/photo/1,http://ift.tt/2uFyc7t,
890000000000000000,JOHAAJOTS,#jobb Patricia McCarthy “Mueller Has Already Destroyed His Own Legacy” https://t.co/PPuV6mVuqA #job https://t.co/jFaf5C5Tk6,United States,English,8/9/2017 9:36,8/9/2017 9:36,2957,751,625,,Right,0,RightTroll,0,890448373765025792,895217159714082820,http://twitter.com/890448373765025792/statuses/895217159714082820,https://twitter.com/johaajots/status/895217159714082820/photo/1,http://ift.tt/2uoBVuT,
890000000000000000,JOHAAJOTS,#jobb BREAKING! The DOJ Has Outed Mueller! https://t.co/3ntjI0fPDl #job https://t.co/fSwtIAgGfn,United States,English,8/9/2017 9:46,8/9/2017 9:46,2957,751,627,,Right,0,RightTroll,0,890448373765025792,895219673243029504,http://twitter.com/890448373765025792/statuses/895219673243029504,https://twitter.com/johaajots/status/895219673243029504/photo/1,http://ift.tt/2vitfFi,
751000000000000000,JOHANNBERGBERG,Abschlussbericht zu #Silvesternacht #Köln: Versagen bei Behörden &amp; Polizei https://t.co/lXQB5WQZvd,Unknown,German,3/31/2017 14:40,3/31/2017 14:40,1318,87,109,,German,0,NonEnglish,0,750676651562926080,847820994307919874,http://twitter.com/750676651562926080/statuses/847820994307919874,http://www.berliner-zeitung.de/panorama/uebergriffe-abschlussbericht-zur-koelner-silvesternacht-offenbart-behoerdenversagen-26288214,,
751000000000000000,JOHANNBERGBERG,Abschlussbericht zu #Silvesternacht #Köln: Versagen bei Behörden &amp; Polizei https://t.co/5ikmJ2bU6W https://t.co/PeRyNEeOy5,Unknown,German,3/31/2017 14:40,3/31/2017 14:41,1318,87,110,RETWEET,German,1,NonEnglish,0,750676651562926080,847821010514608128,http://twitter.com/750676651562926080/statuses/847821010514608128,https://twitter.com/tagesspiegel/status/847777291342139395/photo/1,http://www.tagesspiegel.de/politik/abschlussbericht-behoerden-und-polizei-versagten-in-koelner-silvesternacht/19598324.html,
751000000000000000,JOHANNBERGBERG,'+++ Gewaltbereite Islamisten - Erstmals mehr als 10.000 Salafisten in Deutschland +++ &gt;&gt;&gt; https://t.co/G6O2iRBfvs https://t.co/8rbIvj0WBt',Unknown,German,3/31/2017 14:41,3/31/2017 14:41,1320,87,114,RETWEET,German,1,NonEnglish,0,750676651562926080,847821211400908801,http://twitter.com/750676651562926080/statuses/847821211400908801,https://twitter.com/focusonline/status/847757913661743105/photo/1,https://goo.gl/kNLzcx,
751000000000000000,JOHANNBERGBERG,Einen heißen Dank an #Merkel Erstmals mehr als 10.000 Salafisten in Deutschland 🎉🎉🎉 #Islam #Flüchtlinge  https://t.co/X0p13Yf6bP,Unknown,German,3/31/2017 14:41,3/31/2017 14:41,1318,87,112,RETWEET,German,1,NonEnglish,0,750676651562926080,847821139816611840,http://twitter.com/750676651562926080/statuses/847821139816611840,http://www.focus.de/politik/deutschland/gewaltbereite-islamisten-erstmals-mehr-als-10-000-salafisten-in-deutschland_id_6863813.html?utm_source=twitter&utm_medium=social&utm_campaign=twitter-focus-online&fbc=twitter-focus-online&ts=201703311223,,
751000000000000000,JOHANNBERGBERG,Der Abschlussbericht zur Kölner #Silvesternacht offenbart klares Behördenversagen: https://t.co/tKtxpJihEp https://t.co/mZ7UY8Q0x3,Unknown,German,3/31/2017 14:41,3/31/2017 14:41,1318,87,111,RETWEET,German,1,NonEnglish,0,750676651562926080,847821031993683968,http://twitter.com/750676651562926080/statuses/847821031993683968,https://twitter.com/berlinerzeitung/status/847769698800476160/photo/1,http://www.berliner-zeitung.de/panorama/uebergriffe-abschlussbericht-zur-koelner-silvesternacht-offenbart-behoerdenversagen-26288214,
751000000000000000,JOHANNBERGBERG,"Juhu, Deutschland feiert: Endlich wurde die magische Grenze von 10.000 gewaltbereiten Islamisten im Land geknackt! https://t.co/XwKis2DyBU",Unknown,German,3/31/2017 14:41,3/31/2017 14:41,1319,87,113,RETWEET,German,1,NonEnglish,0,750676651562926080,847821185853399044,http://twitter.com/750676651562926080/statuses/847821185853399044,http://www.focus.de/politik/deutschland/gewaltbereite-islamisten-erstmals-mehr-als-10-000-salafisten-in-deutschland_id_6863813.html,,
751000000000000000,JOHANNBERGBERG,Salafisten in Deutschland mit ISIS Flagge.Pkk Terroristen und Linke Terrorunterstützer mit Pkk Flagge. Deutschland machts möglich. https://t.co/gftH5Tm416,Unknown,German,3/31/2017 14:43,3/31/2017 14:43,1320,87,115,RETWEET,German,1,NonEnglish,0,750676651562926080,847821583272095744,http://twitter.com/750676651562926080/statuses/847821583272095744,https://twitter.com/kadinlarguenue/status/847820694612213760/photo/1,,
751000000000000000,JOHANNBERGBERG,Geringe Resonanz bei Islam-Friedensmarsch https://t.co/gFODJmmMMm #Nichtmituns #Köln,Unknown,German,6/17/2017 13:43,6/17/2017 13:43,126,100,62,RETWEET,German,1,NonEnglish,0,750676651562926080,876072770366578689,http://twitter.com/750676651562926080/statuses/876072770366578689,http://www1.wdr.de/nachrichten/rheinland/friedensmarsch-muslime-koeln-100.html,,
751000000000000000,JOHANNBERGBERG,Plötzlich Kanzler der Einheit: Kohl und die Wiedervereinigung https://t.co/CXcpH1poNg #HelmutKohl,Unknown,German,6/17/2017 13:43,6/17/2017 13:44,126,100,69,RETWEET,German,1,NonEnglish,0,750676651562926080,876072937895469056,http://twitter.com/750676651562926080/statuses/876072937895469056,http://www.tagesschau.de/inland/kohl-wiedervereinigung-pv-101.html,,
751000000000000000,JOHANNBERGBERG,"Wie Kohl bekam, was er wollte https://t.co/3d89TwR7iQ #HelmutKohl",Unknown,German,6/17/2017 13:43,6/17/2017 13:43,126,100,59,RETWEET,German,1,NonEnglish,0,750676651562926080,876072716230701057,http://twitter.com/750676651562926080/statuses/876072716230701057,http://www.tagesschau.de/inland/kohl-machtmensch-101.html,,
751000000000000000,JOHANNBERGBERG,Vor G20-Gipfel: Rücken Deutschland und China zusammen? https://t.co/ICdpbVm5sJ #G20,Unknown,German,6/17/2017 13:43,6/17/2017 13:44,126,100,65,RETWEET,German,1,NonEnglish,0,750676651562926080,876072858828623872,http://twitter.com/750676651562926080/statuses/876072858828623872,http://www.tagesschau.de/inland/g20-china-103.html,,
751000000000000000,JOHANNBERGBERG,"Schweigeminute bei Queen-Geburtstag: ""Sehr dunkle Stimmung der Nation"" https://t.co/sElZZSkJEW #TroopingtheColour #London",Unknown,German,6/17/2017 13:43,6/17/2017 13:43,126,100,60,RETWEET,German,1,NonEnglish,0,750676651562926080,876072731518881792,http://twitter.com/750676651562926080/statuses/876072731518881792,http://www.tagesschau.de/ausland/london-queen-brand-101.html,,
751000000000000000,JOHANNBERGBERG,Ägyptisches Gericht verurteilt 31 Islamisten zum Tode https://t.co/KDGAbbB8gX #Ägypten #Islamisten #Todesurteile,Unknown,German,6/17/2017 13:43,6/17/2017 13:43,126,100,64,RETWEET,German,1,NonEnglish,0,750676651562926080,876072844752551936,http://twitter.com/750676651562926080/statuses/876072844752551936,http://www.tagesschau.de/ausland/aegypten-271.html,,
751000000000000000,JOHANNBERGBERG,Privataudienz bei Papst Franziskus im Vatikan: Im Mittelpunkt ihres Gesprächs dürfte der #G20-Gipfel in #Hamburg gestanden haben. https://t.co/9YxQrIKxkB,Unknown,German,6/17/2017 13:43,6/17/2017 13:44,126,100,68,RETWEET,German,1,NonEnglish,0,750676651562926080,876072924708581376,http://twitter.com/750676651562926080/statuses/876072924708581376,https://twitter.com/tagesschau/status/876014755848343553/photo/1,,
751000000000000000,JOHANNBERGBERG,Ansehen des Confed Cups: Von Ablehnung bis Riesenfreude https://t.co/oOw9yknYOE #ConfedCup,Unknown,German,6/17/2017 13:43,6/17/2017 13:43,126,100,61,RETWEET,German,1,NonEnglish,0,750676651562926080,876072744995237888,http://twitter.com/750676651562926080/statuses/876072744995237888,http://www.sportschau.de/confedcup/confed-cup-stellenwert-bierhoff-100.html,,
751000000000000000,JOHANNBERGBERG,Bundesparteitag in Berlin: Grüne wolle Kohleausstieg bis 2030 https://t.co/TH2zFT1r0K #Grüne #Parteitag #bdk17,Unknown,German,6/17/2017 13:43,6/17/2017 13:43,126,100,66,RETWEET,German,1,NonEnglish,0,750676651562926080,876072876276842496,http://twitter.com/750676651562926080/statuses/876072876276842496,http://www.tagesschau.de/inland/gruene-parteitag-155.html,,
751000000000000000,JOHANNBERGBERG,Mönchengladbach: Fußgänger bei illegalem Autorennen getötet https://t.co/uE8tP6fXSu #Raser,Unknown,German,6/17/2017 13:43,6/17/2017 13:44,126,100,67,RETWEET,German,1,NonEnglish,0,750676651562926080,876072908480811008,http://twitter.com/750676651562926080/statuses/876072908480811008,http://www1.wdr.de/nachrichten/rheinland/toter-nach-illegalem-autorennen-moenchengladbach-100.html,,
751000000000000000,JOHANNBERGBERG,EU: Quirlig in die Verteidigungsunion https://t.co/3aY5k2jDZH #EU #Brexit #Trump,Unknown,English,6/17/2017 13:43,6/17/2017 13:43,126,100,63,RETWEET,German,1,NonEnglish,0,750676651562926080,876072829388828672,http://twitter.com/750676651562926080/statuses/876072829388828672,http://www.tagesschau.de/ausland/eu-verteidigung-109.html,,
751000000000000000,JOHANNBERGBERG,Was den Fall Ronaldo vom Fall Messi unterscheidet. https://t.co/sRzjVZlH4J,Unknown,German,6/21/2017 14:21,6/21/2017 14:21,126,100,71,RETWEET,German,1,NonEnglish,0,750676651562926080,877531902659395584,http://twitter.com/750676651562926080/statuses/877531902659395584,http://www.tagesanzeiger.ch/sport/fussball/Wird-Ronaldo-anders-behandelt-als-Messi/story/27895840?utm_source=twitter&utm_campaign=Ed_Social_Post&utm_medium=Ed_Post_TA,,
751000000000000000,JOHANNBERGBERG,Der Ehemann von Queen Elizabeth II. sei guter Dinge. https://t.co/Iuw8KprNJF,Unknown,German,6/21/2017 14:21,6/21/2017 14:21,126,100,72,RETWEET,German,1,NonEnglish,0,750676651562926080,877531916920074241,http://twitter.com/750676651562926080/statuses/877531916920074241,http://www.tagesanzeiger.ch/panorama/leute/Prinz-Philip-ist-im-Spital/story/29028702?utm_source=twitter&utm_campaign=Ed_Social_Post&utm_medium=Ed_Post_TA,,
751000000000000000,JOHANNBERGBERG,Edles Logieren am Bürgenstock: Im Sommer geht es los. https://t.co/mI1VsINVXj,Unknown,German,6/21/2017 14:21,6/21/2017 14:21,126,100,74,RETWEET,German,1,NonEnglish,0,750676651562926080,877531945114234880,http://twitter.com/750676651562926080/statuses/877531945114234880,http://www.tagesanzeiger.ch/wirtschaft/unternehmen-und-konjunktur/KatarLuxusresort-auf-dem-Buergenstock-oeffnet-Ende-August/story/12262477?utm_source=twitter&utm_campaign=Ed_Social_Post&utm_medium=Ed_Post_TA,,
751000000000000000,JOHANNBERGBERG,An der Gelateria di Berna wird Anstehen zum Ausdauersport. Ob es sich lohnt? #TALiebling https://t.co/8gWJqAHmvk,Unknown,German,6/21/2017 14:21,7/10/2017 14:52,126,100,75,RETWEET,German,1,NonEnglish,0,750676651562926080,877531963334197249,http://twitter.com/750676651562926080/statuses/877531963334197249,http://www.tagesanzeiger.ch/zuerich/bellevue/die-gelatoschlange-das-zaehe-vieh/story/31986999?utm_source=twitter&utm_campaign=Ed_Social_Post&utm_medium=Ed_Post_TA,,
751000000000000000,JOHANNBERGBERG,Ein Tagestrip nach New York? In sechs Jahren könnte es soweit sein. https://t.co/cFE7WEgwIq,Unknown,German,6/21/2017 14:21,6/21/2017 14:21,126,100,73,RETWEET,German,1,NonEnglish,0,750676651562926080,877531928987136001,http://twitter.com/750676651562926080/statuses/877531928987136001,http://www.tagesanzeiger.ch/wirtschaft/unternehmen-und-konjunktur/Ab-2023-in-35-Stunden-ueber-den-Atlantik/story/30147555?utm_source=twitter&utm_campaign=Ed_Social_Post&utm_medium=Ed_Post_TA,,
751000000000000000,JOHANNBERGBERG,Internetnutzer rätseln: Will uns die Queen mit ihrem Hut eine subtile Botschaft senden? https://t.co/AtIl1VGFvd #QueensSpeech,Unknown,German,6/21/2017 14:22,6/21/2017 14:22,126,100,83,RETWEET,German,1,NonEnglish,0,750676651562926080,877532232520519680,http://twitter.com/750676651562926080/statuses/877532232520519680,http://www.huffingtonpost.de/2017/06/21/queens-speech-hut-twitter_n_17240546.html?1498047234,,
751000000000000000,JOHANNBERGBERG,"Nach dem Ende des Schulz-Hypes: SPD-Kandidat erklärt, was sein größter Fehler war https://t.co/qup49t8bpd",Unknown,German,6/21/2017 14:22,6/21/2017 14:22,126,100,81,RETWEET,German,1,NonEnglish,0,750676651562926080,877532210957627392,http://twitter.com/750676651562926080/statuses/877532210957627392,http://www.huffingtonpost.de/2017/06/21/spd-martin-schulz-fehler-_n_17240560.html?utm_hp_ref=germany,,
751000000000000000,JOHANNBERGBERG,Prinz Philip ins Spital eingeliefert https://t.co/C2nZ3PnDVy,Unknown,German,6/21/2017 14:22,6/21/2017 14:22,126,100,76,,German,0,NonEnglish,0,750676651562926080,877532076664291329,http://twitter.com/750676651562926080/statuses/877532076664291329,http://www.nachrichten.at/2602417,,
751000000000000000,JOHANNBERGBERG,Baby bekommt lebenslang Gratis-Flüge https://t.co/YjPS58WN4F,Unknown,German,6/21/2017 14:22,6/21/2017 14:22,126,100,79,,German,0,NonEnglish,0,750676651562926080,877532115486867456,http://twitter.com/750676651562926080/statuses/877532115486867456,http://www.nachrichten.at/2602339,,
751000000000000000,JOHANNBERGBERG,Auto brannte vor Plus City-Eingang aus https://t.co/tWdwRFRUZ3,Unknown,German,6/21/2017 14:22,6/21/2017 14:22,126,100,77,,German,0,NonEnglish,0,750676651562926080,877532088307777536,http://twitter.com/750676651562926080/statuses/877532088307777536,http://www.nachrichten.at/2602381,,
751000000000000000,JOHANNBERGBERG,Rücktrittswelle in #Macron-Regierung - der neue französische Präsident erlebt seine erste Krise. https://t.co/qvwgDANQm7,Unknown,German,6/21/2017 14:22,6/21/2017 14:22,126,100,82,RETWEET,German,1,NonEnglish,0,750676651562926080,877532221644689410,http://twitter.com/750676651562926080/statuses/877532221644689410,http://www.huffingtonpost.de/2017/06/21/emmanuel-macron-minister-rucktritt_n_17238042.html?utm_hp_ref=germany,,
751000000000000000,JOHANNBERGBERG,Rückschlag für Donald Trump: Der Ford Focus wird bald ausgerechnet in China produziert  https://t.co/KJYDRnKwEQ,Unknown,German,6/21/2017 14:22,6/21/2017 14:22,126,100,80,RETWEET,German,1,NonEnglish,0,750676651562926080,877532180616019970,http://twitter.com/750676651562926080/statuses/877532180616019970,http://www.huffingtonpost.de/2017/06/21/ruckschlag-fur-donald-trump-der-ford-focus-wird-bald-ausgerechnet-in-china-produziert_n_17240670.html?utm_hp_ref=germany,,
751000000000000000,JOHANNBERGBERG,Schafft es dein Startup unter die besten 50 #Digitalunternehmen des Gründerszene Wachstumsrankings? Finde es heraus! https://t.co/Tq2bru3pZ8 https://t.co/HjXFp2nenm,Unknown,German,6/29/2017 16:16,6/29/2017 16:16,126,101,84,RETWEET,German,1,NonEnglish,0,750676651562926080,880460002657546240,http://twitter.com/750676651562926080/statuses/880460002657546240,https://twitter.com/KPMG_DE_Startup/status/875986493478711296/photo/1,http://ow.ly/lkQR30cBOYw,
751000000000000000,JOHANNBERGBERG,"Letzte Chance für Early-Birds! Werde Aussteller bei den Startup Days @ IFA NEXT! 1 Tag, ein Messestand, 1 Pitch! → https://t.co/6bTH5UxtNI https://t.co/OERlfdaMOf",Unknown,German,6/29/2017 16:16,6/29/2017 16:17,126,101,85,RETWEET,German,1,NonEnglish,0,750676651562926080,880460052771065856,http://twitter.com/750676651562926080/statuses/880460052771065856,https://twitter.com/StartupVerband/status/880352869525934080/photo/1,http://www.bit.ly/2rmTfdX,
751000000000000000,JOHANNBERGBERG,Wir geben durch und mit @StartupVerband #SocEnt &amp; #SocialStartups in Deutschland eine Stimme.,Unknown,German,6/29/2017 16:16,6/29/2017 16:17,126,101,86,RETWEET,German,1,NonEnglish,0,750676651562926080,880460070458404864,http://twitter.com/750676651562926080/statuses/880460070458404864,,,
751000000000000000,JOHANNBERGBERG,Russen und Briten zicken sich wegen ihrer Flugzeugträger an https://t.co/u77Y3bzuFK https://t.co/Xh0d2qiHQo,Unknown,German,6/29/2017 16:17,6/29/2017 16:21,126,101,87,RETWEET,German,1,NonEnglish,0,750676651562926080,880460191325618176,http://twitter.com/750676651562926080/statuses/880460191325618176,https://twitter.com/welt/status/880459815063085056/photo/1,http://to.welt.de/EJfpyH7,
751000000000000000,JOHANNBERGBERG,Auftrittsverbot für Erdogan: Türkei greift Martin Schulz an https://t.co/L84EQusSKI https://t.co/XAT1AWHSbm,Unknown,German,6/29/2017 16:17,6/29/2017 16:18,126,101,89,RETWEET,German,1,NonEnglish,0,750676651562926080,880460233432236033,http://twitter.com/750676651562926080/statuses/880460233432236033,https://twitter.com/welt/status/880450739348406273/photo/1,http://to.welt.de/kMaG3fZ,
751000000000000000,JOHANNBERGBERG,Die #Bundeswehr wird weiter an dem Anti-Schleuser-Einsatz der EU im #Mittelmeer teilnehmen. https://t.co/3KdJtjHYFk,Unknown,German,6/29/2017 16:17,7/24/2017 9:10,126,101,93,RETWEET,German,1,NonEnglish,0,750676651562926080,880460337882988545,http://twitter.com/750676651562926080/statuses/880460337882988545,http://bit.ly/2t4Rvrv,,
751000000000000000,JOHANNBERGBERG,"Ohne Vorratsdatenspeicherung ""wird es Anschläge geben"" https://t.co/ZXUaoDEiML https://t.co/L4nABZ9m8u",Unknown,German,6/29/2017 16:17,6/29/2017 16:21,126,101,88,RETWEET,German,1,NonEnglish,0,750676651562926080,880460221499535360,http://twitter.com/750676651562926080/statuses/880460221499535360,https://twitter.com/welt/status/880450847594905601/photo/1,http://to.welt.de/zfm9sVg,
751000000000000000,JOHANNBERGBERG,Was denkt der Chef-Lobbyist von @airberlin + @lufthansa über Preiskampf in der Luft? 1 Gespräch mit Stefan Schulte  https://t.co/ANvNgApIyX,Unknown,German,6/29/2017 16:18,6/29/2017 16:18,126,101,95,RETWEET,German,1,NonEnglish,0,750676651562926080,880460377124941824,http://twitter.com/750676651562926080/statuses/880460377124941824,http://www.zeit.de/wirtschaft/unternehmen/2017-06/air-berlin-fluggesellschaften-markt-inflation-stefan-schulte-interview,,
751000000000000000,JOHANNBERGBERG,Disziplinarverfahren: Geleakte WhatsApp-Protokolle der AfD bringen einen Polizisten und einen Zöllner in Bedrängnis. https://t.co/prmQZk54f4,Unknown,German,6/29/2017 16:18,6/29/2017 16:18,126,101,94,RETWEET,German,1,NonEnglish,0,750676651562926080,880460353951461378,http://twitter.com/750676651562926080/statuses/880460353951461378,http://bit.ly/2slgbz4,,
751000000000000000,JOHANNBERGBERG,Der feige Plan der Terroristen: Strategie des Dschihad: Spalte und herrsche  - heute-Nachrichten https://t.co/w0E7wycSSg,Unknown,German,6/5/2017 9:36,6/5/2017 9:37,126,102,73,,German,0,NonEnglish,0,750676651562926080,871662094462091265,http://twitter.com/750676651562926080/statuses/871662094462091265,http://www.heute.de/elmar-thevessen-ueber-den-feigen-plan-der-terroristen-47313440.html,,
751000000000000000,JOHANNBERGBERG,Finanzierung des IS - Mehrere arabische Staaten brechen diplomatische Beziehungen zu Katar ab. https://t.co/UPOE8P9Sb9?amp=1,Unknown,German,6/5/2017 9:36,6/5/2017 9:36,126,102,72,RETWEET,German,1,NonEnglish,0,750676651562926080,871662059385180161,http://twitter.com/750676651562926080/statuses/871662059385180161,http://fb.me/8vjOJKjmN,,
751000000000000000,JOHANNBERGBERG,#Gabriel reist zu Krisengesprächen in die Türkei ab https://t.co/5F0oIyhX9d,Unknown,German,6/5/2017 9:37,6/5/2017 9:38,126,102,75,,German,0,NonEnglish,0,750676651562926080,871662355826040833,http://twitter.com/750676651562926080/statuses/871662355826040833,http://www.t-online.de/-/id_81360814/,,
751000000000000000,JOHANNBERGBERG,In Arnschwang kommt ein Junge in einer Asylunterkunft ums Leben. Jetzt ist seine Todesursache geklärt. https://t.co/5oO3DZeDAj,Unknown,German,6/5/2017 9:37,6/5/2017 9:37,126,102,74,RETWEET,German,1,NonEnglish,0,750676651562926080,871662141996244992,http://twitter.com/750676651562926080/statuses/871662141996244992,http://sz.de/1.3534117,,
751000000000000000,JOHANNBERGBERG,'+++ Bundestagswahl im News-Ticker +++ - BSI-Chef warnt vor Manipulationen im Wahlkampf https://t.co/ld3xjvi9R3',Unknown,German,6/6/2017 10:40,6/6/2017 10:40,126,102,58,RETWEET,German,1,NonEnglish,0,750676651562926080,872040506066444289,http://twitter.com/750676651562926080/statuses/872040506066444289,http://www.focus.de/politik/deutschland/bundestagswahl_2017/bundestagswahl-im-news-ticker-bsi-chef-warnt-vor-manipulationen-im-wahlkampf_id_7217246.html,,
751000000000000000,JOHANNBERGBERG,Ramadan als Begründung: 37-Jähriger geht im Bus auf Mann los https://t.co/u6TebPlgyU https://t.co/elMuVsAeDg,Unknown,German,6/6/2017 10:41,6/6/2017 10:41,126,102,59,RETWEET,German,1,NonEnglish,0,750676651562926080,872040625952174080,http://twitter.com/750676651562926080/statuses/872040625952174080,https://twitter.com/welt/status/872032741793071104/photo/1,http://to.welt.de/LroIBdB,
751000000000000000,JOHANNBERGBERG,Panik bricht aus: Hamsterkäufe und leere Regale – im reichsten Land der Welt https://t.co/wPEKRxJqtn https://t.co/NK4FM2Wsvd,Unknown,German,6/6/2017 10:41,6/6/2017 10:41,126,102,60,RETWEET,German,1,NonEnglish,0,750676651562926080,872040661494751232,http://twitter.com/750676651562926080/statuses/872040661494751232,https://twitter.com/welt/status/872020786550329345/photo/1,http://to.welt.de/y19s4s7,
751000000000000000,JOHANNBERGBERG,"""Rock gegen Links"" Frei.Wild, Andreas Gabalier, Heinz Rudolf Kunze und moderiert von Dieter Nuhr. Das wird geil!!",Unknown,German,7/10/2017 10:25,7/10/2017 10:26,126,103,331,RETWEET,German,1,NonEnglish,0,750676651562926080,884358026769072128,http://twitter.com/750676651562926080/statuses/884358026769072128,,,
751000000000000000,JOHANNBERGBERG,"'@BILD unterstützt die Polizei, fragt: Wer kennt die Personen auf diesen Bildern? @jreichelt https://t.co/0owLVOj8DC'",Unknown,German,7/10/2017 10:25,7/10/2017 10:25,126,103,330,RETWEET,German,1,NonEnglish,0,750676651562926080,884358009421475841,http://twitter.com/750676651562926080/statuses/884358009421475841,http://m.bild.de/news/inland/g20-gipfel/wer-kennt-diese-verbrecher-52493328.bildMobile.html,,
751000000000000000,JOHANNBERGBERG,How apps can help manage chronic diseases https://t.co/o7c6pryVLd,Unknown,English,7/10/2017 10:26,7/10/2017 10:26,126,103,332,RETWEET,German,1,NonEnglish,0,750676651562926080,884358045190545408,http://twitter.com/750676651562926080/statuses/884358045190545408,https://www.wsj.com/articles/how-apps-can-help-manage-chronic-diseases-1498443120,,
751000000000000000,JOHANNBERGBERG,Bei Krawallen in #Schanze sollen auch Rechte mitrandaliert haben. Gemengelage immer chaotischer / via @umsturzvegan  https://t.co/TUdlLBXaqY,Unknown,German,7/10/2017 11:26,7/10/2017 11:26,126,103,333,RETWEET,German,1,NonEnglish,0,750676651562926080,884373349174042626,http://twitter.com/750676651562926080/statuses/884373349174042626,http://mobil.mopo.de/hamburg/g20/bei-krawallen-in-der-schanze-auch-rechte-randalierten-mit-27941982?originalReferrer=,,
751000000000000000,JOHANNBERGBERG,.@MESandbu's Free Lunch: Keynesian Germany-bashing is five years out of date https://t.co/wbwvfnzW8p #ftfreelunch via @FT @FTEconomics,Unknown,English,7/10/2017 11:26,7/10/2017 11:27,126,103,334,RETWEET,German,1,NonEnglish,0,750676651562926080,884373366261637120,http://twitter.com/750676651562926080/statuses/884373366261637120,https://www.ft.com/128f19fe-6552-11e7-8526-7b38dcaef614,,
751000000000000000,JOHANNBERGBERG,"Zum 40-jährigen Jubiläum von ""1, 2 oder 3"" suchen wir das allererste Kamerakind. Helft uns bitte bei der Suche! Wer kennt Karsten Herrmann? https://t.co/3rVenfi7HG",Unknown,German,7/10/2017 11:27,7/10/2017 11:27,126,103,335,RETWEET,German,1,NonEnglish,0,750676651562926080,884373383676297216,http://twitter.com/750676651562926080/statuses/884373383676297216,https://twitter.com/ZDF/status/884350887984074752/video/1,,
751000000000000000,JOHANNBERGBERG,"Ex-Prof der Hochschule der Polizei in Münster zu #G20-Gipfel: ""Eine harte Linie gebiert Eskalation."" #G20HAM17  https://t.co/0jhdIIviG0",Unknown,German,7/10/2017 12:27,7/10/2017 12:27,126,103,338,RETWEET,German,1,NonEnglish,0,750676651562926080,884388695213821952,http://twitter.com/750676651562926080/statuses/884388695213821952,http://www.sueddeutsche.de/kolumne/g-gipfel-eine-harte-linie-gebiert-eskalation-1.3577711,,
751000000000000000,JOHANNBERGBERG,#democracy2017: The President. https://t.co/0GPJW8YKMX,Unknown,English,7/10/2017 12:27,7/10/2017 12:27,126,103,336,RETWEET,German,1,NonEnglish,0,750676651562926080,884388657368584194,http://twitter.com/750676651562926080/statuses/884388657368584194,https://twitter.com/realdonaldtrump/status/884378624660582405,,
751000000000000000,JOHANNBERGBERG,Unser Land muss sich gegen jeden gewalttätigen Extremismus stellen. #G20 https://t.co/xjzfp4rcej,Unknown,Finnish,7/10/2017 12:27,7/10/2017 12:27,126,103,337,RETWEET,German,1,NonEnglish,0,750676651562926080,884388677106970625,http://twitter.com/750676651562926080/statuses/884388677106970625,https://twitter.com/hubertus_heil/status/884383535716585472/photo/1,,
751000000000000000,JOHANNBERGBERG,Liebe @EllenDemuth Happy Birthday! #WennFraktionskollegenÄlterWerdenAberJungBleiben,Unknown,German,7/10/2017 14:30,7/10/2017 14:30,126,103,340,RETWEET,German,1,NonEnglish,0,750676651562926080,884419591715401728,http://twitter.com/750676651562926080/statuses/884419591715401728,,,
751000000000000000,JOHANNBERGBERG,"1/2 Meines Wissens gibt es derzeit nur die Projekte von @hubertus_knabe und Klaus Schröder, die sich explizit gegen Linksextremismus richten https://t.co/yXBiJfhWVk",Unknown,German,7/10/2017 15:32,7/10/2017 15:33,126,103,344,RETWEET,German,1,NonEnglish,0,750676651562926080,884435285823696901,http://twitter.com/750676651562926080/statuses/884435285823696901,https://twitter.com/katarinabarley/status/884383454741352449,,
751000000000000000,JOHANNBERGBERG,"Was soll das? Islam pauschal mit Islamismus gleich zu setzen, ist platt, gegen die Fakten und verblendet. Lösen Sie so Probleme? https://t.co/WUeAgEC5IF",Unknown,German,7/10/2017 15:32,7/10/2017 15:33,126,103,343,RETWEET,German,1,NonEnglish,0,750676651562926080,884435268157177856,http://twitter.com/750676651562926080/statuses/884435268157177856,https://twitter.com/kohlenmunk/status/884429056204320768,,
751000000000000000,JOHANNBERGBERG,Pol. Video der #welcometohell Demo. Angeblich hatten doch so viele ihre Vermummung abgenommen. Dafür sieht man ziemlich viele Verschleierte. https://t.co/a0n8S3WBJI,Unknown,German,7/10/2017 16:35,7/10/2017 16:37,126,103,346,RETWEET,German,1,NonEnglish,0,750676651562926080,884451114107760641,http://twitter.com/750676651562926080/statuses/884451114107760641,https://twitter.com/VoehringerH/status/884416233701093376/photo/1,,
751000000000000000,JOHANNBERGBERG,Der Späti ums Eck hat jetzt #WLAN!,Unknown,German,7/10/2017 16:35,7/10/2017 16:36,126,103,347,RETWEET,German,1,NonEnglish,0,750676651562926080,884451132168433664,http://twitter.com/750676651562926080/statuses/884451132168433664,,,
751000000000000000,JOHANNBERGBERG,"Mach mal die Umfrage in den Ferien, dann antworten nur 130 von 600 Professoren... ;) https://t.co/Vrw1fRcZw7",Unknown,German,7/10/2017 17:36,7/10/2017 17:37,126,103,348,RETWEET,German,1,NonEnglish,0,750676651562926080,884466481261682692,http://twitter.com/750676651562926080/statuses/884466481261682692,https://twitter.com/GustavAHorn/status/884303346638753792,,
751000000000000000,JOHANNBERGBERG,'@uniwave @horn Exklusives Kamerateam. Und cleverer in der Vermarktung ...',Unknown,English,7/10/2017 17:37,7/10/2017 17:37,126,103,349,RETWEET,German,1,NonEnglish,0,750676651562926080,884466498680623104,http://twitter.com/750676651562926080/statuses/884466498680623104,,,
751000000000000000,JOHANNBERGBERG,"'@LarsWienand @horn Ist das dann noch exklusiv, wenn eh jeder da war?'",Unknown,German,7/10/2017 17:37,7/10/2017 17:37,126,103,350,RETWEET,German,1,NonEnglish,0,750676651562926080,884466516015689728,http://twitter.com/750676651562926080/statuses/884466516015689728,,,
751000000000000000,JOHANNBERGBERG,'@uniwave @horn Retweets noch nie. Das waren Instagram-Follower. Aber vielleicht testet @kscheib eine neue Funktionalität am Automaten? ;-)',Unknown,German,7/10/2017 18:40,7/10/2017 18:40,126,103,353,RETWEET,German,1,NonEnglish,0,750676651562926080,884482394912419840,http://twitter.com/750676651562926080/statuses/884482394912419840,,,
751000000000000000,JOHANNBERGBERG,'@uniwave @horn dpa wird dann auch gleich noch Fotos schicken.',Unknown,German,7/10/2017 18:40,7/10/2017 18:40,126,103,352,RETWEET,German,1,NonEnglish,0,750676651562926080,884482377371799552,http://twitter.com/750676651562926080/statuses/884482377371799552,,,
751000000000000000,JOHANNBERGBERG,Took a nap and woke up in the French countryside 🌻🌼 #pasmal #lost https://t.co/KFsQiwbjdR,Unknown,English,7/10/2017 18:40,7/10/2017 18:40,126,103,351,RETWEET,German,1,NonEnglish,0,750676651562926080,884482359046942723,http://twitter.com/750676651562926080/statuses/884482359046942723,https://twitter.com/ToniGarrn/status/884477077914877953/photo/1,,
751000000000000000,JOHANNBERGBERG,Google and Facebook are changing journalism forever https://t.co/LDyDPdKFfF,Unknown,English,7/10/2017 19:41,7/10/2017 19:41,126,103,355,RETWEET,German,1,NonEnglish,0,750676651562926080,884497800687497216,http://twitter.com/750676651562926080/statuses/884497800687497216,http://www.independent.co.uk/news/world/americas/google-facebook-online-journalism-advertising-revenue-congress-new-york-times-wall-street-journal-a7832696.html,,
751000000000000000,JOHANNBERGBERG,Amazon-Echo-Alternative: Google Home kommt wahrscheinlich im August mit neuen Features nach Deutschland https://t.co/LTU736NwIN,Unknown,German,7/10/2017 19:41,7/10/2017 19:41,126,103,354,RETWEET,German,1,NonEnglish,0,750676651562926080,884497782324768768,http://twitter.com/750676651562926080/statuses/884497782324768768,http://t3n.de/news/google-home-offiziell-preis-release-deutschland-funktionen-august-751999/,,
751000000000000000,JOHANNBERGBERG,Tonight I outlined my vision for the future of London as the city’s population heads towards 10 million people https://t.co/F9qGU0Csja https://t.co/jdiVmg3aPc,Unknown,English,7/10/2017 19:41,7/10/2017 19:41,126,103,356,RETWEET,German,1,NonEnglish,0,750676651562926080,884497820446806017,http://twitter.com/750676651562926080/statuses/884497820446806017,https://twitter.com/MayorofLondon/status/884487727684739072/photo/1,https://www.london.gov.uk/press-releases/mayoral/mayor-sets-out-his-vision-for-the-future-of-london,
751000000000000000,JOHANNBERGBERG,"Bewerbungsgespräch bei der Fremdenlegion ""Qualikationen?"" ""GSG9, SEK, MI6."" ""Sorry."" ""Und ich war Kameramann bei @SPIEGELTV"" ""Welcome!"" #G20",Unknown,German,7/10/2017 2:15,7/10/2017 2:15,126,103,313,RETWEET,German,1,NonEnglish,0,750676651562926080,884234634632056832,http://twitter.com/750676651562926080/statuses/884234634632056832,,,
751000000000000000,JOHANNBERGBERG,"Wir klären das morgen ganz in Ruhe - von Verschwörungstheorien bitten wir bis dahin Abstand zu nehmen. Geruhsame Nacht, Eure ARD https://t.co/gPGYe85Ulc",Unknown,German,7/10/2017 2:15,7/10/2017 2:15,126,103,314,RETWEET,German,1,NonEnglish,0,750676651562926080,884234654605123584,http://twitter.com/750676651562926080/statuses/884234654605123584,https://twitter.com/FOCUS_TopNews/status/884145392924983296,,
751000000000000000,JOHANNBERGBERG,#Camden fire is on the doorstep of @AP London bureau. Looks a lot closer than the one that took out the Hawley Arms. Hope everyone is safe.,Unknown,English,7/10/2017 2:15,7/10/2017 2:16,126,103,312,RETWEET,German,1,NonEnglish,0,750676651562926080,884234613492723713,http://twitter.com/750676651562926080/statuses/884234613492723713,,,
751000000000000000,JOHANNBERGBERG,Good Morning Wetter-Follower! 14 Grad sind es jetzt gerade in #Hamburg. Die Top-Temperatur heute: 19 Grad.,Unknown,German,7/10/2017 4:18,7/10/2017 4:18,126,103,316,RETWEET,German,1,NonEnglish,0,750676651562926080,884265587442110465,http://twitter.com/750676651562926080/statuses/884265587442110465,,,
751000000000000000,JOHANNBERGBERG,A different web https://t.co/beLFxeNSVB,Unknown,English,7/10/2017 4:18,7/10/2017 4:18,126,103,315,RETWEET,German,1,NonEnglish,0,750676651562926080,884265570635591680,http://twitter.com/750676651562926080/statuses/884265570635591680,http://bbc.in/2u7ZHLa,,
751000000000000000,JOHANNBERGBERG,Sonntagsfrage 1/2: Wie zur #BTW17 aufm Laufenden bleiben? Zum Beispiel mit dem Wahl-Push der @SZ Apps (iOS/Android): https://t.co/oGf4Vpm1Pf,Unknown,German,7/10/2017 5:20,7/10/2017 5:21,126,103,317,RETWEET,German,1,NonEnglish,0,750676651562926080,884281170334281728,http://twitter.com/750676651562926080/statuses/884281170334281728,https://produkte.sueddeutsche.de/sz-de-app-wahl-push/,,
751000000000000000,JOHANNBERGBERG,Die Schlammschlacht im Journalistik-Studiengang der Uni Leipzig geht weiter. 🍿 https://t.co/1LtGCnu6rw,Unknown,German,7/10/2017 6:22,7/10/2017 6:22,126,103,320,RETWEET,German,1,NonEnglish,0,750676651562926080,884296670984491008,http://twitter.com/750676651562926080/statuses/884296670984491008,https://twitter.com/dietzschwiesau/status/884282994290307073,,
751000000000000000,JOHANNBERGBERG,Hier wird @SPIEGELONLINE für die ganz junge Zielgruppe gemacht: Ein Video-Besuch beim Snapchat-Team von @frau_boe. https://t.co/SQ0WlSo9dV,Unknown,German,7/10/2017 6:22,7/10/2017 6:22,126,103,319,RETWEET,German,1,NonEnglish,0,750676651562926080,884296654123356161,http://twitter.com/750676651562926080/statuses/884296654123356161,https://www.youtube.com/watch?v=gufl4IS3-e0,,
751000000000000000,JOHANNBERGBERG,"If it was ""very very bad"" before what is it now? German current account surplus rises to 17.3 bln euros in May from 14.9 bln in Apr",Unknown,English,7/10/2017 7:22,7/10/2017 7:22,126,103,323,RETWEET,German,1,NonEnglish,0,750676651562926080,884311761595375616,http://twitter.com/750676651562926080/statuses/884311761595375616,,,
751000000000000000,JOHANNBERGBERG,"Oh @RTLde, @SPIEGELTV von diesem Sendeplatz zu schießen, ein großer Fehler! Bockstark heute wieder!!! Und es sind erst 25 Minuten gelaufen!",Unknown,German,7/10/2017 7:22,7/10/2017 7:22,126,103,322,RETWEET,German,1,NonEnglish,0,750676651562926080,884311744600055809,http://twitter.com/750676651562926080/statuses/884311744600055809,,,
751000000000000000,JOHANNBERGBERG,Photo on the left is making the rounds on social media. Photo on the right is the original Getty Image. https://t.co/E9aoCI6eCu,Unknown,English,7/10/2017 8:22,7/10/2017 8:22,126,103,325,RETWEET,German,1,NonEnglish,0,750676651562926080,884326987833241600,http://twitter.com/750676651562926080/statuses/884326987833241600,https://twitter.com/evanmcmurry/status/884121904029806592/photo/1,,
751000000000000000,JOHANNBERGBERG,die Top Links des Tages: “Virtual Reality: Eine Revolution auf Standby” https://t.co/KF9xB7Px11,Unknown,German,7/10/2017 9:23,7/10/2017 9:23,126,103,328,RETWEET,German,1,NonEnglish,0,750676651562926080,884342370606755840,http://twitter.com/750676651562926080/statuses/884342370606755840,http://nzzl.us/NPwccaJ,,
751000000000000000,JOHANNBERGBERG,"A little pressure from France Inc can do wonders: tax cuts in 2018 after all, Macron decided https://t.co/frBXam0GsZ via @Reuters",Unknown,English,7/10/2017 9:23,7/10/2017 9:23,126,103,327,RETWEET,German,1,NonEnglish,0,750676651562926080,884342354034995202,http://twitter.com/750676651562926080/statuses/884342354034995202,http://reut.rs/2u3xnsD,,
751000000000000000,JOHANNBERGBERG,Der Agrar-Wahnsinn: Warum die #EU 40% ihres Budgets für die Landwirtschaft ausgibt https://t.co/C8O1z1gN7F #GAP #CAP,Unknown,German,7/11/2017 10:27,7/11/2017 10:28,126,104,380,RETWEET,German,1,NonEnglish,0,750676651562926080,884720877643993088,http://twitter.com/750676651562926080/statuses/884720877643993088,http://spon.de/ae09I,,
751000000000000000,JOHANNBERGBERG,'@dvg @ChrisStoecker *sich 🙄',Unknown,English,7/11/2017 10:27,7/11/2017 10:27,126,104,379,RETWEET,German,1,NonEnglish,0,750676651562926080,884720860204064768,http://twitter.com/750676651562926080/statuses/884720860204064768,,,
751000000000000000,JOHANNBERGBERG,Grenzkontrollen funktionieren. Wenn man will https://t.co/Vi2knrg81A via @welt,Unknown,English,7/11/2017 10:27,7/11/2017 10:28,126,104,378,RETWEET,German,1,NonEnglish,0,750676651562926080,884720842210463744,http://twitter.com/750676651562926080/statuses/884720842210463744,https://www.welt.de/politik/deutschland/article166521749/Knapp-1000-Personen-bei-Grenzkontrollen-zurueckgewiesen.html?wtmc=socialmedia.twitter.shared.web,,
751000000000000000,JOHANNBERGBERG,"""Leben &amp; Berichten im Exil"" - @weesejen hat das Event in einem Blogbeitrag schön zusammengefasst: https://t.co/UZaZ6ucygP. #mabb #ALEXVolos https://t.co/PlC6iXjNXk",Unknown,German,7/11/2017 11:28,7/11/2017 11:28,126,104,383,RETWEET,German,1,NonEnglish,0,750676651562926080,884736248363012097,http://twitter.com/750676651562926080/statuses/884736248363012097,https://twitter.com/ALEX_berlin_de/status/884728687056359432/photo/1,http://blog.alex-berlin.de/gesellschaft/leben-und-berichten-im-exil/,
751000000000000000,JOHANNBERGBERG,dpa-Live gibt es jetzt auch auf der Plattform von @Sourcefabric. Mehr dazu in diesem #Blogbeitrag https://t.co/OMiyBYFr1p https://t.co/9rGD6ODn13,Unknown,German,7/11/2017 11:28,7/11/2017 11:28,126,104,381,RETWEET,German,1,NonEnglish,0,750676651562926080,884736213315399680,http://twitter.com/750676651562926080/statuses/884736213315399680,https://twitter.com/dpa_unternehmen/status/884700836584189952/photo/1,https://liveblog.pro/en/buy-sell-share-liveblog-new-marketplace/,
751000000000000000,JOHANNBERGBERG,"Hallo Deutschland, ich bin ja schon was länger weg. Ist ""drübermausen"" für ""mouse over"" inzwischen akzeptierter Sprachgebrauch, bitte? 🐭",Unknown,German,7/11/2017 12:30,7/11/2017 12:31,126,104,384,RETWEET,German,1,NonEnglish,0,750676651562926080,884751865744961536,http://twitter.com/750676651562926080/statuses/884751865744961536,,,
751000000000000000,JOHANNBERGBERG,Der neue Newsletter aus #Spandau ist gleich fertig. Hier schon mal die Themen - bis gleich. Bestellung: https://t.co/Tkr12AzGS2 @TspLeute https://t.co/jdeiIgEpBg,Unknown,German,7/11/2017 12:31,7/11/2017 12:31,126,104,386,RETWEET,German,1,NonEnglish,0,750676651562926080,884751901530742786,http://twitter.com/750676651562926080/statuses/884751901530742786,https://twitter.com/Tsp_Spandau/status/884743280734470144/photo/1,http://www.tagesspiegel.de/leute,
751000000000000000,JOHANNBERGBERG,"Zeitzeugenportal sammelt #Berlin-Geschichten: ""Die Amerikaner mit ihren Jeeps waren extrem spannend"".https://t.co/JMKlnNXRdY https://t.co/hqcdh6VCb0",Unknown,German,7/11/2017 12:31,7/11/2017 12:31,126,104,385,RETWEET,German,1,NonEnglish,0,750676651562926080,884751884074045440,http://twitter.com/750676651562926080/statuses/884751884074045440,https://twitter.com/stadtleben/status/884666458101489664/photo/1,http://www.tagesspiegel.de/berlin/zeitzeugenportal-sammelt-berlin-geschichten-die-amerikaner-mit-ihren-jeeps-waren-fuer-mich-extrem-spannend/20036546.html,
751000000000000000,JOHANNBERGBERG,"Over at RBTH, they're making sure people googling 'The Bolshoi' today don't just find all those nasty articles re: cancelled Nureyev piece https://t.co/j6TOK3fkJL",Unknown,English,7/11/2017 13:32,7/11/2017 13:32,126,104,388,RETWEET,German,1,NonEnglish,0,750676651562926080,884767424167497728,http://twitter.com/750676651562926080/statuses/884767424167497728,https://twitter.com/kscheib/status/884762794826051584/photo/1,,
751000000000000000,JOHANNBERGBERG,Eurozone country that absorbs largest % German trade surplus is France which is far from full employment @MESandbu  https://t.co/BsAoODtoxh https://t.co/7ji0XJWsmE,Unknown,English,7/11/2017 13:32,7/11/2017 13:32,126,104,389,RETWEET,German,1,NonEnglish,0,750676651562926080,884767441708097538,http://twitter.com/750676651562926080/statuses/884767441708097538,https://twitter.com/adam_tooze/status/884759184620658689/photo/1,https://www.ft.com/content/128f19fe-6552-11e7-8526-7b38dcaef614,
751000000000000000,JOHANNBERGBERG,"Ist Kapitalismuskritik weniger glaubhaft, wenn man teure Turnschuhe trägt? Bisschen billig, findet @frau_boe. https://t.co/lW6VFqpds4",Unknown,German,7/11/2017 13:32,7/11/2017 13:33,126,104,387,RETWEET,German,1,NonEnglish,0,750676651562926080,884767395113467906,http://twitter.com/750676651562926080/statuses/884767395113467906,http://www.spiegel.de/politik/deutschland/g20-gipfel-in-hamburg-in-markenklamotten-gegen-das-system-a-1157164-amp.html,,
751000000000000000,JOHANNBERGBERG,The Rock is one massive step closer to becoming US president https://t.co/8lTXcsXMo1 https://t.co/AAQE7xJMtH,Unknown,English,7/11/2017 14:33,7/11/2017 14:34,126,104,390,RETWEET,German,1,NonEnglish,0,750676651562926080,884782795071119365,http://twitter.com/750676651562926080/statuses/884782795071119365,https://twitter.com/NME/status/884775756055945216/photo/1,http://trib.al/fuSrFBZ,
751000000000000000,JOHANNBERGBERG,"Was sagt Olaf Scholz zu #G20, was Manuela Schwesig zu #MV? Regierungserklärungen am 12.7. live im #NDRFernsehen @ndr https://t.co/nkjpWUM8uT",Unknown,German,7/11/2017 14:33,7/11/2017 14:35,126,104,391,RETWEET,German,1,NonEnglish,0,750676651562926080,884782812754309121,http://twitter.com/750676651562926080/statuses/884782812754309121,http://ow.ly/1kaB30dxaOv,,
751000000000000000,JOHANNBERGBERG,Exclusive: “If it’s what you say I love it.” The Times now has seen the Donald Trump Jr emails. https://t.co/CgdD1xUIgt,Unknown,English,7/11/2017 15:34,7/11/2017 15:35,126,104,393,RETWEET,German,1,NonEnglish,0,750676651562926080,884798134181912576,http://twitter.com/750676651562926080/statuses/884798134181912576,http://nyti.ms/2tEHZgL,,
751000000000000000,JOHANNBERGBERG,"BREAKING: Times has the email to Donald Trump Jr. offering Russian aid. His reply: ""If it's what you say I love it."" https://t.co/82au9stujx",Unknown,English,7/11/2017 15:34,7/11/2017 15:35,126,104,394,RETWEET,German,1,NonEnglish,0,750676651562926080,884798151902863360,http://twitter.com/750676651562926080/statuses/884798151902863360,https://nyti.ms/2u2anKA,,
751000000000000000,JOHANNBERGBERG,"“This is obviously very high level and sensitive information but is part of Russia and its government’s support for Mr. Trump"" https://t.co/lhB5Qg0Djs",Unknown,English,7/11/2017 15:34,7/11/2017 15:35,126,104,395,RETWEET,German,1,NonEnglish,0,750676651562926080,884798171129532416,http://twitter.com/750676651562926080/statuses/884798171129532416,https://twitter.com/DonaldJTrumpJr/status/884789839522140166,,
751000000000000000,JOHANNBERGBERG,"#PSA for @DonaldJTrumpJr: Russia has no ""Crown Prosecutor"". But it has a Prosecutor General who's quite interesting: https://t.co/p8kM2c93gx",Unknown,English,7/11/2017 16:35,7/11/2017 16:35,126,104,396,RETWEET,German,1,NonEnglish,0,750676651562926080,884813502690590720,http://twitter.com/750676651562926080/statuses/884813502690590720,https://themoscowtimes.com/news/navalny-exposes-russias-top-prosecutor-threatens-to-sue-51060,,
751000000000000000,JOHANNBERGBERG,Wie ist die Lage in #Mossul wirklich? @doktordab spricht mit Sebastian Jünemann von @cadus_org https://t.co/wgshqLOtwy,Unknown,German,7/11/2017 16:35,7/11/2017 16:36,126,104,397,RETWEET,German,1,NonEnglish,0,750676651562926080,884813521674006528,http://twitter.com/750676651562926080/statuses/884813521674006528,https://www.pscp.tv/w/bDOgMzI2NzA1MTR8MXlOR2FxYm12YkRHap7Z9gNLG_Os3zNoW0OVP6D4RBPfgvtSVP_0-Fst6BH5,,
751000000000000000,JOHANNBERGBERG,Touché! Peter-Matthias Gaede in der Zwölf... #G20 #G20HAM #G20Ham17 #NoG20 #Schanze #Welcometohell https://t.co/fIThy3Wj4E via @faznet,Unknown,English,7/11/2017 16:36,7/11/2017 16:36,126,104,398,RETWEET,German,1,NonEnglish,0,750676651562926080,884813539331932160,http://twitter.com/750676651562926080/statuses/884813539331932160,http://www.faz.net/-ijb-8zo70?GEPC=s3,,
751000000000000000,JOHANNBERGBERG,Das ist ja 🙈! In einer Handvoll Stunden waren die ersten 100 Tickets für je Samstag und Sonntag für das Barcamp Düsseldorf weg! #barcampdus,Unknown,German,7/11/2017 17:37,7/11/2017 17:38,126,104,400,RETWEET,German,1,NonEnglish,0,750676651562926080,884829064162406400,http://twitter.com/750676651562926080/statuses/884829064162406400,,,
751000000000000000,JOHANNBERGBERG,Quasi rechtsfreie Räume wie Rote Flora o. Rigaer Str. müssen geschlosssen werden! Auch Kontrollen an dt. Außengrenzen fortsetzen. #Banz17 https://t.co/RapRIAKBM7,Unknown,German,7/11/2017 17:37,7/11/2017 17:37,126,104,401,RETWEET,German,1,NonEnglish,0,750676651562926080,884829083963731968,http://twitter.com/750676651562926080/statuses/884829083963731968,https://twitter.com/csu_bt/status/884691269280309249,,
751000000000000000,JOHANNBERGBERG,"Jetzt fragt sogar schon @GalileoLIVE, ob man selbst zur Fahndung aufrufen oder private Aufrufe verbreiten darf. Antwort: Nein. #g20",Unknown,German,7/11/2017 17:37,7/11/2017 17:37,126,104,399,RETWEET,German,1,NonEnglish,0,750676651562926080,884829046290436096,http://twitter.com/750676651562926080/statuses/884829046290436096,,,
751000000000000000,JOHANNBERGBERG,"Inzwischen mehrere Hundert junge Menschen bei #hal1107, um gegen das Hausprojekt der ""Identitären"" zu demonstrieren. Stimmung sehr locker. https://t.co/3zhQoCd0YV",Unknown,German,7/11/2017 18:38,7/11/2017 18:38,126,104,403,RETWEET,German,1,NonEnglish,0,750676651562926080,884844413918359553,http://twitter.com/750676651562926080/statuses/884844413918359553,https://twitter.com/lepettre/status/884812590735650816/photo/1,,
751000000000000000,JOHANNBERGBERG,Bundespolizei sagt @TOnline_TopNews: Bei Grenzkontrollen vor #G20HH2017 wurden in 1 Monat nur 61 Personen abgewiesen https://t.co/GlOQhdW7vt,Unknown,German,7/11/2017 18:38,7/11/2017 18:39,126,104,404,RETWEET,German,1,NonEnglish,0,750676651562926080,884844430989168640,http://twitter.com/750676651562926080/statuses/884844430989168640,http://www.t-online.de/nachrichten/deutschland/innenpolitik/id_81640518/g20-gewalt-so-ineffizient-waren-die-grenzkontrollen.html,,
751000000000000000,JOHANNBERGBERG,China: Flüchtlinge sind keine Migranten  https://t.co/aZGd8cRlWM,Unknown,German,7/11/2017 19:40,7/11/2017 19:40,126,104,406,RETWEET,German,1,NonEnglish,0,750676651562926080,884860018088194048,http://twitter.com/750676651562926080/statuses/884860018088194048,https://www.tichyseinblick.de/kolumnen/aus-aller-welt/china-fluechtlinge-sind-keine-migranten/,,
751000000000000000,JOHANNBERGBERG,Key timeline of events before and after Don Jr. got emails about Russian govt seeking to help elect Donald Trump in June of 2016 https://t.co/823q0XeArg,Unknown,English,7/11/2017 19:40,7/11/2017 19:40,126,104,405,RETWEET,German,1,NonEnglish,0,750676651562926080,884859998832033792,http://twitter.com/750676651562926080/statuses/884859998832033792,https://twitter.com/igorvolsky/status/884805928872235009/photo/1,,
751000000000000000,JOHANNBERGBERG,"Someone is carefully orchestrating these leaks. Drip, drip, drip... https://t.co/P9GZJAUuxI",Unknown,English,7/11/2017 2:15,7/11/2017 2:15,126,103,357,RETWEET,German,1,NonEnglish,0,750676651562926080,884597033323159554,http://twitter.com/750676651562926080/statuses/884597033323159554,https://twitter.com/nytimes/status/884580641433690112,,
751000000000000000,JOHANNBERGBERG,How likely was it that Trump knew nothing about Don Jr.'s meetings w/Russians bearing dirt on Clinton? https://t.co/PoPmze8AFR https://t.co/Ffozxew2vo,Unknown,English,7/11/2017 3:17,7/11/2017 3:17,126,103,360,RETWEET,German,1,NonEnglish,0,750676651562926080,884612631952314368,http://twitter.com/750676651562926080/statuses/884612631952314368,https://twitter.com/TimOBrien/status/884603986300600320/photo/1,https://www.bloomberg.com/view/articles/2017-06-21/trump-russia-and-those-shadowy-sater-deals-at-bayrock,
751000000000000000,JOHANNBERGBERG,"""Eine der brisantesten Listen, die je zusammengestellt wurde."" https://t.co/YAHRVp7LXE",Unknown,German,7/11/2017 4:18,7/11/2017 4:18,126,103,361,RETWEET,German,1,NonEnglish,0,750676651562926080,884627967401480194,http://twitter.com/750676651562926080/statuses/884627967401480194,https://twitter.com/tagesschau/status/884612439031021568,,
751000000000000000,JOHANNBERGBERG,One of them: Blackwater founder Erik Prince. Remember the Nisour Square massacre? https://t.co/tYIpQIml57,Unknown,English,7/11/2017 4:18,7/11/2017 4:19,126,103,362,RETWEET,German,1,NonEnglish,0,750676651562926080,884627985902514176,http://twitter.com/750676651562926080/statuses/884627985902514176,https://twitter.com/nytimesworld/status/884605681374035968,,
751000000000000000,JOHANNBERGBERG,Good Morning Wetter-Follower! 14 Grad sind es jetzt gerade in #Hamburg. Die Top-Temperatur heute: 22 Grad.,Unknown,German,7/11/2017 4:18,7/11/2017 4:18,126,103,363,RETWEET,German,1,NonEnglish,0,750676651562926080,884628003350773760,http://twitter.com/750676651562926080/statuses/884628003350773760,,,
751000000000000000,JOHANNBERGBERG,"Online-Journalismus, oder wie man neuerdings oft sagt: Buzzfeed mit DPA-Material.",Unknown,English,7/11/2017 5:20,7/11/2017 5:20,126,103,365,RETWEET,German,1,NonEnglish,0,750676651562926080,884643624335667200,http://twitter.com/750676651562926080/statuses/884643624335667200,,,
751000000000000000,JOHANNBERGBERG,.@horn &amp; @JUSMAKL durften Facebooks Löschzentrum in Berlin besuchen. Dabei blieben jedoch viele Fragen offen. https://t.co/qohCRbIIJh,Unknown,German,7/11/2017 5:20,7/11/2017 5:21,126,103,364,RETWEET,German,1,NonEnglish,0,750676651562926080,884643605561913345,http://twitter.com/750676651562926080/statuses/884643605561913345,https://twitter.com/tagesthemen/status/884631109761368064/video/1,,
751000000000000000,JOHANNBERGBERG,Wie war das nochmal mit Pressefreiheit und Datenschutz? https://t.co/1HtC05jYpt,Unknown,German,7/11/2017 6:21,7/11/2017 6:21,126,103,366,RETWEET,German,1,NonEnglish,0,750676651562926080,884658930982543360,http://twitter.com/750676651562926080/statuses/884658930982543360,http://www.tagesschau.de/inland/gzwanzig-journalisten-109.html,,
751000000000000000,JOHANNBERGBERG,"Oh, gilt heute auch noch. https://t.co/737FJOtFGk",Unknown,German,7/11/2017 6:21,7/11/2017 6:21,126,103,367,RETWEET,German,1,NonEnglish,0,750676651562926080,884658950276341760,http://twitter.com/750676651562926080/statuses/884658950276341760,https://twitter.com/fiene/status/884482226238484480,,
751000000000000000,JOHANNBERGBERG,The Senate's controversial Russia sanctions bill seems to be going nowhere https://t.co/lzFpMB19Q5,Unknown,English,7/11/2017 7:24,7/11/2017 7:25,126,103,371,RETWEET,German,1,NonEnglish,0,750676651562926080,884674836878028800,http://twitter.com/750676651562926080/statuses/884674836878028800,http://www.reuters.com/article/us-usa-sanctions-congress-idUSKBN19V2SA,,
751000000000000000,JOHANNBERGBERG,"Donald Trump Jr may have arranged the meeting, but let's not forget Kushner broke the law when he lied about it on his security form",Unknown,English,7/11/2017 7:24,7/11/2017 7:24,126,103,369,RETWEET,German,1,NonEnglish,0,750676651562926080,884674801088045056,http://twitter.com/750676651562926080/statuses/884674801088045056,,,
751000000000000000,JOHANNBERGBERG,Man kann das nur ignorieren. #Dopamin #Ignorestorm,Unknown,German,7/11/2017 8:25,7/11/2017 8:36,126,103,372,RETWEET,German,1,NonEnglish,0,750676651562926080,884690101174927360,http://twitter.com/750676651562926080/statuses/884690101174927360,,,
751000000000000000,JOHANNBERGBERG,Google knows your darkest secrets. It is the truth serum of our time. You can lie to everybody. But not to big data. https://t.co/84OT4UNp7L,Unknown,English,7/11/2017 8:25,7/11/2017 8:25,126,103,373,RETWEET,German,1,NonEnglish,0,750676651562926080,884690118577201152,http://twitter.com/750676651562926080/statuses/884690118577201152,https://www.theguardian.com/technology/2017/jul/09/everybody-lies-how-google-reveals-darkest-secrets-seth-stephens-davidowitz,,
751000000000000000,JOHANNBERGBERG,"Amerika und die Gewalt: Quentin Tarantinos Manson-""Family""-Projekt. Mehr Infos hier: https://t.co/suIZwlZAxk @tagesspiegel",Unknown,German,7/12/2017 10:35,7/12/2017 10:35,126,104,433,RETWEET,German,1,NonEnglish,0,750676651562926080,885085131500859392,http://twitter.com/750676651562926080/statuses/885085131500859392,http://www.tagesspiegel.de/20049896.html,,
751000000000000000,JOHANNBERGBERG,Infrastruktur: Deutschland spart am Ausbau des Schienennetzes und landet im Europavergleich weit hinten. https://t.co/jwSc1QSgta,Unknown,German,7/12/2017 11:35,7/12/2017 11:36,126,104,435,RETWEET,German,1,NonEnglish,0,750676651562926080,885100390139793408,http://twitter.com/750676651562926080/statuses/885100390139793408,http://spon.de/ae1dB,,
751000000000000000,JOHANNBERGBERG,Und was werden wir morgen lesen? Unternehmensverschuldung prima Indikator für die Standortstärke...? 🤣🍾🍾🍾 @alex13wetter @Minsky13wetter https://t.co/ZQeVT5guqD,Unknown,German,7/12/2017 11:36,7/12/2017 11:36,126,104,437,RETWEET,German,1,NonEnglish,0,750676651562926080,885100424860139521,http://twitter.com/750676651562926080/statuses/885100424860139521,https://twitter.com/KeineWunder/status/885095316688601089/photo/1,,
751000000000000000,JOHANNBERGBERG,Die @jubayern hat einen Tweet von @MartinSchulz gefälscht und wirbt damit auf Facebook https://t.co/s0Y9Z3wswJ https://t.co/mtCVonitbZ,Unknown,German,7/12/2017 12:39,7/12/2017 12:39,126,104,438,RETWEET,German,1,NonEnglish,0,750676651562926080,885116319443673088,http://twitter.com/750676651562926080/statuses/885116319443673088,https://twitter.com/BuzzFeedNewsDE/status/885108930698981378/photo/1,https://www.buzzfeed.com/karstenschmehl/die-junge-union-bayern-hat-fur-ihre-werbung-einen-tweet-von?utm_term=.xxKA7kvZ3#.suELnxRMo,
751000000000000000,JOHANNBERGBERG,"Achtung, Baby! https://t.co/JGvvTzEidm",Unknown,German,7/12/2017 12:39,7/12/2017 12:39,126,104,439,RETWEET,German,1,NonEnglish,0,750676651562926080,885116339303612416,http://twitter.com/750676651562926080/statuses/885116339303612416,https://twitter.com/BVG_Kampagne/status/885089298520973313/photo/1,,
751000000000000000,JOHANNBERGBERG,"In den ""rauen Wind der Verantwortung stellen"" - na, dann man to #HamburgG20 #scholz",Unknown,German,7/12/2017 12:39,7/12/2017 12:39,126,104,440,RETWEET,German,1,NonEnglish,0,750676651562926080,885116355867025409,http://twitter.com/750676651562926080/statuses/885116355867025409,,,
751000000000000000,JOHANNBERGBERG,Fake news wall is coming along https://t.co/R4E9wC3xYU,Unknown,English,7/12/2017 13:41,7/12/2017 13:42,126,104,441,RETWEET,German,1,NonEnglish,0,750676651562926080,885132104874557445,http://twitter.com/750676651562926080/statuses/885132104874557445,https://twitter.com/JaneLytv/status/885124569325076482/photo/1,,
751000000000000000,JOHANNBERGBERG,Interview mit Arbeitsmarktforscher Gerhard Bosch: „Die #Agenda2010 war überflüssig“ https://t.co/RYXbdewBc3,Unknown,German,7/12/2017 13:41,7/12/2017 13:42,126,104,442,RETWEET,German,1,NonEnglish,0,750676651562926080,885132124940054529,http://twitter.com/750676651562926080/statuses/885132124940054529,https://makronom.de/gerhard-bosch-arbeitsmarkt-gewerkschaften-die-agenda-2010-war-ueberfluessig-21972,,
751000000000000000,JOHANNBERGBERG,Es gibt schon ein preisgekröntes Buch über Lars Mrosko - trotzdem gibts noch was zu erzählen. Gespräch mit @tspsport https://t.co/0zi3rUkfFx,Unknown,German,7/12/2017 13:42,7/12/2017 13:42,126,104,443,RETWEET,German,1,NonEnglish,0,750676651562926080,885132151842328576,http://twitter.com/750676651562926080/statuses/885132151842328576,http://www.fussball-kultur.org/artikel/news/ein-korruptes-geschaeft/,,
751000000000000000,JOHANNBERGBERG,The emails were released *by the president's son* https://t.co/QFtoOs6qGB,Unknown,English,7/12/2017 14:47,7/12/2017 14:47,126,104,444,RETWEET,German,1,NonEnglish,0,750676651562926080,885148503575494656,http://twitter.com/750676651562926080/statuses/885148503575494656,https://twitter.com/realdonaldtrump/status/885084555421634561,,
751000000000000000,JOHANNBERGBERG,"Ich möchte euch ein Buch verkaufen. Es ist von der wunderbaren @JuliaSuchorski herausgegeben und sehr, sehr gut. https://t.co/gZuTqeeyWV https://t.co/dVpNHWNkt0",Unknown,German,7/12/2017 15:48,7/12/2017 15:48,126,104,447,RETWEET,German,1,NonEnglish,0,750676651562926080,885163969220157446,http://twitter.com/750676651562926080/statuses/885163969220157446,https://twitter.com/santapauli1980/status/885159199365312512/photo/1,https://www.rowohlt.de/taschenbuch/julia-suchorski-das-spiel-meines-lebens.html,
751000000000000000,JOHANNBERGBERG,It started after Don Jr's meeting with Russian https://t.co/LBOEHUClxL,Unknown,English,7/12/2017 15:48,7/12/2017 15:48,126,104,448,RETWEET,German,1,NonEnglish,0,750676651562926080,885163987675078656,http://twitter.com/750676651562926080/statuses/885163987675078656,https://twitter.com/4everNeverTrump/status/884905533517508608,,
751000000000000000,JOHANNBERGBERG,"#Brexit-Verhandlungen: #borisjohnson macht Witze, in Brüssel lacht niemand #MissionImpossible https://t.co/H3gRmMF1MV",Unknown,German,7/12/2017 16:49,7/12/2017 16:49,126,103,451,RETWEET,German,1,NonEnglish,0,750676651562926080,885179389486485504,http://twitter.com/750676651562926080/statuses/885179389486485504,http://spon.de/ae1gG,,
751000000000000000,JOHANNBERGBERG,Ich glaube in D sind die Kurven nur an einer Stelle zu eng: In unseren Köpfen #ICE320 https://t.co/yV7rfZuLhU,Unknown,German,7/12/2017 16:49,7/12/2017 16:50,126,103,452,RETWEET,German,1,NonEnglish,0,750676651562926080,885179419358359555,http://twitter.com/750676651562926080/statuses/885179419358359555,https://twitter.com/hoblitz/status/885167784866586628,,
751000000000000000,JOHANNBERGBERG,Mobile-first news operation: Wall Street Journal to reorganize newsroom https://t.co/HnAL9ZZ0Yh,Unknown,English,7/12/2017 16:49,7/12/2017 16:49,126,103,450,RETWEET,German,1,NonEnglish,0,750676651562926080,885179371115483138,http://twitter.com/750676651562926080/statuses/885179371115483138,https://www.wsj.com/articles/the-wall-street-journal-reorganizes-newsroom-creates-senior-roles-1499876367,,
751000000000000000,JOHANNBERGBERG,Warum spielen Bankdarlehen in USA so geringe Rolle im Vergleich zu Anleihen? Weil Amerikaner mit Ersparnissen der Welt geflutet werden... https://t.co/1mqBchQwcg,Unknown,German,7/12/2017 18:54,7/12/2017 18:55,126,103,453,RETWEET,German,1,NonEnglish,0,750676651562926080,885210837492932608,http://twitter.com/750676651562926080/statuses/885210837492932608,https://twitter.com/KeineWunder/status/885204137369055237,,
751000000000000000,JOHANNBERGBERG,#Valortalk Vorstellungsrunde durch Moderatorin @MajaWeber1 bei Podiumsdiskussion mit @julianeleopold ist in vollem Gange. https://t.co/wdz9r2Ra8y,Unknown,German,7/12/2017 18:54,7/12/2017 18:55,126,103,455,RETWEET,German,1,NonEnglish,0,750676651562926080,885210874708844544,http://twitter.com/750676651562926080/statuses/885210874708844544,https://twitter.com/Thomas_Wuest/status/885180000189722626/photo/1,,
751000000000000000,JOHANNBERGBERG,*two women having a conversation*  Man: https://t.co/bAu9BdpsWN,Unknown,English,7/12/2017 18:54,7/12/2017 18:55,126,103,454,RETWEET,German,1,NonEnglish,0,750676651562926080,885210856136560640,http://twitter.com/750676651562926080/statuses/885210856136560640,https://twitter.com/ManuclearBomb/status/706646926310162432/photo/1,,
751000000000000000,JOHANNBERGBERG,"'@tausendkind explaines their #startup #SuccessStory and #funding @EU_Commission @EUinDE #event ""Startups meet ""Europe"" #InvestEU #growth https://t.co/ZWNHlNCCfG'",Unknown,English,7/12/2017 19:56,7/12/2017 19:56,126,103,458,RETWEET,German,1,NonEnglish,0,750676651562926080,885226355759214592,http://twitter.com/750676651562926080/statuses/885226355759214592,https://twitter.com/SBumbarMalchow/status/885190639176036352/photo/1,,
751000000000000000,JOHANNBERGBERG,Fund flows to US equities remain subdued and volatile amid concerns about stretched valuations. https://t.co/dmtsyBv845,Unknown,English,7/12/2017 19:56,7/12/2017 19:56,126,103,457,RETWEET,German,1,NonEnglish,0,750676651562926080,885226335249068032,http://twitter.com/750676651562926080/statuses/885226335249068032,https://twitter.com/IIF/status/885216037238693888/photo/1,,
751000000000000000,JOHANNBERGBERG,"""We are funding new ideas"" @EU_Commission speaking to #startups at satellite #TOA17 event. Your opportunity starts here #InvestEU https://t.co/0NtyBFFV3y",Unknown,English,7/12/2017 19:56,7/12/2017 19:56,126,103,456,RETWEET,German,1,NonEnglish,0,750676651562926080,885226314231410691,http://twitter.com/750676651562926080/statuses/885226314231410691,https://twitter.com/MarieVonSt/status/885187495201312768/photo/1,,
751000000000000000,JOHANNBERGBERG,One upside for president regarding latest Don Jr. bombshell -- no one is discussing his G-20 performance anymore.,Unknown,English,7/12/2017 2:16,7/12/2017 2:16,126,104,409,RETWEET,German,1,NonEnglish,0,750676651562926080,884959646162800642,http://twitter.com/750676651562926080/statuses/884959646162800642,,,
751000000000000000,JOHANNBERGBERG,"To which country are you referring, sir? #Russia https://t.co/YvZRy45Mr6",Unknown,English,7/12/2017 2:16,7/12/2017 2:16,126,104,408,RETWEET,German,1,NonEnglish,0,750676651562926080,884959625740681216,http://twitter.com/750676651562926080/statuses/884959625740681216,https://twitter.com/realdonaldtrump/status/884931352201756672,,
751000000000000000,JOHANNBERGBERG,There is literally no one who has jumped off the Trump train. Important fact. https://t.co/JFl1JErN02,Unknown,English,7/12/2017 2:16,7/12/2017 2:16,126,104,410,RETWEET,German,1,NonEnglish,0,750676651562926080,884959666463223808,http://twitter.com/750676651562926080/statuses/884959666463223808,https://twitter.com/jimsciutto/status/884909432165072898,,
751000000000000000,JOHANNBERGBERG,"""There's a general feeling of paranoia in the West Wing about who leaked...with speculation...it may have come from within the White House"" https://t.co/WVW69tQkGq",Unknown,English,7/12/2017 3:18,7/12/2017 3:19,126,104,411,RETWEET,German,1,NonEnglish,0,750676651562926080,884975116546977792,http://twitter.com/750676651562926080/statuses/884975116546977792,https://twitter.com/jdawsey1/status/884956358675714048,,
751000000000000000,JOHANNBERGBERG,"In less than 90 minutes, the sentiment had shifted from ""nothingburger"" to ""I hope he doesn’t go to jail.""  https://t.co/I7OvgCN8wY",Unknown,English,7/12/2017 3:18,7/12/2017 3:18,126,104,413,RETWEET,German,1,NonEnglish,0,750676651562926080,884975154471817217,http://twitter.com/750676651562926080/statuses/884975154471817217,http://nyer.cm/DHz14qU,,
751000000000000000,JOHANNBERGBERG,WHOA. Don Jr.'s false statement Sat. was drafted by WH aides &amp; seen by Trump. This wasn't Jr being dopey. This was an attempted WH cover-up.,Unknown,English,7/12/2017 4:19,7/12/2017 4:19,126,104,415,RETWEET,German,1,NonEnglish,0,750676651562926080,884990606807838722,http://twitter.com/750676651562926080/statuses/884990606807838722,,,
751000000000000000,JOHANNBERGBERG,Fascinating that you have a direct line of contact handy for DTJ when POTUS constantly denies anyone is connected to you or your org. https://t.co/VW01ZjtAM8,Unknown,English,7/12/2017 4:19,7/12/2017 4:19,126,104,414,RETWEET,German,1,NonEnglish,0,750676651562926080,884990586675179521,http://twitter.com/750676651562926080/statuses/884990586675179521,https://twitter.com/JulianAssange/status/884853347815235584,,
751000000000000000,JOHANNBERGBERG,Good Morning Wetter-Follower! 15 Grad sind es jetzt gerade in #Hamburg. Die Top-Temperatur heute: 16 Grad.,Unknown,German,7/12/2017 4:19,7/12/2017 4:19,126,104,416,RETWEET,German,1,NonEnglish,0,750676651562926080,884990625430548481,http://twitter.com/750676651562926080/statuses/884990625430548481,,,
751000000000000000,JOHANNBERGBERG,Wie ein Blogger mit einer simplen Online-Suche die Geschichte von der angeblich entführten Amelia Earhart zerstörte: https://t.co/uyb9c8r7HT https://t.co/M5ogPxQ5P2,Unknown,German,7/12/2017 5:21,7/12/2017 5:21,126,104,419,RETWEET,German,1,NonEnglish,0,750676651562926080,885006253554008064,http://twitter.com/750676651562926080/statuses/885006253554008064,https://twitter.com/martinhoffmann/status/884998670147604483/photo/1,https://www.theguardian.com/us-news/2017/jul/11/blogger-discredits-claim-amelia-earhart-was-taken-prisoner-by-japan,
751000000000000000,JOHANNBERGBERG,"Seit anderthalb Jahren habe ich ein zweites Facebook-Profil. Hier steht, was ich in der rechten Blase gelernt habe: https://t.co/6wO5bRNeXj https://t.co/0kCynHpQwE",Unknown,German,7/12/2017 5:21,7/12/2017 5:21,126,104,417,RETWEET,German,1,NonEnglish,0,750676651562926080,885006217982222336,http://twitter.com/750676651562926080/statuses/885006217982222336,https://twitter.com/SimonHurtz/status/884717141118902272/photo/1,http://www.sueddeutsche.de/digital/soziale-medien-sieben-dinge-die-ich-in-der-rechten-facebook-echokammer-gelernt-habe-1.3581195,
751000000000000000,JOHANNBERGBERG,Frühmorgens in Berlin-Neukölln https://t.co/weWtrqvtKp via @welt,Unknown,Swedish,7/12/2017 5:21,7/12/2017 5:21,126,104,418,RETWEET,German,1,NonEnglish,0,750676651562926080,885006235745087492,http://twitter.com/750676651562926080/statuses/885006235745087492,https://www.welt.de/politik/deutschland/article166547128/Razzia-gegen-mutmassliche-Raeuber-von-100-Kilo-schwerer-Goldmuenze.html?wtmc=socialmedia.twitter.shared.web,,
751000000000000000,JOHANNBERGBERG,"Projectrosie.ch, as an ETH SpinOff we are proud to make an announcement soon regarding coding classes for #swiss youth! #EdTech #Switzerland https://t.co/E1tu9bysTL",Unknown,English,7/12/2017 6:31,7/12/2017 6:31,126,104,422,RETWEET,German,1,NonEnglish,0,750676651562926080,885023710339641346,http://twitter.com/750676651562926080/statuses/885023710339641346,https://twitter.com/marcwalder/status/885011195887013889,,
751000000000000000,JOHANNBERGBERG,"⚽ #Russball, Folge 5: Helfen Sportturniere tatsächlich, ein Land zu verändern? Die Antwort ist 1. ja und 2. Wodka! https://t.co/if4KgYbIGC",Unknown,German,7/12/2017 6:31,7/12/2017 6:31,126,104,420,RETWEET,German,1,NonEnglish,0,750676651562926080,885023674562228227,http://twitter.com/750676651562926080/statuses/885023674562228227,http://kscheib.de/russball-folge-5-frauenfussball-stalingrad-und-alkohol/,,
751000000000000000,JOHANNBERGBERG,Technische Aspekte der sicheren #Kommunikation- Diskussionspapier der Plattform veröffentlicht #Industrie40 https://t.co/zSYg5WPO4n,Unknown,German,7/12/2017 7:31,7/12/2017 7:31,126,104,424,RETWEET,German,1,NonEnglish,0,750676651562926080,885038947193303045,http://twitter.com/750676651562926080/statuses/885038947193303045,http://www.plattform-i40.de/I40/Redaktion/DE/Downloads/Publikation/sichere-kommunikation-i40.html,,
751000000000000000,JOHANNBERGBERG,Wenn das Land nicht auf Islamismusprävention vorbereitet ist. Auszug aus heutiger  #Rheinpfalz #Dauscher #Kommentar https://t.co/akFXSQgUkv,Unknown,German,7/12/2017 7:31,7/12/2017 7:31,126,104,423,RETWEET,German,1,NonEnglish,0,750676651562926080,885038929984061440,http://twitter.com/750676651562926080/statuses/885038929984061440,https://twitter.com/JuliaKloeckner/status/885034784631771139/photo/1,,
751000000000000000,JOHANNBERGBERG,"Aras Agalarov is on Russian radio this morning. He says the letter @DonaldJTrumpJr posted is ""all made up. I don't know these people.""",Unknown,English,7/12/2017 8:32,7/12/2017 8:32,126,104,428,RETWEET,German,1,NonEnglish,0,750676651562926080,885054315655835648,http://twitter.com/750676651562926080/statuses/885054315655835648,,,
751000000000000000,JOHANNBERGBERG,"Seltene Einblicke: #dpareporter waren mit dem KSK unterwegs, der geheimsten Truppe der Bundeswehr https://t.co/3QkXxZuAbI https://t.co/MDD7M4ixbx",Unknown,German,7/12/2017 8:32,7/24/2017 9:10,126,104,426,RETWEET,German,1,NonEnglish,0,750676651562926080,885054280281010176,http://twitter.com/750676651562926080/statuses/885054280281010176,https://twitter.com/mfischer70/status/884700992859758592/video/1,http://dpaq.de/MKGK7,
751000000000000000,JOHANNBERGBERG,"Lip-syncing app Musical.ly is teaming with NBCUniversal, Hearst and Viacom on short-form shows. https://t.co/uaadNQPlrs",Unknown,English,7/12/2017 8:32,7/12/2017 8:32,126,104,427,RETWEET,German,1,NonEnglish,0,750676651562926080,885054297406410753,http://twitter.com/750676651562926080/statuses/885054297406410753,http://trib.al/UG18ULm,,
751000000000000000,JOHANNBERGBERG,die Top Links des Tages: “#cosca17 Rückblick: DACH Community feiert Content” https://t.co/TprittCV5t,Unknown,German,7/12/2017 9:33,7/12/2017 9:34,126,104,430,RETWEET,German,1,NonEnglish,0,750676651562926080,885069710659858434,http://twitter.com/750676651562926080/statuses/885069710659858434,http://nzzl.us/LOAwX8r,,
751000000000000000,JOHANNBERGBERG,"Eine Versachlichung ""Krawalle beim G20-Gipfel: Wie gefährlich ist die linksextremistische Szene?"" via @Tagesspiegel https://t.co/OqsUGWJHuc",Unknown,German,7/12/2017 9:33,7/12/2017 9:33,126,104,429,RETWEET,German,1,NonEnglish,0,750676651562926080,885069693631041537,http://twitter.com/750676651562926080/statuses/885069693631041537,http://www.tagesspiegel.de/politik/krawalle-beim-g20-gipfel-wie-gefaehrlich-ist-die-linksextremistische-szene/20042936.html,,
751000000000000000,JOHANNBERGBERG,"#We4Europe #JohnCryan: Wir brauchen ein Europa, das den Wandel gestaltet, anstatt von außen zum Wandel gezwungen zu werden.",Unknown,German,7/12/2017 9:34,8/8/2017 9:51,126,104,431,RETWEET,German,1,NonEnglish,0,750676651562926080,885069728104030208,http://twitter.com/750676651562926080/statuses/885069728104030208,,,
751000000000000000,JOHANNBERGBERG,Gibt es die Maischberger-Sendung von gestern schon irgendwo mit Lego nachgespielt? Könnte @aruetzel das vielleicht machen?,Unknown,German,7/13/2017 10:26,7/13/2017 10:27,126,104,482,RETWEET,German,1,NonEnglish,0,750676651562926080,885445408918556672,http://twitter.com/750676651562926080/statuses/885445408918556672,,,
751000000000000000,JOHANNBERGBERG,🎥Now live: #EUUkraine Summit press conference w/ Presidents @JunckerEU @eucopresident &amp; @poroshenko https://t.co/cAWAOVeEpe  #Kyiv #Ukraine https://t.co/Xvdq7V6NYq,Unknown,English,7/13/2017 10:26,7/13/2017 10:26,126,104,480,RETWEET,German,1,NonEnglish,0,750676651562926080,885445371387924481,http://twitter.com/750676651562926080/statuses/885445371387924481,https://twitter.com/EU_Commission/status/885437506401034240/photo/1,http://europa.eu/!dn64MN,
751000000000000000,JOHANNBERGBERG,Ich als Social Media Manager https://t.co/bboQdmxmyW,Unknown,English,7/13/2017 11:27,7/13/2017 11:27,126,104,484,RETWEET,German,1,NonEnglish,0,750676651562926080,885460731323449344,http://twitter.com/750676651562926080/statuses/885460731323449344,https://twitter.com/liansimilian/status/885169636500787205/photo/1,,
751000000000000000,JOHANNBERGBERG,"Auch spannend: Die ARD-Sendung verlassen, um sich dann exklusiv bei Putins Propagandasender zu erklären. #Bosbach #Ditfurth https://t.co/RmuBNfNSTL",Unknown,German,7/13/2017 11:27,7/13/2017 11:28,126,104,483,RETWEET,German,1,NonEnglish,0,750676651562926080,885460713766088704,http://twitter.com/750676651562926080/statuses/885460713766088704,https://twitter.com/de_sputnik/status/885438629161705473,,
751000000000000000,JOHANNBERGBERG,Kanzlerin #Merkel in Paris: Wir haben mit neuem Elan deutsch-franz.-Zusammenarbeit aktiviert. Vielzahl von Leuchtturmprojekten besprochen.,Unknown,German,7/13/2017 13:29,7/13/2017 13:29,126,104,488,RETWEET,German,1,NonEnglish,0,750676651562926080,885491369543958528,http://twitter.com/750676651562926080/statuses/885491369543958528,,,
751000000000000000,JOHANNBERGBERG,"SEK-Einsatz auf den Schanzendächern: ""Sie haben sich sofort ergeben"" https://t.co/ZtyWvsRq0P via @SPIEGELONLINE @PolizeiSachsen #G20",Unknown,German,7/13/2017 14:31,7/13/2017 14:32,126,104,493,RETWEET,German,1,NonEnglish,0,750676651562926080,885507041929953280,http://twitter.com/750676651562926080/statuses/885507041929953280,http://spon.de/ae1hS,,
751000000000000000,JOHANNBERGBERG,Warum die Quote eine Gefahr für mittelmäßige Männer ist – und für alle anderen ein Gewinn https://t.co/TdmIqgVxNq https://t.co/kDkiYv7VC5,Unknown,German,7/13/2017 14:31,7/13/2017 14:31,126,104,492,RETWEET,German,1,NonEnglish,0,750676651562926080,885507025316306944,http://twitter.com/750676651562926080/statuses/885507025316306944,https://twitter.com/EditionF_com/status/885201844405809152/photo/1,https://editionf.com/Quote-neue-Studie-Beispiel-Schweden-mittelmaessige-Maenner,
751000000000000000,JOHANNBERGBERG,#Menschenrechte sind universelle Rechte. Sie haben überall zu gelten - auch in #China. Ich trauere um #LiuXiaobo. #Friedensnobelpreisträger,Unknown,German,7/13/2017 14:31,7/13/2017 14:31,126,104,491,RETWEET,German,1,NonEnglish,0,750676651562926080,885507008018960387,http://twitter.com/750676651562926080/statuses/885507008018960387,,,
751000000000000000,JOHANNBERGBERG,"Der Kapitalstock deutscher Unternehmen in China (64 Mrd. Euro) ist weit größer als umgekehrt (2,4 Mrd. Euro). https://t.co/kauDvI5eYr https://t.co/u22WXyOolQ",Unknown,German,7/13/2017 15:34,7/13/2017 15:34,126,104,495,RETWEET,German,1,NonEnglish,0,750676651562926080,885522875301720064,http://twitter.com/750676651562926080/statuses/885522875301720064,https://twitter.com/iw_koeln/status/885400977108590593/photo/1,http://bit.ly/2rOqLNi,
751000000000000000,JOHANNBERGBERG,"On this day in 1981, The Specials had their second and final UK No.1 single with 'Ghost Town' https://t.co/sBJIV5Pkf5",Unknown,English,7/13/2017 15:34,7/13/2017 15:34,126,104,494,RETWEET,German,1,NonEnglish,0,750676651562926080,885522858692268032,http://twitter.com/750676651562926080/statuses/885522858692268032,https://twitter.com/PunKandStuff/status/884829869770715141/photo/1,,
751000000000000000,JOHANNBERGBERG,"Kanzlerin #Merkel: Ich trauere um Liu Xiaobo, den mutigen Kämpfer für Bürgerrechte und Meinungsfreiheit. Tiefes Beileid gilt seiner Familie.",Unknown,German,7/13/2017 15:34,7/13/2017 15:34,126,104,496,RETWEET,German,1,NonEnglish,0,750676651562926080,885522892745822208,http://twitter.com/750676651562926080/statuses/885522892745822208,,,
751000000000000000,JOHANNBERGBERG,"Essay ""Um die Weltprobleme zu lösen, werden wir mehr ökonomische und politische Freiheiten benötigen, nicht weniger"" https://t.co/Y9p5DeRNjS",Unknown,German,7/13/2017 16:36,7/13/2017 16:36,126,104,497,RETWEET,German,1,NonEnglish,0,750676651562926080,885538431509639168,http://twitter.com/750676651562926080/statuses/885538431509639168,http://www.tagesspiegel.de/politik/digitalisierung-2-0-die-technologie-kann-uns-in-eine-goldene-zukunft-fuehren/20041360.html,,
751000000000000000,JOHANNBERGBERG,#Maneo &amp;Mann-o-Meter -Schwuler Checkpoint #Berlin: Beratung von #Schwulen lobt @polizeiberlin. #StopHomophobia #Bezirkstag m @RenateKuenast https://t.co/mL3GEcEw3V,Unknown,German,7/13/2017 16:36,7/13/2017 16:37,126,104,499,RETWEET,German,1,NonEnglish,0,750676651562926080,885538467052179456,http://twitter.com/750676651562926080/statuses/885538467052179456,https://twitter.com/lisapaus/status/885510075258990596/photo/1,,
751000000000000000,JOHANNBERGBERG,Einen Tag nach dem Investition-Veto für die BReg: Neues Terminal in Hamburgs Hafen könnte chinesisch werden  https://t.co/mD1uYwU0eD #China,Unknown,German,7/13/2017 17:39,7/13/2017 17:39,126,104,502,RETWEET,German,1,NonEnglish,0,750676651562926080,885554218601504768,http://twitter.com/750676651562926080/statuses/885554218601504768,https://www.welt.de/regionales/hamburg/article166631868/Hamburgs-Hafen-koennte-bald-chinesisch-werden.html,,
751000000000000000,JOHANNBERGBERG,Kommentar #Merkel bei #Macron: Er hat eine klare Vision für die #EU. Sie hat vor allem: Weiter so. https://t.co/NqIkXMAFK8,Unknown,German,7/13/2017 17:39,7/13/2017 17:39,126,104,500,RETWEET,German,1,NonEnglish,0,750676651562926080,885554183868489728,http://twitter.com/750676651562926080/statuses/885554183868489728,http://www.sueddeutsche.de/politik/europaeische-union-merkel-muss-ihr-europa-vorstellen-1.3585927,,
751000000000000000,JOHANNBERGBERG,"""Herr van Aken, Sie sind geistiger Brandstifter!"" Bei DAILY diskutieren drei Demo-Organisatoren über den #G20Protest https://t.co/HEjdjQh72f",Unknown,German,7/13/2017 17:39,7/13/2017 17:39,126,104,501,RETWEET,German,1,NonEnglish,0,750676651562926080,885554201643937792,http://twitter.com/750676651562926080/statuses/885554201643937792,https://daily.spiegel.de/news/g20-krawalle-jetzt-reden-die-demo-veranstalter-a-19639,,
751000000000000000,JOHANNBERGBERG,A coach is someone who can give correction without causing resentment.  —John Wooden https://t.co/GpaAVk5QFk,Unknown,English,7/13/2017 18:39,7/13/2017 18:39,126,104,504,RETWEET,German,1,NonEnglish,0,750676651562926080,885569435368599552,http://twitter.com/750676651562926080/statuses/885569435368599552,https://twitter.com/ValaAfshar/status/884749366279405568/photo/1,,
751000000000000000,JOHANNBERGBERG,Heute vor 3 Jahren: Eine unvergessliche Nacht in Rio de Janeiro! @DFB_Team #tbt https://t.co/7ZinWtFLhI,Unknown,German,7/13/2017 18:39,7/13/2017 18:39,126,104,503,RETWEET,German,1,NonEnglish,0,750676651562926080,885569416460742656,http://twitter.com/750676651562926080/statuses/885569416460742656,https://twitter.com/RegSprecher/status/885565298929266688/photo/1,,
751000000000000000,JOHANNBERGBERG,"entlarvend, nach den massenweisen gewalttaten von polizisten beim g20 jetzt die strafverfolgung zu erschweren https://t.co/xUf342nJZp",Unknown,German,7/13/2017 19:40,7/13/2017 19:41,126,104,507,RETWEET,German,1,NonEnglish,0,750676651562926080,885584804623912961,http://twitter.com/750676651562926080/statuses/885584804623912961,https://twitter.com/SWeiermann/status/885449050199404544,,
751000000000000000,JOHANNBERGBERG,Union files grievance over a Michigan university's hiring of a company that uses goats to clear vegetation. https://t.co/P6KASuopgq https://t.co/bRx41ZszU2,Unknown,English,7/13/2017 19:40,7/13/2017 19:41,126,104,506,RETWEET,German,1,NonEnglish,0,750676651562926080,885584787414675457,http://twitter.com/750676651562926080/statuses/885584787414675457,https://twitter.com/APCentralRegion/status/885569242724265984/photo/1,http://apne.ws/2vhPzvR,
751000000000000000,JOHANNBERGBERG,Trump waves to journalists before boarding Air Force One. We're Paris bound for #BastilleDay celebrations. https://t.co/V5jOmyAAAN,Unknown,English,7/13/2017 2:15,7/13/2017 2:15,126,103,460,RETWEET,German,1,NonEnglish,0,750676651562926080,885321813651337216,http://twitter.com/750676651562926080/statuses/885321813651337216,https://twitter.com/vmsalama/status/885283926364827648/photo/1,,
751000000000000000,JOHANNBERGBERG,Occupy Wall Street ex-protester and US veteran killed fighting Islamic State group with Kurdish forces in Syria. https://t.co/HqIC8y0tDA,Unknown,English,7/13/2017 2:15,7/13/2017 2:15,126,103,461,RETWEET,German,1,NonEnglish,0,750676651562926080,885321833494568960,http://twitter.com/750676651562926080/statuses/885321833494568960,http://apne.ws/2veiWPK,,
751000000000000000,JOHANNBERGBERG,Key California program to curb climate change facing battle to stay alive. What to know about cap and trade: https://t.co/I4ExSinUnR,Unknown,English,7/13/2017 3:16,7/13/2017 3:16,126,103,464,RETWEET,German,1,NonEnglish,0,750676651562926080,885337144054747136,http://twitter.com/750676651562926080/statuses/885337144054747136,http://apne.ws/2vesn1F,,
751000000000000000,JOHANNBERGBERG,More context by @just_security via @KenDilanianNBC https://t.co/D2JNV8DEeQ,Unknown,English,7/13/2017 3:16,7/13/2017 3:16,126,103,463,RETWEET,German,1,NonEnglish,0,750676651562926080,885337126044393472,http://twitter.com/750676651562926080/statuses/885337126044393472,https://twitter.com/kendilaniannbc/status/884855324989169666,,
751000000000000000,JOHANNBERGBERG,Good Morning Wetter-Follower! 12 Grad sind es jetzt gerade in #Hamburg. Die Top-Temperatur heute: 18 Grad.,Unknown,German,7/13/2017 4:18,7/13/2017 4:18,126,103,465,RETWEET,German,1,NonEnglish,0,750676651562926080,885352706734526464,http://twitter.com/750676651562926080/statuses/885352706734526464,,,
751000000000000000,JOHANNBERGBERG,Entzogene G20-Akkreditierungen: neue Hinweise kamen vom BfV https://t.co/bJOCAgD5HE @GoetschenbergM @tagesschau  #G20HH17 #G20HAM17 #G20,Unknown,German,7/13/2017 5:19,7/13/2017 5:19,126,103,467,RETWEET,German,1,NonEnglish,0,750676651562926080,885368116116688897,http://twitter.com/750676651562926080/statuses/885368116116688897,http://www.tagesschau.de/inland/akkreditierungen-gzwanzig-101.html,,
751000000000000000,JOHANNBERGBERG,#hallohallo @Peter_Ahrens Du hast einfach großartige Kollegen. Kompliment für Analysen und Haltungen @SPIEGELONLINE @SPIEGELTV @DerSPIEGEL,Unknown,German,7/13/2017 5:19,7/13/2017 5:20,126,103,466,RETWEET,German,1,NonEnglish,0,750676651562926080,885368097095516160,http://twitter.com/750676651562926080/statuses/885368097095516160,,,
751000000000000000,JOHANNBERGBERG,Mal wieder eine echte Rützel: Schlimmer als zwei Weltkriege und tote Welpen https://t.co/ge0HOqLI4t #Bachelorette via @rponline / @aruetzel,Unknown,German,7/13/2017 6:20,7/13/2017 6:21,126,103,469,RETWEET,German,1,NonEnglish,0,750676651562926080,885383425921867778,http://twitter.com/750676651562926080/statuses/885383425921867778,http://www.rp-online.de/panorama/fernsehen/bachelorette-2017-auf-rtl-david-und-jessica-paszka-verbringen-die-nacht-zusammen-aid-1.6946004,,
751000000000000000,JOHANNBERGBERG,"Gefälschte FDP-Plakate: ""Ein Foul der Grünen"" https://t.co/DqOR5AFFVw #faktenfinder #Lindnersprüche #DieGrünen",Unknown,German,7/13/2017 6:20,7/13/2017 6:20,126,103,470,RETWEET,German,1,NonEnglish,0,750676651562926080,885383445962162176,http://twitter.com/750676651562926080/statuses/885383445962162176,http://faktenfinder.tagesschau.de/inland/plakat-fdp-gruene-101.html,,
751000000000000000,JOHANNBERGBERG,"Guten Morgen, tausche Podcast gegen Kaffee: Ich habe einen Podcast für euch 📻☕️ https://t.co/eYHnq9kkHq",Unknown,German,7/13/2017 6:20,7/13/2017 6:21,126,103,468,RETWEET,German,1,NonEnglish,0,750676651562926080,885383406393143296,http://twitter.com/750676651562926080/statuses/885383406393143296,https://twitter.com/rponline/status/885372295627378688,,
751000000000000000,JOHANNBERGBERG,great workshops at #DistributedContentSummit show the need to improve the partnership betw. platforms and publishers https://t.co/Y0o8YCOMp7 https://t.co/1xA4YMVARS,Unknown,English,7/13/2017 7:23,7/13/2017 7:24,126,103,471,RETWEET,German,1,NonEnglish,0,750676651562926080,885399359092928512,http://twitter.com/750676651562926080/statuses/885399359092928512,https://twitter.com/StefanHH/status/885115880199385088/photo/1,http://www.axelspringer.de/en/presse/Digital-media-managers-meet-up-at-the-second-Distributed-Content-Summit-at-Axel-Springer-in-Berlin_31689631.html,
751000000000000000,JOHANNBERGBERG,Bosbachs Big Bang bei #Maischberger: zu viel Links erträgt er nicht. https://t.co/2NhOIbSF4f,Unknown,German,7/13/2017 7:23,7/13/2017 7:24,126,103,472,RETWEET,German,1,NonEnglish,0,750676651562926080,885399375924645888,http://twitter.com/750676651562926080/statuses/885399375924645888,https://www.tichyseinblick.de/feuilleton/medien/bei-maischberger-bosbachs-big-bang/,,
751000000000000000,JOHANNBERGBERG,"Wie die Öffentlichkeit durch Videos von schwarz gekleideten, gewalttätigen Männern manipuliert​ wird #G20HH2017 https://t.co/0PdTlOVRMu",Unknown,German,7/13/2017 7:23,7/13/2017 7:24,126,103,473,RETWEET,German,1,NonEnglish,0,750676651562926080,885399392232099840,http://twitter.com/750676651562926080/statuses/885399392232099840,http://m.spiegel.de/netzwelt/web/a-1157337.html,,
751000000000000000,JOHANNBERGBERG,"German cops have stopped telling domestic intel when they're planning a raid on neo-Nazis, in case they warn them https://t.co/nZq8C58GCM",Unknown,English,7/13/2017 8:23,7/13/2017 8:23,126,104,474,RETWEET,German,1,NonEnglish,0,750676651562926080,885414393156165632,http://twitter.com/750676651562926080/statuses/885414393156165632,http://www.ardmediathek.de/tv/REPORT-MAINZ/Hielten-Verfassungssch%C3%BCtzer-ihre-sch%C3%BCtze/Das-Erste/Video?bcastId=310120&documentId=44343130,,
751000000000000000,JOHANNBERGBERG,Was Spiegel Online schreibt. #RoteFlora https://t.co/swqLX68Iul,Unknown,German,7/13/2017 9:25,7/13/2017 9:25,126,104,479,RETWEET,German,1,NonEnglish,0,750676651562926080,885429999322488833,http://twitter.com/750676651562926080/statuses/885429999322488833,https://twitter.com/HollsteinM/status/885387589058002944/photo/1,,
751000000000000000,JOHANNBERGBERG,"Lesenswerter, angenehm unaufgeregter Kommentar zur G20-Aufarbeitung https://t.co/NouJN96fR2",Unknown,German,7/13/2017 9:25,7/13/2017 9:26,126,104,478,RETWEET,German,1,NonEnglish,0,750676651562926080,885429982155214848,http://twitter.com/750676651562926080/statuses/885429982155214848,http://www.stuttgarter-zeitung.de/inhalt.g20-chaos-in-hamburg-schwarzer-peter-fuer-den-roten-olaf.7cc21887-be71-4ba0-96cb-59f4b9aa20c9.html,,
751000000000000000,JOHANNBERGBERG,Why Trump thinks his wall on the border with Mexico must be transparent (at the bottom) https://t.co/7Sa5YtgDr6,Unknown,English,7/14/2017 10:30,7/14/2017 10:30,126,104,532,RETWEET,German,1,NonEnglish,0,750676651562926080,885808701868781568,http://twitter.com/750676651562926080/statuses/885808701868781568,https://www.nytimes.com/2017/07/13/us/politics/trump-russia-putin.html?smprod=nytcore-iphone&smid=nytcore-iphone-share,,
751000000000000000,JOHANNBERGBERG,Exclusive: ECB wary of putting end-date on quantitative easing - sources https://t.co/OmLWHdhY49 https://t.co/eZvKqligxy,Unknown,English,7/14/2017 10:30,7/14/2017 10:30,126,104,534,RETWEET,German,1,NonEnglish,0,750676651562926080,885808740070510592,http://twitter.com/750676651562926080/statuses/885808740070510592,https://twitter.com/Reuters/status/885802336450297856/photo/1,http://reut.rs/2sXuzJW,
751000000000000000,JOHANNBERGBERG,"Gebloggt: 34 Fähigkeiten, die Social-Media-Redakteure im Jahr 2017 auszeichnen. https://t.co/MpzyCSVfQi",Unknown,German,7/14/2017 10:30,7/14/2017 10:30,126,104,533,RETWEET,German,1,NonEnglish,0,750676651562926080,885808719065489409,http://twitter.com/750676651562926080/statuses/885808719065489409,http://andreasrickmann.de/2017/07/14/34-faehigkeiten-die-social-media-redakteure-im-jahr-2017-auszeichnen/,,
751000000000000000,JOHANNBERGBERG,wo Deutschland steht in der Digitalen Transformation #DigitaleRevolution https://t.co/6BCJYdZLJT https://t.co/Ox6vOwkpSo,Unknown,German,7/14/2017 11:32,7/14/2017 11:32,126,104,535,RETWEET,German,1,NonEnglish,0,750676651562926080,885824305682161665,http://twitter.com/750676651562926080/statuses/885824305682161665,https://twitter.com/klauseck/status/885819936534401025/photo/1,https://hbr.org/2017/07/60-countries-digital-competitiveness-indexed?utm_campaign=hbr&utm_source=linkedin&utm_medium=social,
751000000000000000,JOHANNBERGBERG,"'@schmarsten ""Sieben Bots, die unsere Sprache vor dem Untergang retten wollen""'",Unknown,German,7/14/2017 11:32,7/14/2017 11:32,126,104,537,RETWEET,German,1,NonEnglish,0,750676651562926080,885824345884459009,http://twitter.com/750676651562926080/statuses/885824345884459009,,,
751000000000000000,JOHANNBERGBERG,Das lesbisch-schwule #Motzstraßenfest in #Schöneberg feiert seinen 25. Geburtstag. https://t.co/NQAYoP5QK5 #Berlin https://t.co/WkBx61PEB9,Unknown,German,7/14/2017 12:33,7/14/2017 12:33,126,104,539,RETWEET,German,1,NonEnglish,0,750676651562926080,885839676292161537,http://twitter.com/750676651562926080/statuses/885839676292161537,https://twitter.com/tagesspiegel/status/885828069965090817/photo/1,http://www.tagesspiegel.de/20059036.html,
751000000000000000,JOHANNBERGBERG,Awkward handshakes till the very end: Trump almost pulls Macron off balance https://t.co/nacT5HOJbD,Unknown,English,7/14/2017 12:33,7/14/2017 12:33,126,104,540,RETWEET,German,1,NonEnglish,0,750676651562926080,885839694633852928,http://twitter.com/750676651562926080/statuses/885839694633852928,https://twitter.com/BBCWorld/status/885811741455638528/video/1,,
751000000000000000,JOHANNBERGBERG,"Das absolute Highlight aus dem #G20-Film von @SPIEGELTV: der finnische Banner ""Eishockey und Klassenkampf"". https://t.co/qmGw9leyqK",Unknown,German,7/14/2017 13:35,7/14/2017 13:35,126,104,541,RETWEET,German,1,NonEnglish,0,750676651562926080,885855179970678785,http://twitter.com/750676651562926080/statuses/885855179970678785,https://twitter.com/ShorthandedNews/status/885547785763921921/photo/1,,
751000000000000000,JOHANNBERGBERG,"Beyoncé got 1M likes in 23 minutes in the photo with the twins, breaking her own record that was 30 minutes with the photo of her pregnancy. https://t.co/IAwwehxq2j",Unknown,English,7/14/2017 13:35,7/14/2017 13:35,126,104,543,RETWEET,German,1,NonEnglish,0,750676651562926080,885855215794126848,http://twitter.com/750676651562926080/statuses/885855215794126848,https://twitter.com/TheYonceNews/status/885844966190219264/photo/1,,
751000000000000000,JOHANNBERGBERG,"Schreiben Sie mir gerne eine DM, melde mich. Kaffee geht auf mich https://t.co/dIiTsGLD47",Unknown,German,7/14/2017 14:35,7/14/2017 14:35,126,104,544,RETWEET,German,1,NonEnglish,0,750676651562926080,885870358796152833,http://twitter.com/750676651562926080/statuses/885870358796152833,https://twitter.com/kirkityyt/status/885864336308264964,,
751000000000000000,JOHANNBERGBERG,Blogger und Autor @saschalobo gibt seine @SPIEGELONLINE Kolumne jetzt auch bei uns zum Besten.  → https://t.co/rmdA2WFeJu ← https://t.co/n8qkm0wguF,Unknown,German,7/14/2017 14:35,7/14/2017 14:35,126,104,545,RETWEET,German,1,NonEnglish,0,750676651562926080,885870377339158529,http://twitter.com/750676651562926080/statuses/885870377339158529,https://twitter.com/SpotifyDE/status/885797388094513152/photo/1,http://spoti.fi/2uQKStk,
751000000000000000,JOHANNBERGBERG,"Von Armut&amp;Reichtum in #Mitte, Brennpunktschulen und glücklichen Bratwurstschweinen. Mein @TspLeute-Newsletter:  https://t.co/S6cP1t7x7b https://t.co/suTjNnFEi7",Unknown,German,7/14/2017 14:35,7/14/2017 14:36,126,104,546,RETWEET,German,1,NonEnglish,0,750676651562926080,885870418615259137,http://twitter.com/750676651562926080/statuses/885870418615259137,https://twitter.com/TspBerlin/status/885861137522339840/photo/1,http://rdir.de/form.do?agnCI=992&agnFN=fullview&agnUID=A.B.Bmrt.leJ.BY1JB.vYnWa9ov8dXSzHk_IUSQQg,
751000000000000000,JOHANNBERGBERG,"Moscow summer 2017 - bringing you all the water you could possibly need, and then some  https://t.co/Oczjf8lZrw",Unknown,English,7/14/2017 15:36,7/14/2017 15:36,126,104,547,RETWEET,German,1,NonEnglish,0,750676651562926080,885885714554138625,http://twitter.com/750676651562926080/statuses/885885714554138625,https://twitter.com/corsili/status/885874261960871938,,
751000000000000000,JOHANNBERGBERG,Macron gets Lucky. https://t.co/6R7RUICJOB,Unknown,English,7/14/2017 15:36,7/14/2017 15:38,126,104,548,RETWEET,German,1,NonEnglish,0,750676651562926080,885885733302620160,http://twitter.com/750676651562926080/statuses/885885733302620160,https://twitter.com/tibor/status/885868118224011264,,
751000000000000000,JOHANNBERGBERG,Das französische Militär spielt Daft Punk. Emmanuel Macron und Donald Trump reagieren sehr unterschiedlich – Ton an: https://t.co/JdufzIOMkj,Unknown,German,7/14/2017 15:36,7/14/2017 15:36,126,104,549,RETWEET,German,1,NonEnglish,0,750676651562926080,885885752026034176,http://twitter.com/750676651562926080/statuses/885885752026034176,https://twitter.com/ZDFheute/status/885875962977583106/video/1,,
751000000000000000,JOHANNBERGBERG,Wenn man auf Buzzfeed verlinken muss um vernünftige Zahlen zu bekommen m( https://t.co/qtfnqD1b23,Unknown,German,7/14/2017 16:37,7/14/2017 16:37,126,104,550,RETWEET,German,1,NonEnglish,0,750676651562926080,885901060879118337,http://twitter.com/750676651562926080/statuses/885901060879118337,https://www.buzzfeed.com/marcusengert/bei-g20-protesten-weniger-polizisten-verletzt-als-gemeldet?utm_term=.rrV56bb8Y#.dcmGMNN6g,,
751000000000000000,JOHANNBERGBERG,"500.000 Coffee-to-go-Becher pro Tag alleine in Berlin - dagegen kämpft die Initiative ""#BetterWorldCup"". https://t.co/CLUnAKhfeg https://t.co/xqCuASj8Rc",Unknown,English,7/14/2017 16:37,7/14/2017 16:37,126,104,551,RETWEET,German,1,NonEnglish,0,750676651562926080,885901077958328323,http://twitter.com/750676651562926080/statuses/885901077958328323,https://twitter.com/rbbinforadio/status/885759542180552704/photo/1,http://www.inforadio.de/programm/schema/sendungen/int/201707/14/146219.html,
751000000000000000,JOHANNBERGBERG,"'@AlbrechtSelge @TspLeute @hesselmann @soskinderdorf Ja. Ist oft der Fall. Dabei ist bereits 30, Kissen und selbstgebastelte Schilder sind vorhanden. Ein Tempo-Kontroll-Fall für @polizeiberlin'",Unknown,German,7/14/2017 17:38,7/14/2017 17:38,126,104,554,RETWEET,German,1,NonEnglish,0,750676651562926080,885916429756846080,http://twitter.com/750676651562926080/statuses/885916429756846080,,,
751000000000000000,JOHANNBERGBERG,https://t.co/gkA0csg9PK,Unknown,English,7/14/2017 17:38,7/14/2017 17:38,126,104,553,RETWEET,German,1,NonEnglish,0,750676651562926080,885916411914317824,http://twitter.com/750676651562926080/statuses/885916411914317824,http://m.tagesspiegel.de/politik/politische-literatur/leseprobe-neues-judentum-altes-erinnern-zeitraeume-des-gedenkens/20064260.html?utm_referrer=http%3A%2F%2Fm.facebook.com,,
751000000000000000,JOHANNBERGBERG,Zur Info: https://t.co/clco6pEaIe,Unknown,English,7/14/2017 17:38,7/14/2017 17:39,126,104,555,RETWEET,German,1,NonEnglish,0,750676651562926080,885916446915690498,http://twitter.com/750676651562926080/statuses/885916446915690498,https://twitter.com/tibor/status/885900110911217665,,
751000000000000000,JOHANNBERGBERG,WATCH: Presidents #Trump and #Macron Shook Hands for a Really Long Time https://t.co/wbM5VZSUTX https://t.co/DUy5sxS9Jk,Unknown,English,7/14/2017 18:39,7/14/2017 18:39,126,104,556,RETWEET,German,1,NonEnglish,0,750676651562926080,885931767470972930,http://twitter.com/750676651562926080/statuses/885931767470972930,https://twitter.com/FoxNews/status/885912850320863232/video/1,http://bit.ly/2sYS31d,
751000000000000000,JOHANNBERGBERG,"Extended Händeschütteln, die Zweite. Wenn das so weitergeht, lassen sie sich beim übernächsten Treffen gar nicht mehr los. #foreverhandshake https://t.co/abCnIjccHb",Unknown,German,7/14/2017 18:39,7/14/2017 18:39,126,104,557,RETWEET,German,1,NonEnglish,0,750676651562926080,885931787972747265,http://twitter.com/750676651562926080/statuses/885931787972747265,https://twitter.com/BBCWorld/status/885811741455638528,,
751000000000000000,JOHANNBERGBERG,G20-Krawalle: Unterwegs mit dem Schwarzen Block -Video https://t.co/oyVJqReHw3 @PeterHell2 @SPIEGELONLINE,Unknown,German,7/14/2017 18:39,7/14/2017 18:39,126,104,558,RETWEET,German,1,NonEnglish,0,750676651562926080,885931807107149824,http://twitter.com/750676651562926080/statuses/885931807107149824,http://spon.de/vhDUz,,
751000000000000000,JOHANNBERGBERG,Der Investitionsplan für Europa in Aktion: #InvestEU unterstützt Ausbau von energie-effizienten Wohnbestand in 🇩🇪 https://t.co/O90BMtL8EH https://t.co/44vJpySD2S,Unknown,German,7/14/2017 19:40,7/14/2017 19:40,126,104,561,RETWEET,German,1,NonEnglish,0,750676651562926080,885947148742873088,http://twitter.com/750676651562926080/statuses/885947148742873088,https://twitter.com/EU_Commission/status/885868440799596544/photo/1,http://europa.eu/!DR68Ku,
751000000000000000,JOHANNBERGBERG,"""Die Aktion"", Nr. 27/28, Titelblatt: Raoul Hausmann, 14.7.1917 https://t.co/XXyuk11kSa https://t.co/D06m92O7Dp",Unknown,German,7/14/2017 19:40,7/14/2017 19:40,126,104,560,RETWEET,German,1,NonEnglish,0,750676651562926080,885947129155510273,http://twitter.com/750676651562926080/statuses/885947129155510273,https://twitter.com/Nordhues/status/885805156482396160/photo/1,https://archive.org/stream/DieAktion07jg1917#page/n223/mode/2up,
751000000000000000,JOHANNBERGBERG,.@katjakipping Die Ergebnisse des Gipfels zur Afrika-Politik waren enttäuschend. #G20 #Flüchtlinge #illner,Unknown,German,7/14/2017 2:15,7/14/2017 2:15,126,104,511,RETWEET,German,1,NonEnglish,0,750676651562926080,885684178880278530,http://twitter.com/750676651562926080/statuses/885684178880278530,,,
751000000000000000,JOHANNBERGBERG,.... das könnte jetzt auch irgendwo in den Alpen sein... #Montana #USA https://t.co/RQOkbpxgSM,Unknown,German,7/14/2017 2:15,7/14/2017 2:15,126,104,509,RETWEET,German,1,NonEnglish,0,750676651562926080,885684137360838657,http://twitter.com/750676651562926080/statuses/885684137360838657,https://twitter.com/KaiDiekmann/status/885658390742970368/photo/1,,
751000000000000000,JOHANNBERGBERG,Turkey's president has brutally cleansed the country's army and is building a new military with strange bedfellows. https://t.co/XoYduqd0A8,Unknown,English,7/14/2017 3:17,7/14/2017 3:17,126,104,514,RETWEET,German,1,NonEnglish,0,750676651562926080,885699776095952897,http://twitter.com/750676651562926080/statuses/885699776095952897,http://atfp.co/2ujBQY8,,
751000000000000000,JOHANNBERGBERG,"""You're in such good shape,"" US President Trump told Brigitte Macron, wife of French President Emmanuel Macron https://t.co/5JzfmAxAII https://t.co/ikNQvCuEOL",Unknown,English,7/14/2017 3:17,7/14/2017 3:17,126,104,513,RETWEET,German,1,NonEnglish,0,750676651562926080,885699756172996610,http://twitter.com/750676651562926080/statuses/885699756172996610,https://twitter.com/CNN/status/885661483794878464/video/1,http://cnn.it/2ufkwE0,
751000000000000000,JOHANNBERGBERG,David Remnick on the truth behind Donald Trump Jr.'s meeting with Natalia Veselnitskaya. https://t.co/9XP1yd16Te,Unknown,English,7/14/2017 3:17,7/14/2017 3:17,126,104,512,RETWEET,German,1,NonEnglish,0,750676651562926080,885699737411887104,http://twitter.com/750676651562926080/statuses/885699737411887104,http://nyer.cm/cNJY2TJ,,
751000000000000000,JOHANNBERGBERG,Good Morning Wetter-Follower! 9 Grad sind es jetzt gerade in #Hamburg. Die Top-Temperatur heute: 20 Grad.,Unknown,German,7/14/2017 4:21,7/14/2017 4:21,126,104,515,RETWEET,German,1,NonEnglish,0,750676651562926080,885715893493354496,http://twitter.com/750676651562926080/statuses/885715893493354496,,,
751000000000000000,JOHANNBERGBERG,Irgendwo sitzt jetzt Rainer Brüderle und versteht die Welt nicht mehr #Aufschrei https://t.co/DpKRSoHKyL,Unknown,German,7/14/2017 4:21,7/14/2017 4:22,126,104,516,RETWEET,German,1,NonEnglish,0,750676651562926080,885715910325043201,http://twitter.com/750676651562926080/statuses/885715910325043201,https://twitter.com/nbcnews/status/885557549570850818,,
751000000000000000,JOHANNBERGBERG,U.S. House may be near deal on stalled Russia sanctions bill https://t.co/ae0qtkXmJv,Unknown,English,7/14/2017 5:22,7/14/2017 5:23,126,104,518,RETWEET,German,1,NonEnglish,0,750676651562926080,885731311058636800,http://twitter.com/750676651562926080/statuses/885731311058636800,http://www.reuters.com/article/us-usa-russia-sanctions-idUSKBN19Z01S,,
751000000000000000,JOHANNBERGBERG,EU's Barnier briefs May's opponents on Brexit @macdonaldrtr  https://t.co/H606EKQmJG,Unknown,English,7/14/2017 5:22,7/14/2017 5:23,126,104,517,RETWEET,German,1,NonEnglish,0,750676651562926080,885731294092677120,http://twitter.com/750676651562926080/statuses/885731294092677120,http://www.reuters.com/article/us-britain-eu-labour-idUSKBN19Y26Y,,
751000000000000000,JOHANNBERGBERG,"""Rechtlich ist das möglich“AfD-Spitze will sich in Talkshows bei ARD und ZDF einklagen https://t.co/8Q96Bk6C2Z (via @focusonline)",Unknown,German,7/14/2017 5:22,7/14/2017 5:23,126,104,519,RETWEET,German,1,NonEnglish,0,750676651562926080,885731327907155970,http://twitter.com/750676651562926080/statuses/885731327907155970,http://www.focus.de/politik/rechtlich-ist-das-moeglich-afd-spitze-will-sich-in-talkshows-bei-ard-und-zdf-einklagen_id_7354305.html,,
751000000000000000,JOHANNBERGBERG,Trump will doch keine komplette Grenzmauer nach Mexiko. Aber die muss transparent sein. Warum? Kommt ihr nie drauf: https://t.co/0CzWRCwBl8,Unknown,German,7/14/2017 6:24,7/14/2017 6:24,126,104,520,RETWEET,German,1,NonEnglish,0,750676651562926080,885746832105762816,http://twitter.com/750676651562926080/statuses/885746832105762816,http://buff.ly/2t8kRsm,,
751000000000000000,JOHANNBERGBERG,Guter Punkt auch von @RC_KH: Früher hätte Beyoncé die Bilder meistbietend an die Klatschpresse verkauft. Heute postet sie sie selbst.,Unknown,German,7/14/2017 6:24,7/14/2017 6:24,126,104,522,RETWEET,German,1,NonEnglish,0,750676651562926080,885746867493056513,http://twitter.com/750676651562926080/statuses/885746867493056513,,,
751000000000000000,JOHANNBERGBERG,"Also, Nabokov letting his wife Vera do the actual typing:   https://t.co/o4zb3xXIBZ",Unknown,English,7/14/2017 7:25,7/14/2017 7:26,126,104,523,RETWEET,German,1,NonEnglish,0,750676651562926080,885762181031231488,http://twitter.com/750676651562926080/statuses/885762181031231488,https://twitter.com/petroctrelawny/status/885753273642340353,,
751000000000000000,JOHANNBERGBERG,Nach Hamburger Krawallen: Kipping entschuldigt sich für Ausdruck „marodieren“ #illner #nog20 #g20 @katjakipping #hamburg #polizei https://t.co/8okVUjmhUE,Unknown,German,7/14/2017 7:25,7/14/2017 7:26,126,104,525,RETWEET,German,1,NonEnglish,0,750676651562926080,885762220642025472,http://twitter.com/750676651562926080/statuses/885762220642025472,https://twitter.com/maybritillner/status/885644876452421632/video/1,,
751000000000000000,JOHANNBERGBERG,Holy shit the transcript is real he really said the wall needs to be transparent so you don't get hit in the head by 60 pound bags of drugs https://t.co/Cf6o9NXocP,Unknown,English,7/14/2017 7:25,7/14/2017 7:25,126,104,524,RETWEET,German,1,NonEnglish,0,750676651562926080,885762201159684096,http://twitter.com/750676651562926080/statuses/885762201159684096,https://twitter.com/modestproposal1/status/885626076059271169/photo/1,,
751000000000000000,JOHANNBERGBERG,Besuch in der Schanze: @HeimbachTobias über das unglückliche Timing des Martin Schulz https://t.co/HiSEMzvrPB via @welt,Unknown,German,7/14/2017 8:27,7/14/2017 8:27,126,104,526,RETWEET,German,1,NonEnglish,0,750676651562926080,885777750153457664,http://twitter.com/750676651562926080/statuses/885777750153457664,https://www.welt.de/politik/deutschland/article166635658/Das-unglueckliche-Timing-des-Martin-Schulz.html?wtmc=socialmedia.twitter.shared.web,,
751000000000000000,JOHANNBERGBERG,Kritiker sehen Ende des Rechtsstaats in Polen https://t.co/uJOxuHAcBE #Polen #PiS,Unknown,Dutch,7/14/2017 8:27,7/14/2017 8:27,126,104,527,RETWEET,German,1,NonEnglish,0,750676651562926080,885777767639416832,http://twitter.com/750676651562926080/statuses/885777767639416832,http://www.tagesschau.de/ausland/polen-rechtsstaat-101.html,,
751000000000000000,JOHANNBERGBERG,.@Vice_Germany macht Blattkritik der neuen rechten Boulevard-Zeitung  'Deutschland-Kurier' mit #AfD-Hintergrund: https://t.co/vYkGKTueye https://t.co/l5l1veBpr9,Unknown,German,7/14/2017 9:29,7/14/2017 9:29,126,104,529,RETWEET,German,1,NonEnglish,0,750676651562926080,885793418995216384,http://twitter.com/750676651562926080/statuses/885793418995216384,https://twitter.com/doktordab/status/885789233356701700/photo/1,http://buff.ly/2t9OGIV,
751000000000000000,JOHANNBERGBERG,"die Top Links des Tages: “34 Fähigkeiten, die Social-Media-Redakteure im Jahr 2017 auszeichnen” https://t.co/8HMSTBgIFZ",Unknown,German,7/14/2017 9:29,7/14/2017 9:30,126,104,531,RETWEET,German,1,NonEnglish,0,750676651562926080,885793454231629825,http://twitter.com/750676651562926080/statuses/885793454231629825,http://nzzl.us/lj52IDh,,
751000000000000000,JOHANNBERGBERG,"Nach Trumps Fauxpas: Wer haut ihm jetzt zuerst eine rein? Emmanuel, Brigitte oder Melania? https://t.co/VFdcOvhTMp https://t.co/VFdcOvhTMp",Unknown,German,7/14/2017 9:29,7/14/2017 9:30,126,104,530,RETWEET,German,1,NonEnglish,0,750676651562926080,885793436640710656,http://twitter.com/750676651562926080/statuses/885793436640710656,http://www.faz.net/1.5105877?GEPC=s3,http://www.faz.net/1.5105877?GEPC=s3,
751000000000000000,JOHANNBERGBERG,Meanwhile in Zingst: Gleich kommt Angela Merkel - zur vierten Station ihrer Sommertour #fedidwgugl https://t.co/aXCI83jHGG,Unknown,German,7/15/2017 10:23,7/15/2017 10:23,126,104,586,RETWEET,German,1,NonEnglish,0,750676651562926080,886169361433718785,http://twitter.com/750676651562926080/statuses/886169361433718785,https://twitter.com/JochenBlind/status/886144386433765376/photo/1,,
751000000000000000,JOHANNBERGBERG,Terroranschlag in Jerusalem: @HAZ korrigiert nach Beschwerde die Überschrift ihres Artikels. Es geht eben manchmal doch. https://t.co/rwbETbYlME,Unknown,German,7/15/2017 10:23,7/15/2017 10:23,126,104,584,RETWEET,German,1,NonEnglish,0,750676651562926080,886169325161373696,http://twitter.com/750676651562926080/statuses/886169325161373696,https://twitter.com/LizasWelt/status/886144361066582016/photo/1,,
751000000000000000,JOHANNBERGBERG,Nehme an 4-wöchiger Online-Fortbildung zur rationalen Antibiotikatherapie teil – tolles + zeitgemäßes Angebot der @ChariteBerlin https://t.co/qkVB9Y3f4A,Unknown,German,7/15/2017 12:27,7/15/2017 12:28,126,104,589,RETWEET,German,1,NonEnglish,0,750676651562926080,886200563951558657,http://twitter.com/750676651562926080/statuses/886200563951558657,https://twitter.com/MartinUMueller/status/886194111795138561/photo/1,,
751000000000000000,JOHANNBERGBERG,Verkauft Ikea auch Wagenheber? Marktlücke! https://t.co/dO7jAZPdhf,Unknown,German,7/15/2017 12:27,7/15/2017 12:27,126,104,588,RETWEET,German,1,NonEnglish,0,750676651562926080,886200546184572928,http://twitter.com/750676651562926080/statuses/886200546184572928,https://twitter.com/uniwave/status/886194175569522689/photo/1,,
751000000000000000,JOHANNBERGBERG,Nach Hamburger G20-Gipfel: Viele Fragen sind noch offen \| https://t.co/NcPO6pkyZD https://t.co/KcQJGPz6mq,Unknown,German,7/15/2017 13:28,7/15/2017 13:29,126,104,591,RETWEET,German,1,NonEnglish,0,750676651562926080,886215967159853056,http://twitter.com/750676651562926080/statuses/886215967159853056,http://faktenfinder.tagesschau.de/inland/g20-offene-fragen-101.html,http://faktenfinder.tagesschau.de,
751000000000000000,JOHANNBERGBERG,'@BUNTE UND NATÜRLICH IN DIESER AUSGABE: der junge @KaiDiekmann. Voller Unschuld blickte er der Geschichte entgegen. @BUNTE https://t.co/AP1qFPHmFi',Unknown,German,7/15/2017 13:28,7/15/2017 13:29,126,104,590,RETWEET,German,1,NonEnglish,0,750676651562926080,886215949510201344,http://twitter.com/750676651562926080/statuses/886215949510201344,https://twitter.com/samelou/status/886185697954148352/photo/1,,
751000000000000000,JOHANNBERGBERG,enjoying saturday afternoon with coffee and some great articles @DerSPIEGEL @MFeldenkirchen #weekend https://t.co/t2DTAwh3pL,Unknown,English,7/15/2017 14:30,7/15/2017 14:32,126,104,594,RETWEET,German,1,NonEnglish,0,750676651562926080,886231502438227968,http://twitter.com/750676651562926080/statuses/886231502438227968,https://twitter.com/StephanMichard/status/886217254660173825/photo/1,,
751000000000000000,JOHANNBERGBERG,"President Trump is at his NJ golf club, marking his 39th trip to one of his golf properties since taking office https://t.co/oSbsZm338C https://t.co/7kCGTx5sSG",Unknown,English,7/15/2017 14:30,7/15/2017 14:30,126,104,595,RETWEET,German,1,NonEnglish,0,750676651562926080,886231521903902723,http://twitter.com/750676651562926080/statuses/886231521903902723,https://twitter.com/NBCNews/status/886218614566776832/photo/1,http://nbcnews.to/2tWiOoi,
751000000000000000,JOHANNBERGBERG,Exciting women's final today under the roof ! @Wimbledon https://t.co/FJlj9eFOj2,Unknown,English,7/15/2017 14:30,7/15/2017 14:30,126,104,593,RETWEET,German,1,NonEnglish,0,750676651562926080,886231484834746368,http://twitter.com/750676651562926080/statuses/886231484834746368,https://twitter.com/TheBorisBecker/status/886223766098935808/photo/1,,
751000000000000000,JOHANNBERGBERG,Mama you ran from a civil war so I could be safe &amp; get the education you didn't. Today you cried when you saw me in my robe. Did it for you😢 https://t.co/BKva3yUbTG,Unknown,English,7/15/2017 15:31,7/15/2017 15:32,126,104,598,RETWEET,German,1,NonEnglish,0,750676651562926080,886246871353700352,http://twitter.com/750676651562926080/statuses/886246871353700352,https://twitter.com/Ramla_Ty/status/885607978262548480/video/1,,
751000000000000000,JOHANNBERGBERG,"Lächerlich, wie sich @SPIEGELTV über die die #g20 demonstraten lustig macht https://t.co/knglXEneP9",Unknown,German,7/15/2017 16:33,7/15/2017 16:33,126,104,599,RETWEET,German,1,NonEnglish,0,750676651562926080,886262435103076353,http://twitter.com/750676651562926080/statuses/886262435103076353,https://youtu.be/ojToYs6nCnk,,
751000000000000000,JOHANNBERGBERG,Hi world! Greetings from Berlin with love. 🌈 https://t.co/1Jn2YQiJJo,Unknown,English,7/15/2017 16:33,7/15/2017 16:33,126,104,600,RETWEET,German,1,NonEnglish,0,750676651562926080,886262452521795584,http://twitter.com/750676651562926080/statuses/886262452521795584,https://twitter.com/schmarsten/status/886251464686960640/photo/1,,
751000000000000000,JOHANNBERGBERG,3 years ago .@JunckerEU was elected Pdt .@EU_Commission. A lot of work done. Now we need to use wind in our sails.  https://t.co/pySr12rBbP,Unknown,English,7/15/2017 16:33,7/15/2017 16:33,126,104,601,RETWEET,German,1,NonEnglish,0,750676651562926080,886262470490411008,http://twitter.com/750676651562926080/statuses/886262470490411008,http://www.europarl.europa.eu/RegData/etudes/IDAN/2017/607287/EPRS_IDA(2017)607287_EN.pdf,,
751000000000000000,JOHANNBERGBERG,The American political system may yet prove tragically vulnerable to sufficiently ludicrous bad behavior,Unknown,English,7/15/2017 17:34,7/15/2017 17:34,126,104,603,RETWEET,German,1,NonEnglish,0,750676651562926080,886277807508254720,http://twitter.com/750676651562926080/statuses/886277807508254720,,,
751000000000000000,JOHANNBERGBERG,"Couseng aus Hessen besucht mich in Berlin. Er findet das Konzept von Spätis so toll, dass wir an JEDEM für ein Bier anhalten müssen. Prost.",Unknown,German,7/15/2017 18:35,7/15/2017 18:35,126,104,605,RETWEET,German,1,NonEnglish,0,750676651562926080,886293136628224002,http://twitter.com/750676651562926080/statuses/886293136628224002,,,
751000000000000000,JOHANNBERGBERG,"100-foot boat embarks on world journey using sun or wind power during the day, hydrogen from sea water at night https://t.co/glHb2M82aK",Unknown,English,7/15/2017 18:35,7/15/2017 18:35,126,104,606,RETWEET,German,1,NonEnglish,0,750676651562926080,886293153816489985,http://twitter.com/750676651562926080/statuses/886293153816489985,http://apne.ws/2uqcqIk,,
751000000000000000,JOHANNBERGBERG,"Hat @faznet die Recherche von @marcusengert @BuzzFeedGermany nacherzählt ohne zu zitieren? https://t.co/uQct3x9VaK ""Mehrere Medienberichte.""",Unknown,German,7/15/2017 18:35,7/15/2017 18:35,126,104,607,RETWEET,German,1,NonEnglish,0,750676651562926080,886293171185094656,http://twitter.com/750676651562926080/statuses/886293171185094656,http://m.faz.net/aktuell/politik/inland/krawalle-in-hamburg-offenbar-deutlich-weniger-verletzte-polizisten-nach-g-20-gipfel-15107559.html,,
751000000000000000,JOHANNBERGBERG,Hafengeburtstag? https://t.co/CumTrhFY3H,Unknown,English,7/15/2017 19:36,7/15/2017 19:36,126,104,610,RETWEET,German,1,NonEnglish,0,750676651562926080,886308526548758528,http://twitter.com/750676651562926080/statuses/886308526548758528,https://twitter.com/FAZ_Politik/status/886295593919934464,,
751000000000000000,JOHANNBERGBERG,Plattform-Index überspringt erstmals 1400 Punkte. https://t.co/5pN9HDLbSN #platformeconomy https://t.co/ug7XdyNsIM,Unknown,German,7/15/2017 19:36,7/15/2017 19:37,126,104,609,RETWEET,German,1,NonEnglish,0,750676651562926080,886308508722974720,http://twitter.com/750676651562926080/statuses/886308508722974720,https://twitter.com/HolgerSchmidt/status/886298776985620480/photo/1,http://ow.ly/53jv30dES0A,
751000000000000000,JOHANNBERGBERG,Dieselgate-Debakel: EU-Kommissarin rügt Deutschlands Krisenmanagement https://t.co/ClIwLCTG7k via @welt,Unknown,German,7/15/2017 19:36,7/15/2017 19:36,126,104,608,RETWEET,German,1,NonEnglish,0,750676651562926080,886308489244573696,http://twitter.com/750676651562926080/statuses/886308489244573696,https://www.welt.de/wirtschaft/article166674204/EU-Kommissarin-ruegt-Deutschlands-Krisenmanagement.html?wtmc=socialmedia.twitter.shared.web,,
751000000000000000,JOHANNBERGBERG,"Wow, it looks like there were more people at the Russia hacker meeting than there were at Trump's inauguration.",Unknown,English,7/15/2017 2:15,7/15/2017 2:15,126,104,562,RETWEET,German,1,NonEnglish,0,750676651562926080,886046518570090496,http://twitter.com/750676651562926080/statuses/886046518570090496,,,
751000000000000000,JOHANNBERGBERG,On the hiking trail. #Montana 🇺🇸 https://t.co/oStwZXRefk,Unknown,English,7/15/2017 2:15,7/15/2017 2:15,126,104,564,RETWEET,German,1,NonEnglish,0,750676651562926080,886046554473287682,http://twitter.com/750676651562926080/statuses/886046554473287682,https://twitter.com/KaiDiekmann/status/885997247510466561/video/1,,
751000000000000000,JOHANNBERGBERG,Good Morning Wetter-Follower! 13 Grad sind es jetzt gerade in #Hamburg. Die Top-Temperatur heute: 21 Grad.,Unknown,German,7/15/2017 4:17,7/15/2017 4:17,126,104,565,RETWEET,German,1,NonEnglish,0,750676651562926080,886077220657278976,http://twitter.com/750676651562926080/statuses/886077220657278976,,,
751000000000000000,JOHANNBERGBERG,Haben bayerische Spezialkräfte vergangenen Samstag friedlich Tanzende verprügelt? Schwere Vorwürfe vom Bündnis @allen_alles. #Schanze #G20 https://t.co/m2zfX1eV24,Unknown,German,7/15/2017 5:18,7/15/2017 5:18,126,104,566,RETWEET,German,1,NonEnglish,0,750676651562926080,886092631142518786,http://twitter.com/750676651562926080/statuses/886092631142518786,https://twitter.com/brdn/status/885791470892056576/photo/1,,
751000000000000000,JOHANNBERGBERG,"„Die Baderegeln gelten für alle Frauen, auch die Musliminnen“ https://t.co/FJEpuueJMc",Unknown,German,7/15/2017 5:18,7/15/2017 5:19,126,104,568,RETWEET,German,1,NonEnglish,0,750676651562926080,886092668337606657,http://twitter.com/750676651562926080/statuses/886092668337606657,http://bit.ly/2tbkWvx,,
751000000000000000,JOHANNBERGBERG,Samstag. 7 Uhr. Die Küche kommt.,Unknown,German,7/15/2017 5:18,7/15/2017 5:21,126,104,567,RETWEET,German,1,NonEnglish,0,750676651562926080,886092649387655168,http://twitter.com/750676651562926080/statuses/886092649387655168,,,
751000000000000000,JOHANNBERGBERG,"Goooood night, America! #Montana 🇺🇸 https://t.co/QqsnCfIzGb",Unknown,English,7/15/2017 6:19,7/15/2017 6:20,126,104,569,RETWEET,German,1,NonEnglish,0,750676651562926080,886107923495178243,http://twitter.com/750676651562926080/statuses/886107923495178243,https://twitter.com/KaiDiekmann/status/886090967496794112/photo/1,,
751000000000000000,JOHANNBERGBERG,"Eine Idee, für was Griechenland ein Wachstumsprogramm (10-20 Mrd) nutzen könnte...? Da kommt man in Deutschland nicht drauf, ich weiss... 🤔🧐 https://t.co/ignvQUC22t",Unknown,German,7/15/2017 7:20,7/15/2017 7:22,126,104,573,RETWEET,German,1,NonEnglish,0,750676651562926080,886123312413159424,http://twitter.com/750676651562926080/statuses/886123312413159424,https://twitter.com/HrReisen/status/886108349334523904,,
751000000000000000,JOHANNBERGBERG,#deMaiziere denkt an Fußfesseln für potenzielle Krawallmacher.  #g20 https://t.co/69x7xl5i6y https://t.co/kOOYgn6qvS,Unknown,German,7/15/2017 7:20,7/15/2017 7:20,126,104,572,RETWEET,German,1,NonEnglish,0,750676651562926080,886123290103828481,http://twitter.com/750676651562926080/statuses/886123290103828481,https://twitter.com/LarsWienand/status/886113746984284160/photo/1,http://abendblatt.de/politik/article211251735/De-Maiziere-fordert-Fussfesseln-fuer-potenzielle-Krawallmacher.html,
751000000000000000,JOHANNBERGBERG,"Ist es wirklich nur die SPD, die Mitverantwortung an Hamburger Chaos trägt? @HerlesW schaut weiter. https://t.co/ql8QAvlgfE",Unknown,German,7/15/2017 7:20,7/15/2017 7:20,126,104,571,RETWEET,German,1,NonEnglish,0,750676651562926080,886123272877854720,http://twitter.com/750676651562926080/statuses/886123272877854720,https://www.tichyseinblick.de/kolumnen/herles-faellt-auf/das-mass-an-verlogenheit/,,
751000000000000000,JOHANNBERGBERG,With the menus we have onboard #Arctic100Expedition there's no risk of that here https://t.co/gYLrxo6XHJ,Unknown,English,7/15/2017 8:21,7/15/2017 8:21,126,104,574,RETWEET,German,1,NonEnglish,0,750676651562926080,886138647464038401,http://twitter.com/750676651562926080/statuses/886138647464038401,https://twitter.com/rmgreenwich/status/885819783450697728,,
751000000000000000,JOHANNBERGBERG,"Marmelade statt Konfitüre - Glückliches Europa, das solche Probleme und Abgeordnete hat. https://t.co/SDktVrAxLg",Unknown,German,7/15/2017 8:21,7/15/2017 8:21,126,104,575,RETWEET,German,1,NonEnglish,0,750676651562926080,886138665256321024,http://twitter.com/750676651562926080/statuses/886138665256321024,https://www.tichyseinblick.de/bullseye,,
751000000000000000,JOHANNBERGBERG,My Week: Donald Trump Jr. (£) https://t.co/uW9saWQeZE https://t.co/EDh13WoTRi,Unknown,English,7/15/2017 8:21,7/15/2017 8:21,126,104,576,RETWEET,German,1,NonEnglish,0,750676651562926080,886138685846155265,http://twitter.com/750676651562926080/statuses/886138685846155265,https://twitter.com/hugorifkind/status/886091671112491008/photo/1,http://thetimes.co.uk/article/b32303ec-68ba-11e7-9755-334d14a02d15,
751000000000000000,JOHANNBERGBERG,Irak meldet Sieg über Terrormiliz IS in Mossul https://t.co/mQZM3xO4Oi #Eilmeldung,Unknown,German,7/15/2017 8:25,7/15/2017 8:25,126,104,579,RETWEET,German,1,NonEnglish,0,750676651562926080,886139580201783297,http://twitter.com/750676651562926080/statuses/886139580201783297,http://www.tagesschau.de/eilmeldung/eilmeldung-2835.html,,
751000000000000000,JOHANNBERGBERG,EILMELDUNG: Schriftsteller Peter Härtling gestorben https://t.co/osd9lNliXy,Unknown,German,7/15/2017 8:25,7/15/2017 8:25,126,104,578,RETWEET,German,1,NonEnglish,0,750676651562926080,886139548954243073,http://twitter.com/750676651562926080/statuses/886139548954243073,http://www.faz.net/aktuell/eilmeldung-schriftsteller-peter-haertling-gestorben-15099683.html,,
751000000000000000,JOHANNBERGBERG,Staatsbesuch in Paris  - Doppel-Date auf dem Eiffelturm: Macron und Trump machen auf beste Freunde https://t.co/KlJ0U7XT2A,Unknown,German,7/15/2017 8:31,7/15/2017 8:31,126,104,580,RETWEET,German,1,NonEnglish,0,750676651562926080,886141043997102080,http://twitter.com/750676651562926080/statuses/886141043997102080,http://www.focus.de/politik/ausland/staatsbesuch-in-paris-trump-und-macron-suchen-gemeinsamkeiten_id_7354233.html#62d31e646bd827baf431d48136b5cf63,,
751000000000000000,JOHANNBERGBERG,Das ist so großartig absurd. https://t.co/AJEQQgNSuP,Unknown,German,7/15/2017 9:22,7/15/2017 9:22,126,104,583,RETWEET,German,1,NonEnglish,0,750676651562926080,886154004434178048,http://twitter.com/750676651562926080/statuses/886154004434178048,https://twitter.com/funkeberlin/status/885873757612539906,,
751000000000000000,JOHANNBERGBERG,"Endlich auch in Deutschland Verbot der Vollverschleierung durchsetzen, fordert MdL @Ismailtipi https://t.co/UzyjrRPYo4",Unknown,German,7/15/2017 9:22,7/15/2017 9:23,126,104,582,RETWEET,German,1,NonEnglish,0,750676651562926080,886153987606663168,http://twitter.com/750676651562926080/statuses/886153987606663168,https://www.tichyseinblick.de/kolumnen/ismail-tipi-klartext/verschleierungsverbot-mobiles-stoffgefaengnis-entrechtet-unsere-frauen/,,
751000000000000000,JOHANNBERGBERG,"Der Moment, in dem man wirklich ins Exil gehen sollte: Türkei verhängt Ausreiseverbot für Akademiker https://t.co/bmCsBqKM2H via @welt",Unknown,German,7/20/2016 12:15,7/20/2016 12:15,109,9,7,RETWEET,German,1,NonEnglish,0,750676651562926080,755737936658829312,http://twitter.com/JohannbergBerg/statuses/755737936658829312,http://www.welt.de/politik/article157086934/Tuerkei-verhaengt-Ausreiseverbot-fuer-Akademiker.html,,
751000000000000000,JOHANNBERGBERG,Ein Verurteilter aus der Kölner Silvesternacht sieht sich als Justizopfer. Daraus lässt sich doch Geld machen� @welt https://t.co/jWGoyAWsdv,Unknown,German,7/20/2016 12:15,7/20/2016 12:16,109,9,9,RETWEET,German,1,NonEnglish,0,750676651562926080,755738004187123716,http://twitter.com/JohannbergBerg/statuses/755738004187123716,http://m.welt.de/politik/deutschland/article157156904/Koelner-Sex-Taeter-wuerde-auspacken-fuer-2500-Euro.html,,
751000000000000000,JOHANNBERGBERG,"Fehlt der SPD nur noch, dass Putzfrau Susanne Neumann bekennt, sie habe nie geputzt + sei eigentlich Juristin @welt https://t.co/l9xfxh5Vly",Unknown,German,7/20/2016 12:15,7/20/2016 12:15,109,9,6,RETWEET,German,1,NonEnglish,0,750676651562926080,755737901963542528,http://twitter.com/JohannbergBerg/statuses/755737901963542528,http://m.welt.de/politik/deutschland/article157173028/SPD-Abgeordnete-erfand-Abitur-und-Jura-Studium.html,,
751000000000000000,JOHANNBERGBERG,Freie Wähler wollen TV-Richter als Bundespräsidenten https://t.co/1bV0UiwXDD https://t.co/ItLC5WMGip,Unknown,German,7/20/2016 12:15,7/20/2016 12:15,109,9,8,RETWEET,German,1,NonEnglish,0,750676651562926080,755737970624307200,http://twitter.com/JohannbergBerg/statuses/755737970624307200,https://twitter.com/welt/status/755715092814172160/photo/1,http://to.welt.de/tNZTjG6,
751000000000000000,JOHANNBERGBERG,Warum die @CDU die neue Partei der Migranten in Deutschland ist https://t.co/yvpsk4Vg3j https://t.co/SFKhQVBH79,Unknown,German,7/20/2016 12:15,7/20/2016 12:15,109,9,5,RETWEET,German,1,NonEnglish,0,750676651562926080,755737854291181568,http://twitter.com/JohannbergBerg/statuses/755737854291181568,https://twitter.com/welt/status/755732323832856576/photo/1,http://to.welt.de/ZEKwhJg,
751000000000000000,JOHANNBERGBERG,"Der Soundtrack zum ""Welt""-Geschehen: Abonnenten der @welt kriegen Spotify https://t.co/p4DK6RLaZf via @welt",Unknown,German,7/20/2016 12:16,7/20/2016 12:17,109,9,16,RETWEET,German,1,NonEnglish,0,750676651562926080,755738233712025600,http://twitter.com/JohannbergBerg/statuses/755738233712025600,http://www.welt.de/kultur/article157177431/WeltN24-beginnt-Kooperation-mit-Spotify.html,,
751000000000000000,JOHANNBERGBERG,"""iflyA380"": Airbus startet Flug-Suchmaschine für Fans des A380 https://t.co/G45D3wOvPy https://t.co/hdNkwO3b0j",Unknown,German,7/20/2016 12:16,7/20/2016 12:16,109,9,13,RETWEET,German,1,NonEnglish,0,750676651562926080,755738144817946624,http://twitter.com/JohannbergBerg/statuses/755738144817946624,https://twitter.com/welt/status/755698041034776576/photo/1,http://to.welt.de/Ok1ffew,
751000000000000000,JOHANNBERGBERG,Ukraine: Bekannter Journalist bei Bombenanschlag getötet https://t.co/KCBxxP12Ho https://t.co/lMuF1gEbmf,Unknown,German,7/20/2016 12:16,7/20/2016 12:16,109,9,15,RETWEET,German,1,NonEnglish,0,750676651562926080,755738200795181056,http://twitter.com/JohannbergBerg/statuses/755738200795181056,https://twitter.com/welt/status/755696762116071424/photo/1,http://to.welt.de/Sgcdyet,
751000000000000000,JOHANNBERGBERG,"� BREAKING: De Maizière bezeichnet Attentäter von Würzburg von IS ""angestachelt"" https://t.co/SElxxVh4a6 https://t.co/rdJQbvs1bQ",Unknown,German,7/20/2016 12:16,7/20/2016 12:16,109,9,10,RETWEET,German,1,NonEnglish,0,750676651562926080,755738049384947712,http://twitter.com/JohannbergBerg/statuses/755738049384947712,https://twitter.com/welt/status/755709220784340992/photo/1,http://to.welt.de/klAM3LJ,
751000000000000000,JOHANNBERGBERG,Prozess: Mann gesteht sexuellen Missbrauch nach Droh-SMS https://t.co/ZKVeSXbB0d https://t.co/pLriKGSWUG,Unknown,German,7/20/2016 12:16,7/20/2016 12:16,109,9,14,RETWEET,German,1,NonEnglish,0,750676651562926080,755738174949908480,http://twitter.com/JohannbergBerg/statuses/755738174949908480,https://twitter.com/welt/status/755696969553674240/photo/1,http://to.welt.de/l7K4t7P,
751000000000000000,JOHANNBERGBERG,#Merkel beteiligt sich an einem Angriffskrieg in #Afghanistan #Merkelmussbleiben,Unknown,German,7/21/2016 10:16,7/21/2016 10:16,109,9,17,,German,0,NonEnglish,0,750676651562926080,756070416788099072,http://twitter.com/JohannbergBerg/statuses/756070416788099072,,,
751000000000000000,JOHANNBERGBERG,#Merkel entsendet von Tornado-Kampfflugzeuge und #AWACS nach #Afghanistan #Merkelmussbleiben,Unknown,German,7/21/2016 10:17,7/21/2016 10:17,109,9,18,,German,0,NonEnglish,0,750676651562926080,756070525244416000,http://twitter.com/JohannbergBerg/statuses/756070525244416000,,,
751000000000000000,JOHANNBERGBERG,"Mit ihrer Wachstumspolitik hat #Merkel erreicht, dass die Zahl der Arbeitslosen unter drei Millionen gesunken war. #Merkelmussbleiben",Unknown,German,7/21/2016 10:18,7/21/2016 10:18,109,9,19,,German,0,NonEnglish,0,750676651562926080,756070883949674496,http://twitter.com/JohannbergBerg/statuses/756070883949674496,,,
751000000000000000,JOHANNBERGBERG,#Merkel steht weiter ein für ihrer Ziel „Arbeit für alle“ #Merkelmussbleiben,Unknown,German,7/21/2016 10:20,7/21/2016 10:20,109,9,20,,German,0,NonEnglish,0,750676651562926080,756071426520674304,http://twitter.com/JohannbergBerg/statuses/756071426520674304,,,
751000000000000000,JOHANNBERGBERG,Bei #Merkel haben biometrische Pässen zu bekommen angefangen #Merkelmussbleiben,Unknown,German,7/21/2016 10:23,7/21/2016 10:24,109,9,21,,German,0,NonEnglish,0,750676651562926080,756072222616322048,http://twitter.com/JohannbergBerg/statuses/756072222616322048,,,
751000000000000000,JOHANNBERGBERG,#Merkel verurteilt Putschversuch in der #Türkei #Merkelmussbleiben,Unknown,German,7/21/2016 10:25,7/21/2016 10:25,109,9,22,,German,0,NonEnglish,0,750676651562926080,756072485502812160,http://twitter.com/JohannbergBerg/statuses/756072485502812160,,,
751000000000000000,JOHANNBERGBERG,#Merkel ließ sich in Ulan-Bator ständig über die Entwicklung in der #Türkei unterrichten #Merkelmussbleiben,Unknown,German,7/21/2016 10:25,7/21/2016 10:26,109,9,23,,German,0,NonEnglish,0,750676651562926080,756072698770513920,http://twitter.com/JohannbergBerg/statuses/756072698770513920,,,
751000000000000000,JOHANNBERGBERG,"#Merkel ist dem Volk nah, einmal brachte sie den chinesischen Ministerpräsidenten in einen Supermarkt #Merkelmussbleiben",Unknown,German,7/21/2016 10:26,7/21/2016 10:26,109,9,24,,German,0,NonEnglish,0,750676651562926080,756072945601085440,http://twitter.com/JohannbergBerg/statuses/756072945601085440,,,
751000000000000000,JOHANNBERGBERG,"Ich werde immer #Merkel wählen und hoffen, dass sie mich noch weiter nicht enttäuscht! #Merkelmussbleiben",Unknown,German,7/21/2016 10:28,7/21/2016 10:31,109,9,25,,German,0,NonEnglish,0,750676651562926080,756073340276703232,http://twitter.com/JohannbergBerg/statuses/756073340276703232,,,
751000000000000000,JOHANNBERGBERG,#Merkel erklärt Todesstrafe in #Türkei zur roten Linie #Merkelmussbleiben,Unknown,German,7/21/2016 10:29,7/21/2016 10:31,109,9,26,,German,0,NonEnglish,0,750676651562926080,756073506274676736,http://twitter.com/JohannbergBerg/statuses/756073506274676736,,,
751000000000000000,JOHANNBERGBERG,#Merkel kann die Sicherheit des Staates gewährleisten #Merkelmussbleiben https://t.co/ASO4mkBaQo,Unknown,German,7/21/2016 11:12,7/21/2016 11:13,109,9,27,,German,0,NonEnglish,0,750676651562926080,756084521586532353,http://twitter.com/JohannbergBerg/statuses/756084521586532353,https://twitter.com/JohannbergBerg/status/756084521586532353/photo/1,,
751000000000000000,JOHANNBERGBERG,Man muss #Merkel kanonisieren #Merkelmussbleiben,Unknown,English,7/21/2016 11:13,7/21/2016 11:13,109,9,28,,German,0,NonEnglish,0,750676651562926080,756084566973112320,http://twitter.com/JohannbergBerg/statuses/756084566973112320,,,
751000000000000000,JOHANNBERGBERG,#Merkel nimmt die Fragen und Anliegen der Menschen ernst #Merkelmussbleiben https://t.co/L8kZDECsvP,Unknown,German,7/21/2016 11:15,7/21/2016 11:15,109,9,29,,German,0,NonEnglish,0,750676651562926080,756085217115443200,http://twitter.com/JohannbergBerg/statuses/756085217115443200,https://twitter.com/JohannbergBerg/status/756085217115443200/photo/1,,
751000000000000000,JOHANNBERGBERG,Merkel ist die mächtigste Frau der Welt #Merkelmussbleiben https://t.co/rCnJcxO0w4,Unknown,German,7/21/2016 11:16,7/21/2016 11:16,109,9,30,,German,0,NonEnglish,0,750676651562926080,756085372908625920,http://twitter.com/JohannbergBerg/statuses/756085372908625920,https://twitter.com/JohannbergBerg/status/756085372908625920/photo/1,,
751000000000000000,JOHANNBERGBERG,Merkel versucht die Vorurteile der Deutschen zu bekämpfen #Merkelmussbleiben https://t.co/sp1hH6jBSg,Unknown,German,7/21/2016 11:20,7/21/2016 11:21,109,9,32,,German,0,NonEnglish,0,750676651562926080,756086558747398145,http://twitter.com/JohannbergBerg/statuses/756086558747398145,https://twitter.com/JohannbergBerg/status/756086558747398145/photo/1,,
751000000000000000,JOHANNBERGBERG,Unter #Merkel haben die Meisten eine gute Arbeit #Merkelmussbleiben,Unknown,German,7/21/2016 11:29,7/21/2016 11:29,109,9,34,,German,0,NonEnglish,0,750676651562926080,756088660555161600,http://twitter.com/JohannbergBerg/statuses/756088660555161600,,,
751000000000000000,JOHANNBERGBERG,#Merkel hilft anderen in Europa #Merkelmussbleiben,Unknown,English,7/21/2016 11:30,7/21/2016 11:30,109,9,36,,German,0,NonEnglish,0,750676651562926080,756089052504420352,http://twitter.com/JohannbergBerg/statuses/756089052504420352,,,
751000000000000000,JOHANNBERGBERG,"#Merkel versteht, dass Kinder die Zukunft unseres Landes sind #Merkelmussbleiben",Unknown,German,7/21/2016 11:30,7/21/2016 11:30,109,9,35,,German,0,NonEnglish,0,750676651562926080,756088985437560832,http://twitter.com/JohannbergBerg/statuses/756088985437560832,,,
751000000000000000,JOHANNBERGBERG,Ich fühle Sicherheit in #Deutschland #Merkelmussbleiben,Unknown,German,7/21/2016 11:31,7/21/2016 11:31,109,9,37,,German,0,NonEnglish,0,750676651562926080,756089226643509248,http://twitter.com/JohannbergBerg/statuses/756089226643509248,,,
751000000000000000,JOHANNBERGBERG,Deutschland ist ein starkes Land #Merkelmussbleiben,Unknown,German,7/21/2016 11:32,7/21/2016 11:32,109,9,38,,German,0,NonEnglish,0,750676651562926080,756089380368949248,http://twitter.com/JohannbergBerg/statuses/756089380368949248,,,
751000000000000000,JOHANNBERGBERG,Deutschland bleibt eine lebens- und liebenswerte Heimat #Merkelmussbleiben,Unknown,German,7/21/2016 11:32,7/21/2016 11:33,109,9,39,,German,0,NonEnglish,0,750676651562926080,756089581636902912,http://twitter.com/JohannbergBerg/statuses/756089581636902912,,,
751000000000000000,JOHANNBERGBERG,"#Merkel ist sicher, dass sie die Interessen der Menschen in unserem Land in einen fairen Ausgleich bringt #Merkelmussbleiben",Unknown,German,7/21/2016 11:34,7/21/2016 11:34,109,9,41,,German,0,NonEnglish,0,750676651562926080,756089988039712768,http://twitter.com/JohannbergBerg/statuses/756089988039712768,,,
751000000000000000,JOHANNBERGBERG,"Viele Menschen erleben gerade im Sport, was #Merkel gemeinsam mit Menschen erreichen können.  #Merkelmussbleiben",Unknown,German,7/21/2016 11:35,7/21/2016 11:35,109,9,42,,German,0,NonEnglish,0,750676651562926080,756090231296851968,http://twitter.com/JohannbergBerg/statuses/756090231296851968,,,
751000000000000000,JOHANNBERGBERG,"Deutschland geht es auf Dauer nur gut, wenn es Europa gut geht #Merkelmussbleiben",Unknown,German,7/21/2016 11:39,7/21/2016 11:39,109,9,45,,German,0,NonEnglish,0,750676651562926080,756091300357763072,http://twitter.com/JohannbergBerg/statuses/756091300357763072,,,
751000000000000000,JOHANNBERGBERG,"Die CDU steht dafür, dass der Euro stabil bleibt #Merkelmussbleiben",Unknown,German,7/21/2016 11:39,7/21/2016 11:40,109,9,46,,German,0,NonEnglish,0,750676651562926080,756091345207451649,http://twitter.com/JohannbergBerg/statuses/756091345207451649,,,
751000000000000000,JOHANNBERGBERG,CDU sitz auf familienfreundliche Rahmenbedingungen und  starke Familien in Deutschland #Merkelmussbleiben,Unknown,German,7/21/2016 11:39,7/21/2016 11:39,109,9,44,,German,0,NonEnglish,0,750676651562926080,756091224734457857,http://twitter.com/JohannbergBerg/statuses/756091224734457857,,,
751000000000000000,JOHANNBERGBERG,Nein zu #AfD,Unknown,English,7/21/2016 11:43,7/21/2016 11:44,109,9,47,,German,0,NonEnglish,0,750676651562926080,756092333607751681,http://twitter.com/JohannbergBerg/statuses/756092333607751681,,,
751000000000000000,JOHANNBERGBERG,#Merkel ist die Heilige #Merkelmussbleiben,Unknown,German,7/21/2016 11:44,7/21/2016 11:44,109,9,48,,German,0,NonEnglish,0,750676651562926080,756092576860606464,http://twitter.com/JohannbergBerg/statuses/756092576860606464,,,
751000000000000000,JOHANNBERGBERG,Die #AfD soll in die Versenkung verschwinden und #Merkelmussbleiben,Unknown,German,7/21/2016 11:45,7/21/2016 11:45,109,9,49,,German,0,NonEnglish,0,750676651562926080,756092662965567488,http://twitter.com/JohannbergBerg/statuses/756092662965567488,,,
751000000000000000,JOHANNBERGBERG,Jeden Tag versucht Frau Merkel die Probleme der Bevölkerung lösen #Merkelmussbleiben,Unknown,German,7/21/2016 11:46,7/21/2016 11:46,109,9,50,,German,0,NonEnglish,0,750676651562926080,756092891412492288,http://twitter.com/JohannbergBerg/statuses/756092891412492288,,,
751000000000000000,JOHANNBERGBERG,#Merkel braucht unsere Unterstützung #Merkelmussbleiben,Unknown,German,7/21/2016 11:49,7/21/2016 11:49,109,9,52,,German,0,NonEnglish,0,750676651562926080,756093773659115520,http://twitter.com/JohannbergBerg/statuses/756093773659115520,,,
751000000000000000,JOHANNBERGBERG,#Merkel hat immer für die Rentner gesorgt #Merkelmussbleiben,Unknown,German,7/21/2016 11:50,7/21/2016 11:51,109,9,55,,German,0,NonEnglish,0,750676651562926080,756094074000642049,http://twitter.com/JohannbergBerg/statuses/756094074000642049,,,
751000000000000000,JOHANNBERGBERG,#Merkel: #Flüchtlinge sollten nicht unter Generalverdacht gestellt werden #München #Ansbach https://t.co/faY8j8vr3f,Unknown,German,7/26/2016 8:45,7/26/2016 8:46,109,8,56,,German,0,NonEnglish,0,750676651562926080,757859471632850944,http://twitter.com/JohannbergBerg/statuses/757859471632850944,http://www.stern.de/politik/deutschland/amoklauf-in-muenchen--angela-merkel-aeussert-sich---wir-leiden-mit-ihnen-6977676.html,,
751000000000000000,JOHANNBERGBERG,"#Merkel will keinen Generalverdacht, sie teilt unseren Schmerz https://t.co/faY8j8vr3f #München",Unknown,German,7/26/2016 8:46,7/26/2016 8:47,109,8,57,,German,0,NonEnglish,0,750676651562926080,757859682203598848,http://twitter.com/JohannbergBerg/statuses/757859682203598848,http://www.stern.de/politik/deutschland/amoklauf-in-muenchen--angela-merkel-aeussert-sich---wir-leiden-mit-ihnen-6977676.html,,
751000000000000000,JOHANNBERGBERG,Olympischer Fußball: Wo Deutschland sogar im Elfmeterschießen verliert https://t.co/ZVz6ekviY7 https://t.co/MUgcenTSRV,Unknown,German,7/27/2016 10:17,7/27/2016 10:17,109,8,58,RETWEET,German,1,NonEnglish,0,750676651562926080,758244871182356480,http://twitter.com/JohannbergBerg/statuses/758244871182356480,https://twitter.com/welt/status/758213592252608513/photo/1,http://to.welt.de/0QV92J1,
751000000000000000,JOHANNBERGBERG,Überschriften sind die Push-up-BHs des Journalismus https://t.co/BxFzQLHFXW via @welt,Unknown,German,7/27/2016 10:17,7/27/2016 10:17,109,8,59,RETWEET,German,1,NonEnglish,0,750676651562926080,758244917000962048,http://twitter.com/JohannbergBerg/statuses/758244917000962048,http://www.welt.de/kultur/medien/article157258253/Das-passiert-wenn-ich-nur-noch-Ueberschriften-lese.html,,
751000000000000000,JOHANNBERGBERG,So will die Bahn nach den jüngsten Anschlägen aufrüsten https://t.co/1aNmqV27gA https://t.co/KSBbP0oqnO,Unknown,German,7/27/2016 10:18,7/27/2016 10:18,109,8,61,RETWEET,German,1,NonEnglish,0,750676651562926080,758245043782184960,http://twitter.com/JohannbergBerg/statuses/758245043782184960,https://twitter.com/welt/status/758182721378148352/photo/1,http://to.welt.de/JvgFMCA,
751000000000000000,JOHANNBERGBERG,Kiel: Zwei Mädchen missbraucht - Prozess gegen Familienvater https://t.co/WREeyMJ0Jj via @welt https://t.co/8ePQkw1sih,Unknown,German,7/27/2016 14:00,7/27/2016 14:00,109,8,62,RETWEET,German,1,NonEnglish,0,750676651562926080,758300982862307328,http://twitter.com/JohannbergBerg/statuses/758300982862307328,https://twitter.com/welt_hh/status/758293922523254784/photo/1,http://www.welt.de/regionales/hamburg/article157334871/Zwei-Maedchen-missbraucht-Prozess-gegen-Familienvater.html,
751000000000000000,JOHANNBERGBERG,Heute startet das #HSV-Trainingslager in Harsewinkel. Für @welt vor Ort: HSV-Reporter @kaibehrmann. Folgt auch ihm für weitere Infos.,Unknown,German,7/27/2016 14:00,7/27/2016 14:00,109,8,64,RETWEET,German,1,NonEnglish,0,750676651562926080,758301075153809408,http://twitter.com/JohannbergBerg/statuses/758301075153809408,,,
751000000000000000,JOHANNBERGBERG,So genial antwortet Michael Mittermeier auf Mario Barth https://t.co/DIURvHTjK6 https://t.co/lFah6CwUwI,Unknown,German,7/27/2016 14:00,7/27/2016 14:01,109,8,65,RETWEET,German,1,NonEnglish,0,750676651562926080,758301134578745344,http://twitter.com/JohannbergBerg/statuses/758301134578745344,https://twitter.com/welt/status/758288734563491840/photo/1,http://to.welt.de/E7e2t9i,
751000000000000000,JOHANNBERGBERG,Sp spricht der Erzbischof von Paris über die Bluttat von Rouen  https://t.co/cjg6uhOvuP https://t.co/GgWNsNsMAR,Unknown,German,7/27/2016 14:01,7/27/2016 14:02,109,8,66,RETWEET,German,1,NonEnglish,0,750676651562926080,758301198369914880,http://twitter.com/JohannbergBerg/statuses/758301198369914880,https://twitter.com/welt/status/758287723186778112/photo/1,http://to.welt.de/X2JnYUu,
751000000000000000,JOHANNBERGBERG,�  BREAKING: Attentäter von #Ansbach wurde direkt von Unbekanntem beeinflusst https://t.co/NDaMEyovbO https://t.co/EUspwSxu6p,Unknown,German,7/27/2016 14:01,7/27/2016 14:02,109,8,70,RETWEET,German,1,NonEnglish,0,750676651562926080,758301401655148544,http://twitter.com/JohannbergBerg/statuses/758301401655148544,https://twitter.com/WELT_EIL/status/758267165082615808/photo/1,http://www.welt.de/politik/article157329113/Attentaeter-wurde-direkt-von-Unbekanntem-beeinflusst.html,
751000000000000000,JOHANNBERGBERG,"Erzbischof von Paris: ""Gott ist kein Monster, das sich von Blut ernährt"" https://t.co/pUTZ5zUabf https://t.co/11m0Uh8Zf8",Unknown,German,7/27/2016 14:01,7/27/2016 14:01,109,8,67,RETWEET,German,1,NonEnglish,0,750676651562926080,758301261708091392,http://twitter.com/JohannbergBerg/statuses/758301261708091392,https://twitter.com/welt/status/758276708462100481/photo/1,http://to.welt.de/tF702fV,
751000000000000000,JOHANNBERGBERG,"Wenn ihr die WELT abonniert, bekommt ihr ab jetzt @Spotify Premium kostenlos dazu. https://t.co/BF5XKjipaY",Unknown,German,7/27/2016 14:01,7/27/2016 14:02,109,8,69,RETWEET,German,1,NonEnglish,0,750676651562926080,758301356448972800,http://twitter.com/JohannbergBerg/statuses/758301356448972800,http://to.welt.de/nVeN2u2,,
751000000000000000,JOHANNBERGBERG,Die Flüchtlingsdebatte nach den Anschlägen könnte #Merkel politisch gefährlich werden: https://t.co/pW6Ig1tYQk via @welt #Ansbach #Würzburg,Unknown,German,7/27/2016 14:02,7/27/2016 14:02,109,8,71,RETWEET,German,1,NonEnglish,0,750676651562926080,758301448987873280,http://twitter.com/JohannbergBerg/statuses/758301448987873280,http://welt.de/157321413,,
751000000000000000,JOHANNBERGBERG,"Internationale Presse: ""Europa geht zugrunde, Damen und Herren!"" https://t.co/dy8JAvcSDP https://t.co/Yc7iXYycnR",Unknown,German,7/27/2016 14:02,7/27/2016 14:02,109,8,72,RETWEET,German,1,NonEnglish,0,750676651562926080,758301504000450560,http://twitter.com/JohannbergBerg/statuses/758301504000450560,https://twitter.com/welt/status/758252842629070848/photo/1,http://to.welt.de/MY1HE7e,
751000000000000000,JOHANNBERGBERG,"""Wer weltweit reist, kennt die Servicewüste Europa."" meint unser Leser Andreas @welt https://t.co/CP5B53mC8N",Unknown,German,7/27/2016 14:02,7/27/2016 14:02,109,8,74,RETWEET,German,1,NonEnglish,0,750676651562926080,758301623395487745,http://twitter.com/JohannbergBerg/statuses/758301623395487745,http://www.welt.de/reise/article157226103/Vier-Sterne-Hotels-sind-die-Hoelle.html#comment-2805862136,,
751000000000000000,JOHANNBERGBERG,Flüchtlingspolitik: Europas Rechtspopulisten attackieren jetzt Merkel https://t.co/KVad7Exeuq https://t.co/a8MJX21DYH,Unknown,German,7/27/2016 14:04,7/27/2016 14:04,109,8,78,RETWEET,German,1,NonEnglish,0,750676651562926080,758301929353142272,http://twitter.com/JohannbergBerg/statuses/758301929353142272,https://twitter.com/welt/status/758212894936985604/photo/1,http://to.welt.de/lDpOVVU,
751000000000000000,JOHANNBERGBERG,#Merkel hält #Brexit für unumkehrbar https://t.co/DdJ2O8qEKW,Unknown,German,7/29/2016 15:21,7/29/2016 15:22,109,8,79,,German,0,NonEnglish,0,750676651562926080,759046271583879168,http://twitter.com/JohannbergBerg/statuses/759046271583879168,http://www.heute.de/angela-merkel-im-zdf-sommerinterview-44329164.html,,
751000000000000000,JOHANNBERGBERG,Marcel Hirscher: Macht er nach Olympia 2018 weiter? https://t.co/CuDdcE9iws https://t.co/DhPiDBmbIO,Unknown,German,7/30/2017 17:01,7/30/2017 17:02,126,102,611,RETWEET,German,1,NonEnglish,0,750676651562926080,891705395990999044,http://twitter.com/750676651562926080/statuses/891705395990999044,https://twitter.com/salzburg_com/status/890661432429129728/photo/1,http://ebx.sh/2tGhvJi,
751000000000000000,JOHANNBERGBERG,Tanz-Party unter freiem Himmel: Das war die Salsa-Nacht auf dem Ballhofplatz – https://t.co/EdJKzCCTpe https://t.co/NRhCq5zfH1,Unknown,German,7/30/2017 17:08,7/30/2017 17:08,126,102,613,RETWEET,German,1,NonEnglish,0,750676651562926080,891707149574918144,http://twitter.com/750676651562926080/statuses/891707149574918144,https://twitter.com/HAZ/status/891387348382089217/photo/1,http://haz.li/r09,
751000000000000000,JOHANNBERGBERG,"Habe meinen aktuellen Vortrag ""Ökonomische Effekte von künstlicher Intelligenz und Robotics"" auf Slideshare gestellt https://t.co/3ZTPcEJsfN",Unknown,German,7/5/2017 10:38,7/5/2017 10:38,126,99,97,RETWEET,German,1,NonEnglish,0,750676651562926080,882549320142270465,http://twitter.com/750676651562926080/statuses/882549320142270465,http://ow.ly/zzpO30dlnnQ,,
751000000000000000,JOHANNBERGBERG,No journalist questions allowed at Xi &amp; Merkel appearance in Chancellery https://t.co/jM2qPdV48c,Unknown,English,7/5/2017 10:38,7/5/2017 10:39,126,99,99,RETWEET,German,1,NonEnglish,0,750676651562926080,882549355110162432,http://twitter.com/750676651562926080/statuses/882549355110162432,https://twitter.com/noahbarkin/status/882542338589044736/photo/1,,
751000000000000000,JOHANNBERGBERG,'@spdde Diese Partei sieht mein Familienmodell (bin für meine drei Kindern daheim gebl.) als nicht fördernswert an. Sie vertreten mich nicht.',Unknown,German,7/5/2017 11:39,7/5/2017 11:39,126,99,101,RETWEET,German,1,NonEnglish,0,750676651562926080,882564695189852160,http://twitter.com/750676651562926080/statuses/882564695189852160,,,
751000000000000000,JOHANNBERGBERG,ein lesenswerter Einstieg in LinkedIn Anzeigen https://t.co/5A7PDJjs9p,Unknown,German,7/5/2017 11:39,7/5/2017 11:40,126,99,100,RETWEET,German,1,NonEnglish,0,750676651562926080,882564677758308352,http://twitter.com/750676651562926080/statuses/882564677758308352,http://www.vibrio.eu/blog/linkedin-anzeigen-so-gehts/,,
751000000000000000,JOHANNBERGBERG,Jetzt wehren sich die Mini-Jobber! @BILD https://t.co/zbQywAMfbX,Unknown,German,7/5/2017 12:40,7/5/2017 12:40,126,99,104,RETWEET,German,1,NonEnglish,0,750676651562926080,882580005729038336,http://twitter.com/750676651562926080/statuses/882580005729038336,http://www.bild.de/politik/inland/dr-peter-tauber/darum-sind-wir-minijobber-52436958.bild.html,,
751000000000000000,JOHANNBERGBERG,"Scoop: We found 2,000 unsecured databases on the internet, including highly sensitive customer data . https://t.co/HVCIK59Vw1",Unknown,English,7/5/2017 13:42,7/5/2017 13:42,126,99,108,RETWEET,German,1,NonEnglish,0,750676651562926080,882595625396842496,http://twitter.com/750676651562926080/statuses/882595625396842496,http://www.zeit.de/digital/datenschutz/2017-07/customer-data-how-2000-unsecured-databases-landed-online,,
751000000000000000,JOHANNBERGBERG,"Im ICE nach HH hat gerade Anti-#G20-Aktivistin Mitreisende aufgefordert, Gespräche uTelefonate einzustellen. Sie habe Ruheabteil gebucht :)",Unknown,German,7/5/2017 13:42,7/5/2017 13:43,126,99,107,RETWEET,German,1,NonEnglish,0,750676651562926080,882595608288251904,http://twitter.com/750676651562926080/statuses/882595608288251904,,,
751000000000000000,JOHANNBERGBERG,"The secret of german political success? Instead of ""supremacy"": ultranormalism. #USA #Trump #Merkel morgen in @DIEZEIT https://t.co/akRbtr0mJk",Unknown,English,7/5/2017 13:42,7/5/2017 13:42,126,99,106,RETWEET,German,1,NonEnglish,0,750676651562926080,882595590852538369,http://twitter.com/750676651562926080/statuses/882595590852538369,https://twitter.com/berndulrich/status/882584112334352384/photo/1,,
751000000000000000,JOHANNBERGBERG,"Neugierig, was wir in letzter Zeit bei der #RP so gemacht haben? https://t.co/w9EzBPAHV0",Unknown,German,7/5/2017 14:46,7/5/2017 14:47,126,99,109,RETWEET,German,1,NonEnglish,0,750676651562926080,882611717225816065,http://twitter.com/750676651562926080/statuses/882611717225816065,https://twitter.com/mediummagazin/status/882534523577057280,,
751000000000000000,JOHANNBERGBERG,Ein Gericht hat das Übernachten im Protestcamp Entenwerder zum Teil erlaubt. Mehr Infos im Liveblog: https://t.co/XzhBZw30Cl #G20 #G20HAM,Unknown,German,7/5/2017 15:48,7/5/2017 15:48,126,99,114,RETWEET,German,1,NonEnglish,0,750676651562926080,882627337476505601,http://twitter.com/750676651562926080/statuses/882627337476505601,"http://www.ndr.de/nachrichten/hamburg/Liveblog-zum-G20-Gipfel-in-Hamburg,liveticker542.html",,
751000000000000000,JOHANNBERGBERG,Seit Stunden Patrouillenflüge über Hamburger Wohngebieten. Was das alles wieder kostet... 😬 #G20Hamburg #G20Germany https://t.co/7QyxR1evAX,Unknown,German,7/5/2017 15:48,7/5/2017 15:48,126,99,112,RETWEET,German,1,NonEnglish,0,750676651562926080,882627300591796226,http://twitter.com/750676651562926080/statuses/882627300591796226,https://twitter.com/FAHarms/status/882621629767004160/video/1,,
751000000000000000,JOHANNBERGBERG,Kanzlerin #Merkel zur Eröffnung des Panda-Geheges @zooberlin: Jiao Qing + Meng Meng werden Sonderbotschafter unserer beiden Länder sein. https://t.co/MujMF3skqS,Unknown,German,7/5/2017 16:50,7/5/2017 16:51,126,99,116,RETWEET,German,1,NonEnglish,0,750676651562926080,882642965973397505,http://twitter.com/750676651562926080/statuses/882642965973397505,https://twitter.com/RegSprecher/status/882637900495683590/photo/1,,
751000000000000000,JOHANNBERGBERG,#meinG20: Der Hamburger Babyladen-Besitzerin Nicoletta brechen massiv die Kunden weg. Wir stellen Ihnen Menschen am Rande von #g20ham vor. https://t.co/y6rnfoVVtn,Unknown,German,7/5/2017 16:50,7/5/2017 16:51,126,99,115,RETWEET,German,1,NonEnglish,0,750676651562926080,882642947522662401,http://twitter.com/750676651562926080/statuses/882642947522662401,https://twitter.com/tagesschau/status/882638354931744768/video/1,,
751000000000000000,JOHANNBERGBERG,"""Was ist der ihr Problem?"" Tja. https://t.co/15qHQ5c3DV",Unknown,German,7/5/2017 16:51,7/5/2017 16:51,126,99,117,RETWEET,German,1,NonEnglish,0,750676651562926080,882642996897906688,http://twitter.com/750676651562926080/statuses/882642996897906688,https://twitter.com/zett/status/882566866459381762,,
751000000000000000,JOHANNBERGBERG,Jetzt Demo! &gt;400 Menschen fordern Radwege jetzt an der Danziger! 💞🚴💪🏽@bertschulz @rbb24 @pneumannberlin @hesselmann @NicolasSustr @bzberlin https://t.co/mdSDdVQFSM,Unknown,German,7/5/2017 17:52,7/5/2017 17:53,126,99,120,RETWEET,German,1,NonEnglish,0,750676651562926080,882658572647182336,http://twitter.com/750676651562926080/statuses/882658572647182336,https://twitter.com/radentscheid/status/882636879895687170/photo/1,,
751000000000000000,JOHANNBERGBERG,G20: Polizei wird von Politik vorgeschoben https://t.co/yOHVj0SFQC #faktenfinder #G20 #Hamburg #Proteste,Unknown,German,7/5/2017 17:52,7/5/2017 17:52,126,99,118,RETWEET,German,1,NonEnglish,0,750676651562926080,882658535556997121,http://twitter.com/750676651562926080/statuses/882658535556997121,http://faktenfinder.tagesschau.de/inland/protest-gzwanzig-107.html,,
751000000000000000,JOHANNBERGBERG,Deutsche Bank Makes Plans to Bolster Frankfurt Hub in London Retreat https://t.co/bDBI8D0GkJ,Unknown,English,7/5/2017 17:52,7/5/2017 17:53,126,99,119,RETWEET,German,1,NonEnglish,0,750676651562926080,882658553982529543,http://twitter.com/750676651562926080/statuses/882658553982529543,https://bloom.bg/2sMkdLZ,,
751000000000000000,JOHANNBERGBERG,"Informative Diskussion #r2g mit @katjakipping (Die Linke.), Simone Raatz (SPD) und @monikalazar (Grüne) @linksjugend_sn https://t.co/xWhQePM1De",Unknown,German,7/5/2017 18:53,7/5/2017 18:54,126,99,122,RETWEET,German,1,NonEnglish,0,750676651562926080,882673898491453441,http://twitter.com/750676651562926080/statuses/882673898491453441,https://twitter.com/asshauer/status/882647686440243200/photo/1,,
751000000000000000,JOHANNBERGBERG,"Nach langer Zeit mal wieder in ein Buch geschaut, das vor 21 (!) Jahren erschienen ist. Was Helmut Kohl damals bewegte: Europa! #Schlusswort https://t.co/WVUPnWK72l",Unknown,German,7/5/2017 18:53,7/5/2017 18:53,126,99,121,RETWEET,German,1,NonEnglish,0,750676651562926080,882673878568505349,http://twitter.com/750676651562926080/statuses/882673878568505349,https://twitter.com/KaiDiekmann/status/882669673589944325/photo/1,,
751000000000000000,JOHANNBERGBERG,Ich diskutiere heute 18 Uhr in Borna (bei Leipzig) mit @katjakipping und Simone Raatz (SPD) die Chancen von #R2G nach der #BTW17.,Unknown,German,7/5/2017 18:53,7/5/2017 18:54,126,99,123,RETWEET,German,1,NonEnglish,0,750676651562926080,882673917063831553,http://twitter.com/750676651562926080/statuses/882673917063831553,,,
751000000000000000,JOHANNBERGBERG,"Wenn ihr was Ordentliches gelernt hättet, dann bräuchtet ihr keinen Minijob bei RTL.   #Bachelorette https://t.co/QpxBd52A3s",Unknown,German,7/5/2017 19:55,7/5/2017 19:55,126,99,124,RETWEET,German,1,NonEnglish,0,750676651562926080,882689511184109568,http://twitter.com/750676651562926080/statuses/882689511184109568,https://twitter.com/fatimahamburg/status/882681801319354368/photo/1,,
751000000000000000,JOHANNBERGBERG,"'@ChrisStoecker @p_humm @klischka @BuzzFeedNewsDE freut mich, danke!'",Unknown,German,7/5/2017 19:55,7/5/2017 19:56,126,99,125,RETWEET,German,1,NonEnglish,0,750676651562926080,882689531035701248,http://twitter.com/750676651562926080/statuses/882689531035701248,,,
751000000000000000,JOHANNBERGBERG,"Wenn du die Frage nicht verstehst, warum wir schon wieder trinken. #Bachelorette",Unknown,German,7/5/2017 19:56,7/5/2017 19:56,126,99,126,RETWEET,German,1,NonEnglish,0,750676651562926080,882689548442116096,http://twitter.com/750676651562926080/statuses/882689548442116096,,,
751000000000000000,JOHANNBERGBERG,Wow! #Messi Knew NOTHING And Blames His Father. #NiceGuy https://t.co/JcMIe9mPcK,Unknown,English,7/6/2016 13:13,7/6/2016 13:13,72,0,1,RETWEET,German,1,NonEnglish,0,750676651562926080,750678945209593857,http://twitter.com/JohannbergBerg/statuses/750678945209593857,https://twitter.com/O_oSMASHo_O/status/750677608782757889/photo/1,,
751000000000000000,JOHANNBERGBERG,BBC News - Lionel #Messi sentenced to 21 months in prison for tax fraud. https://t.co/lVc42D4Xq0,Unknown,English,7/6/2016 13:13,7/6/2016 13:13,72,0,2,RETWEET,German,1,NonEnglish,0,750676651562926080,750679036465033217,http://twitter.com/JohannbergBerg/statuses/750679036465033217,http://www.bbc.co.uk/news/world-europe-36721892,,
751000000000000000,JOHANNBERGBERG,Oh! Einen fröhlichen #TagDesKusses wünsch ich euch!! :D https://t.co/4ZYew37Igp,Unknown,German,7/6/2016 13:25,7/6/2016 13:26,110,1,3,RETWEET,German,1,NonEnglish,0,750676651562926080,750682202828976129,http://twitter.com/JohannbergBerg/statuses/750682202828976129,https://twitter.com/LeFloid/status/750597412343914496/photo/1,,
751000000000000000,JOHANNBERGBERG,"Schulz: Bundeswehr braucht 2 bis 4 Milliarden Euro/Jahr mehr, aber 2%-Ziel nicht sinnvoll, auch wenn ein Aussenminister Steinmeier zustimmte",Unknown,German,7/6/2017 10:26,7/6/2017 10:27,126,102,149,RETWEET,German,1,NonEnglish,0,750676651562926080,882908710338789376,http://twitter.com/750676651562926080/statuses/882908710338789376,,,
751000000000000000,JOHANNBERGBERG,Finding the holy digital audio grail #DNIFund https://t.co/LRShRXmHoZ,Unknown,English,7/6/2017 11:27,7/6/2017 11:28,126,102,151,RETWEET,German,1,NonEnglish,0,750676651562926080,882924033607598081,http://twitter.com/750676651562926080/statuses/882924033607598081,https://twitter.com/fiene/status/882917961836748802/photo/1,,
751000000000000000,JOHANNBERGBERG,"100.000 Demonstranten, 20.000 Polizisten, 130 Millionen Euro Kosten: Aber bringt #G20HAM überhaupt was? #G20-Gipfel #kurzerklaert https://t.co/oNXKYobylN",Unknown,German,7/6/2017 11:27,7/6/2017 11:27,126,102,152,RETWEET,German,1,NonEnglish,0,750676651562926080,882924051685048320,http://twitter.com/750676651562926080/statuses/882924051685048320,https://twitter.com/tagesschau/status/882917553290477568/video/1,,
751000000000000000,JOHANNBERGBERG,"Hochschulstudium neben dem Job: #NewMediaJournalism, in 4 Semestern zum M.A. Jetzt informieren &amp; bis 15.8. bewerben. https://t.co/Y8Tga3ZvDC",Unknown,German,7/6/2017 12:29,7/6/2017 12:31,126,102,155,RETWEET,German,1,NonEnglish,0,750676651562926080,882939636972212224,http://twitter.com/750676651562926080/statuses/882939636972212224,https://cards.twitter.com/cards/18ce53wjdm8/46epq,,
751000000000000000,JOHANNBERGBERG,GEZ-Gebühren auch für Privatsender? @f_schaeffler findet: Für keinen. Wie viele Bürger von GEZ verfolgt werden. https://t.co/ABzehhEdeA,Unknown,German,7/6/2017 12:29,7/6/2017 12:30,126,102,156,RETWEET,German,1,NonEnglish,0,750676651562926080,882939653640384512,http://twitter.com/750676651562926080/statuses/882939653640384512,https://www.tichyseinblick.de/kolumnen/schaefflers-freisinn/freier-markt-fuer-freie-medien/,,
751000000000000000,JOHANNBERGBERG,Tolle Broschüre der @rosaluxstiftung! @AndrejHolm klärt gängige Behauptungen und Mythen rund ums Thema Wohnen auf. https://t.co/2aUQqwhzuF,Unknown,German,7/6/2017 13:30,7/6/2017 13:30,126,102,158,RETWEET,German,1,NonEnglish,0,750676651562926080,882954820805636097,http://twitter.com/750676651562926080/statuses/882954820805636097,http://gleft.de/1MR,,
751000000000000000,JOHANNBERGBERG,Pressekonferenz zur #WelcometoHell-Demo im Hafenklang. Eine mexikanische Aktivistin protestiert gegen Landraub. #G20 #G20HAM https://t.co/7ZcGuxNUME,Unknown,German,7/6/2017 13:30,7/6/2017 13:30,126,102,157,RETWEET,German,1,NonEnglish,0,750676651562926080,882954797690892288,http://twitter.com/750676651562926080/statuses/882954797690892288,https://twitter.com/doktordab/status/882950011864186881/photo/1,,
751000000000000000,JOHANNBERGBERG,"""We are hiring journalists and start publishing in September""  @jimmy_wales about https://t.co/GVKDySfK2Q #DNIFund https://t.co/t3JFLVeud0",Unknown,English,7/6/2017 14:31,7/6/2017 14:32,126,102,160,RETWEET,German,1,NonEnglish,0,750676651562926080,882970281609973761,http://twitter.com/750676651562926080/statuses/882970281609973761,https://twitter.com/andreasmenn/status/882962682781081602/photo/1,http://wikitribune.com,
751000000000000000,JOHANNBERGBERG,Trump arrives in Germany for #G20 summit on the eve of his first meeting with Russian President Vladimir Putin.,Unknown,English,7/6/2017 14:31,7/6/2017 14:32,126,102,162,RETWEET,German,1,NonEnglish,0,750676651562926080,882970330423336960,http://twitter.com/750676651562926080/statuses/882970330423336960,,,
751000000000000000,JOHANNBERGBERG,Riesiges #Polizei-Aufgebot geht vor Groß-Demo #WelcometoHell in City #Hamburg in Stellung #G20HAM #G20 #G20Summit https://t.co/YINw4CMsTS,Unknown,German,7/6/2017 15:31,7/6/2017 15:32,126,102,163,RETWEET,German,1,NonEnglish,0,750676651562926080,882985479716696064,http://twitter.com/750676651562926080/statuses/882985479716696064,https://twitter.com/Schneider_BILD/status/882979663953485824/video/1,,
751000000000000000,JOHANNBERGBERG,"Im Newsletter #Steglitz #Zehlendorf gleich 3x Botanischer Garten: Vision gefordert, Kunstmarkt, Botanische Nacht  https://t.co/2lGb36ny2a https://t.co/8hD9M0GSJA",Unknown,German,7/6/2017 15:32,7/6/2017 15:32,126,102,164,RETWEET,German,1,NonEnglish,0,750676651562926080,882985511970902016,http://twitter.com/750676651562926080/statuses/882985511970902016,https://twitter.com/boris_buchholz/status/882959664522174464/photo/1,http://tinyurl.com/yauj4osc,
751000000000000000,JOHANNBERGBERG,"Security check at AMS: ""Next time take out your power bank, please. Because you have a large one."" That's what she said.",Unknown,English,7/6/2017 16:33,7/6/2017 16:33,126,102,166,RETWEET,German,1,NonEnglish,0,750676651562926080,883001023719231489,http://twitter.com/750676651562926080/statuses/883001023719231489,,,
751000000000000000,JOHANNBERGBERG,#GlobalCitizenFestival zum #G20HH17 wird finanziert und unterstützt von der Stiftung von Bill Gates. @Ingo_Zamperoni hat mit ihm gesprochen. https://t.co/QBmIXSt9FN,Unknown,German,7/6/2017 16:33,7/6/2017 16:33,126,102,165,RETWEET,German,1,NonEnglish,0,750676651562926080,883001005838921728,http://twitter.com/750676651562926080/statuses/883001005838921728,https://twitter.com/tagesthemen/status/882995824506097664/video/1,,
751000000000000000,JOHANNBERGBERG,Erste Eindrücke von der #w2h-Demo. #G20 #G20HAM17 https://t.co/cUipqtDMiP,Unknown,German,7/6/2017 17:35,7/6/2017 17:35,126,102,168,RETWEET,German,1,NonEnglish,0,750676651562926080,883016600747732993,http://twitter.com/750676651562926080/statuses/883016600747732993,https://twitter.com/heuteplus/status/883008538590625792,,
751000000000000000,JOHANNBERGBERG,2003 police won't let press pass #w2h #nog20 https://t.co/7NUamzczRl,Unknown,English,7/6/2017 18:36,7/6/2017 18:36,126,102,171,RETWEET,German,1,NonEnglish,0,750676651562926080,883031821067440128,http://twitter.com/750676651562926080/statuses/883031821067440128,https://twitter.com/Gaelunafn/status/883023779051577344/photo/1,,
751000000000000000,JOHANNBERGBERG,2000 police is blocking press. #w2h #nog20 https://t.co/rSr6cbD7q3,Unknown,English,7/6/2017 18:36,7/6/2017 18:36,126,102,172,RETWEET,German,1,NonEnglish,0,750676651562926080,883031838759014400,http://twitter.com/750676651562926080/statuses/883031838759014400,https://twitter.com/Gaelunafn/status/883023171506630657/photo/1,,
751000000000000000,JOHANNBERGBERG,"Ein sehr gutes Interview mit Erdogan. Hier lesen Sie, was er vom Regieren versteht. https://t.co/t3wpVoYl7p",Unknown,German,7/6/2017 18:36,7/6/2017 18:37,126,102,170,RETWEET,German,1,NonEnglish,0,750676651562926080,883031802386026496,http://twitter.com/750676651562926080/statuses/883031802386026496,http://www.zeit.de/2017/28/recep-tayyip-erdogan-g20-gipfel-interview,,
751000000000000000,JOHANNBERGBERG,Stores in Hamburg's hipster neighborhoods are displaying anti-#G20 messages - hoping their windows will be spared in the case of riots https://t.co/Czmk1AcgdF,Unknown,English,7/6/2017 19:37,7/6/2017 19:37,126,103,175,RETWEET,German,1,NonEnglish,0,750676651562926080,883047302654562305,http://twitter.com/750676651562926080/statuses/883047302654562305,https://twitter.com/mathieuvonrohr/status/882865295081295872/photo/1,,
751000000000000000,JOHANNBERGBERG,Berlin so. https://t.co/etv1WgcB7M,Unknown,English,7/6/2017 19:37,7/6/2017 19:37,126,103,174,RETWEET,German,1,NonEnglish,0,750676651562926080,883047283897634816,http://twitter.com/750676651562926080/statuses/883047283897634816,https://twitter.com/uniwave/status/883042425727574016/photo/1,,
751000000000000000,JOHANNBERGBERG,"""Nobody has more respect for women than I do"" (DJT, 10/17/2016) https://t.co/EqUOzXuaGm",Unknown,English,7/6/2017 2:15,7/6/2017 2:16,126,99,129,RETWEET,German,1,NonEnglish,0,750676651562926080,882785127620915200,http://twitter.com/750676651562926080/statuses/882785127620915200,https://twitter.com/thehill/status/882722532746461184,,
751000000000000000,JOHANNBERGBERG,"This is wild. Japan, what do you say? Newly discovered photo suggests Amelia Earhart survived crash-landing https://t.co/CTfevGlgqu",Unknown,English,7/6/2017 2:15,7/6/2017 2:15,126,99,127,RETWEET,German,1,NonEnglish,0,750676651562926080,882785091918987264,http://twitter.com/750676651562926080/statuses/882785091918987264,http://nbcnews.to/2tgL9Hl,,
751000000000000000,JOHANNBERGBERG,"Das deutsche Medien-Startup @Merkurist_Mainz bekommt 1,5 Mio. Euro frisches Kapital. https://t.co/BTJSTk9QRz https://t.co/KXtA3kBMIP",Unknown,German,7/6/2017 4:19,7/6/2017 4:19,126,99,131,RETWEET,German,1,NonEnglish,0,750676651562926080,882816314913558529,http://twitter.com/750676651562926080/statuses/882816314913558529,https://twitter.com/martinhoffmann/status/882801763530756096/photo/1,https://merkurist-business.com/de/2017/07/05/merkurist-pressemitteilung-juli-2017/,
751000000000000000,JOHANNBERGBERG,Good Morning Wetter-Follower! 11 Grad sind es jetzt gerade in #Hamburg. Die Top-Temperatur heute: 23 Grad.,Unknown,German,7/6/2017 4:19,7/6/2017 4:19,126,99,132,RETWEET,German,1,NonEnglish,0,750676651562926080,882816333578153985,http://twitter.com/750676651562926080/statuses/882816333578153985,,,
751000000000000000,JOHANNBERGBERG,Deniz #Yücel: Seit 143 Tagen ohne Anklage in türkischer Haft #FreeDeniz https://t.co/eUnLHotWSZ,Unknown,English,7/6/2017 5:20,7/6/2017 5:21,126,100,133,RETWEET,German,1,NonEnglish,0,750676651562926080,882831722123079681,http://twitter.com/750676651562926080/statuses/882831722123079681,https://twitter.com/tagesspiegel/status/882812581991374848/photo/1,,
751000000000000000,JOHANNBERGBERG,"Kollegin @MariamLau1 war 2 Wochen auf der #Sea-Eye u beschreibt die ""Scheiße an der Scheiße"" - ganz groß #Flüchtlinge https://t.co/ao1Pz5mhm6",Unknown,German,7/6/2017 5:21,7/6/2017 5:21,126,100,134,RETWEET,German,1,NonEnglish,0,750676651562926080,882831746290548736,http://twitter.com/750676651562926080/statuses/882831746290548736,https://twitter.com/diezeit/status/882623031989981184,,
751000000000000000,JOHANNBERGBERG,By Trump's measure Germany ought now to be convulsed by Islamist terrorism https://t.co/RZMgqfQkzW @EdwardGLuce,Unknown,English,7/6/2017 5:21,7/6/2017 5:21,126,100,135,RETWEET,German,1,NonEnglish,0,750676651562926080,882831767182483457,http://twitter.com/750676651562926080/statuses/882831767182483457,https://www.ft.com/content/dbbdaab2-6169-11e7-8814-0ac7eb84e5f1,,
751000000000000000,JOHANNBERGBERG,"Thunder, clouds and a rainbow converge above the village of Ittlingen, Germany on June 27th (DPA/Bernd März) https://t.co/6xOtNqHSZZ",Unknown,English,7/6/2017 6:21,7/6/2017 6:22,126,100,136,RETWEET,German,1,NonEnglish,0,750676651562926080,882847039356325889,http://twitter.com/750676651562926080/statuses/882847039356325889,https://twitter.com/TheEconomist/status/882349604917968900/photo/1,,
751000000000000000,JOHANNBERGBERG,"Aldi-Story läuft und läuft, auch noch zwei Tage nach Veröffentlichung in @BILDamSONNTAG   https://t.co/QPlWlBljzK",Unknown,German,7/6/2017 6:21,7/6/2017 6:22,126,100,137,RETWEET,German,1,NonEnglish,0,750676651562926080,882847055810621440,http://twitter.com/750676651562926080/statuses/882847055810621440,http://m.spiegel.de/wirtschaft/unternehmen/aldi-nord-plant-milliarden-modernisierung-a-1155885.html,,
751000000000000000,JOHANNBERGBERG,Zwei Monate fulltime unentgeltlich #G20-Demo vorbereiten. Warum macht Tito das? Ich hab ihn gefragt: https://t.co/19pudz6ir3,Unknown,German,7/6/2017 6:21,7/6/2017 6:22,126,100,138,RETWEET,German,1,NonEnglish,0,750676651562926080,882847072499765248,http://twitter.com/750676651562926080/statuses/882847072499765248,https://twitter.com/heuteplus/status/882698212011855872/video/1,,
751000000000000000,JOHANNBERGBERG,This is where Trump's helicopter is expected to land in Hamburg for #G20. Heavily secured. https://t.co/7vX4ifq4C0,Unknown,English,7/6/2017 7:22,7/6/2017 7:24,126,100,140,RETWEET,German,1,NonEnglish,0,750676651562926080,882862362948227073,http://twitter.com/750676651562926080/statuses/882862362948227073,https://twitter.com/steffen_haug/status/882843345726451712,,
751000000000000000,JOHANNBERGBERG,https://t.co/3EpGfsA4Cd,Unknown,English,7/6/2017 7:22,7/6/2017 7:22,126,100,141,RETWEET,German,1,NonEnglish,0,750676651562926080,882862380279058432,http://twitter.com/750676651562926080/statuses/882862380279058432,http://www.zeit.de/politik/ausland/2017-07/recep-tayyip-erdogan-g20-summit-interview-english?wt_zmc=sm.ext.zonaudev.twitter.ref.zeitde.share.link.x,,
751000000000000000,JOHANNBERGBERG,"Lesson N°1: If you playing against a dude, start by throwing paper https://t.co/DQygrZiUcz",Unknown,English,7/6/2017 7:22,7/6/2017 7:23,126,100,139,RETWEET,German,1,NonEnglish,0,750676651562926080,882862346393313280,http://twitter.com/750676651562926080/statuses/882862346393313280,https://twitter.com/voxdotcom/status/882845320828379137,,
751000000000000000,JOHANNBERGBERG,We've reached political agreement at Ministerial level on an #EUJapan trade deal. We now recommend to leaders to confirm this at summit. 2/2,Unknown,English,7/6/2017 8:24,7/6/2017 8:24,126,100,142,RETWEET,German,1,NonEnglish,0,750676651562926080,882877945840316416,http://twitter.com/750676651562926080/statuses/882877945840316416,,,
751000000000000000,JOHANNBERGBERG,"Das muss dieses Fake-News-Ding sein, von dem POTUS immer spricht: CNN-Journalist springt Trump bei - es gab 2. Auto: https://t.co/NhIxKv1d5P https://t.co/m7My2IN5NU",Unknown,German,7/6/2017 8:24,7/6/2017 8:24,126,100,143,RETWEET,German,1,NonEnglish,0,750676651562926080,882877963469037568,http://twitter.com/750676651562926080/statuses/882877963469037568,https://twitter.com/larswienand/status/882500096428044289,https://twitter.com/stevebruskcnn/status/882393118951256064,
751000000000000000,JOHANNBERGBERG,"""Kein BER in Hannover"": @MpStephanWeil sagt @HAZ, wie Millionenpannen an der Med.Hochschule verhindert werden sollen https://t.co/W9UUUabIXZ",Unknown,German,7/6/2017 8:24,7/6/2017 8:24,126,100,144,RETWEET,German,1,NonEnglish,0,750676651562926080,882877982246928384,http://twitter.com/750676651562926080/statuses/882877982246928384,http://m.haz.de/Hannover/Aus-der-Stadt/Uebersicht/Ministerpraesident-Stephan-Weil-im-Interview-zur-MHH,,
751000000000000000,JOHANNBERGBERG,Grüße @DB_Bahn! https://t.co/fZt0Mu0qc5,Unknown,English,7/6/2017 9:26,7/6/2017 9:26,126,100,147,RETWEET,German,1,NonEnglish,0,750676651562926080,882893460566663169,http://twitter.com/750676651562926080/statuses/882893460566663169,https://twitter.com/BuzzFeedGermany/status/882842800282361856/photo/1,,
751000000000000000,JOHANNBERGBERG,Watch #Hamburg police smash a journalist in the face for no reason #NoG20 #NoG20en @G20HH2017 @enough14 @UR_Ninja https://t.co/uXyIlZ5a9O,Unknown,English,7/7/2017 10:28,7/7/2017 10:28,126,104,194,RETWEET,German,1,NonEnglish,0,750676651562926080,883271420381462528,http://twitter.com/750676651562926080/statuses/883271420381462528,https://twitter.com/localteamtv/status/883025494416994305/video/1,,
751000000000000000,JOHANNBERGBERG,The Impossible President @handelsblatt https://t.co/HrjaE0mrPh,Unknown,English,7/7/2017 10:28,7/7/2017 10:28,126,104,195,RETWEET,German,1,NonEnglish,0,750676651562926080,883271444930736128,http://twitter.com/750676651562926080/statuses/883271444930736128,https://twitter.com/noahbarkin/status/883266820878282752/photo/1,,
751000000000000000,JOHANNBERGBERG,"Nach schwachem Jahresstart mit 0% im ersten Quartal, liegt die Autoproduktion von Jan bis Mai 1,4% im Plus - arbeitstäglich bereinigt... https://t.co/uL4l3B5vyn",Unknown,German,7/7/2017 11:30,7/7/2017 11:31,126,104,197,RETWEET,German,1,NonEnglish,0,750676651562926080,883287190763077632,http://twitter.com/750676651562926080/statuses/883287190763077632,https://twitter.com/KeineWunder/status/882552374526709760,,
751000000000000000,JOHANNBERGBERG,"Seen at the G20 family photo: Putin relaxed &amp; on best behaviour, Macron &amp; Trump buddying up, Erdogan looking stiff, Merkel in her element",Unknown,English,7/7/2017 11:30,7/7/2017 11:31,126,104,196,RETWEET,German,1,NonEnglish,0,750676651562926080,883287173247750145,http://twitter.com/750676651562926080/statuses/883287173247750145,,,
751000000000000000,JOHANNBERGBERG,"Just in: first images of Trump and Putin meeting, via the official German cabinet Facebook page https://t.co/zTVYfkYZzo",Unknown,English,7/7/2017 11:30,7/7/2017 11:31,126,104,198,RETWEET,German,1,NonEnglish,0,750676651562926080,883287210283421705,http://twitter.com/750676651562926080/statuses/883287210283421705,https://twitter.com/Kevinliptakcnn/status/883277561069006848/photo/1,,
751000000000000000,JOHANNBERGBERG,"Die Provokation der Polizei ist unverständlich, wo die Demonstranten nur friedlich Autos anzünden und die Stadt verwüsten. #welcometohell",Unknown,German,7/7/2017 12:31,7/7/2017 12:32,126,104,199,RETWEET,German,1,NonEnglish,0,750676651562926080,883302524798869504,http://twitter.com/750676651562926080/statuses/883302524798869504,,,
751000000000000000,JOHANNBERGBERG,"Wir haben in Dt. ein Problem mit gewaltbereitem,menschenverachtendem #Linksextremismus.Vielleicht können wir uns darauf ja jetzt mal einigen",Unknown,German,7/7/2017 12:31,7/7/2017 12:32,126,104,200,RETWEET,German,1,NonEnglish,0,750676651562926080,883302542616276992,http://twitter.com/750676651562926080/statuses/883302542616276992,,,
751000000000000000,JOHANNBERGBERG,"Dieser Text ist der Grund dafür, dass ich ein wenig weniger Schlaf hatte als sonst. Gönnt euch #G20HH2017 @welt https://t.co/abqi8tMmZp",Unknown,German,7/7/2017 13:32,7/7/2017 13:33,126,104,203,RETWEET,German,1,NonEnglish,0,750676651562926080,883317913226182657,http://twitter.com/750676651562926080/statuses/883317913226182657,https://www.welt.de/politik/deutschland/article166385331/So-erlebte-ich-die-Nacht-in-der-Hamburger-Hoelle.html,,
751000000000000000,JOHANNBERGBERG,"Mein Eindruck ist eher, dass die Hamburger sich heute weder frei noch sicher fühlen. #G20HH17 https://t.co/igX6J5BSyz",Unknown,German,7/7/2017 13:32,7/7/2017 13:32,126,104,202,RETWEET,German,1,NonEnglish,0,750676651562926080,883317895069134848,http://twitter.com/750676651562926080/statuses/883317895069134848,https://twitter.com/peteraltmaier/status/883273164683436032,,
751000000000000000,JOHANNBERGBERG,France wants to stop sales of gas &amp; diesel cars by 2040 - @AP via The Washington Post https://t.co/TyQ8knN2mo,Unknown,English,7/7/2017 13:33,7/7/2017 13:33,126,104,204,RETWEET,German,1,NonEnglish,0,750676651562926080,883317931341471744,http://twitter.com/750676651562926080/statuses/883317931341471744,http://wapo.st/2toxZIi,,
751000000000000000,JOHANNBERGBERG,Kanzlerin #Merkel trifft @UNICEF-Botschafterin Muzoon Almellehan. Sie sind sich einig: Geflüchtete Kinder brauchen Schule und Bildung. #G20 https://t.co/44ZVeDFnwz,Unknown,German,7/7/2017 14:34,7/7/2017 14:34,126,104,207,RETWEET,German,1,NonEnglish,0,750676651562926080,883333323929550849,http://twitter.com/750676651562926080/statuses/883333323929550849,https://twitter.com/RegSprecher/status/883328592486309888/photo/1,,
751000000000000000,JOHANNBERGBERG,"More on Ruslan Sokolovsky, the ""Pokémon blogger"" who just had his sentence reduced, in @CodaStory's #jailedforalike: https://t.co/b3tI23P9Ys",Unknown,English,7/7/2017 14:34,7/7/2017 14:34,126,104,205,RETWEET,German,1,NonEnglish,0,750676651562926080,883333285207789569,http://twitter.com/750676651562926080/statuses/883333285207789569,https://codastory.com/disinformation-crisis/information-war/jailed-for-a-like-episode-1,,
751000000000000000,JOHANNBERGBERG,Heftige Bilder von den Ausschreitungen gestern nach #w2h. Über den Soundtrack kann man streiten. https://t.co/APgV8sqG0R #G20 #NOG20,Unknown,German,7/7/2017 14:34,7/7/2017 14:34,126,104,206,RETWEET,German,1,NonEnglish,0,750676651562926080,883333302815469568,http://twitter.com/750676651562926080/statuses/883333302815469568,https://m.youtube.com/watch?feature=youtu.be&v=Dp4igqZL27k,,
751000000000000000,JOHANNBERGBERG,"Die Polizei setzt einen Wasserwerfer am Michel ein, dem Hamburger Wahrzeichen #g20hh #nog20 #g20 https://t.co/fqnyfWVy0k",Unknown,German,7/7/2017 15:36,7/7/2017 15:36,126,104,210,RETWEET,German,1,NonEnglish,0,750676651562926080,883348988082171904,http://twitter.com/750676651562926080/statuses/883348988082171904,https://twitter.com/bento_de/status/883337208526229504/photo/1,,
751000000000000000,JOHANNBERGBERG,Mike Pence @VP gets a tour of the NASA Orion clean room &amp; touches critical space flight hardware even though the sign says not to. 😂🇺🇸 https://t.co/Wk2HWdNbp0,Unknown,English,7/7/2017 15:36,7/7/2017 15:36,126,104,208,RETWEET,German,1,NonEnglish,0,750676651562926080,883348952220872707,http://twitter.com/750676651562926080/statuses/883348952220872707,https://twitter.com/kalpenn/status/883178300742356992/photo/1,,
751000000000000000,JOHANNBERGBERG,"Hamburg outside the #G20 conference is now a place dominated by riot police, security convoys, helicopters, protesters &amp; violent extremists",Unknown,English,7/7/2017 16:37,7/7/2017 16:38,126,104,211,RETWEET,German,1,NonEnglish,0,750676651562926080,883364453328318464,http://twitter.com/750676651562926080/statuses/883364453328318464,,,
751000000000000000,JOHANNBERGBERG,Düstere Prognose: Merkel sieht schwarz für deutsche Autoindustrie... https://t.co/u2fVFrFQNy,Unknown,German,7/7/2017 16:37,7/7/2017 16:38,126,104,212,RETWEET,German,1,NonEnglish,0,750676651562926080,883364469518340096,http://twitter.com/750676651562926080/statuses/883364469518340096,http://spon.de/ae00D,,
751000000000000000,JOHANNBERGBERG,"Neu in #Berlin &amp; deshalb Fan vom @TspLeute-Bezirksnewsletter. Sehr gut, um den Kiez kennenzulernen: News, Kultur, Geschichte, Sport, Leute 👍 https://t.co/2tf4JDnxWo",Unknown,German,7/7/2017 16:38,7/7/2017 16:38,126,104,213,RETWEET,German,1,NonEnglish,0,750676651562926080,883364487163727872,http://twitter.com/750676651562926080/statuses/883364487163727872,https://twitter.com/kollege/status/883357255944605696/photo/1,,
751000000000000000,JOHANNBERGBERG,"Mach grad hedonistisches Massencornern,wenn auch unfreiwillig 🙄danke #G20HAM17 #G20 https://t.co/YFv3b6DDqp",Unknown,German,7/7/2017 18:40,7/7/2017 18:41,126,104,215,RETWEET,German,1,NonEnglish,0,750676651562926080,883395404825362433,http://twitter.com/750676651562926080/statuses/883395404825362433,https://twitter.com/OezlemTopcu/status/883390492087508995/photo/1,,
751000000000000000,JOHANNBERGBERG,"Gerade beobachte ich, wie weiterem Journalisten Akkreditierung entzogen wird. #Medienzentrum #G20",Unknown,German,7/7/2017 18:40,7/7/2017 18:47,126,104,216,RETWEET,German,1,NonEnglish,0,750676651562926080,883395425293619201,http://twitter.com/750676651562926080/statuses/883395425293619201,,,
751000000000000000,JOHANNBERGBERG,"Kriegen wir irgendwie raus, was Merkel zu Putin sagt? #G20HH2017 #G20 #G20HH https://t.co/U36zS8SKwE",Unknown,German,7/7/2017 19:42,7/7/2017 19:43,126,104,217,RETWEET,German,1,NonEnglish,0,750676651562926080,883410952640659461,http://twitter.com/750676651562926080/statuses/883410952640659461,https://twitter.com/uniwave/status/883406489410576384/photo/1,,
751000000000000000,JOHANNBERGBERG,Dieser Stream von @SPIEGELONLINE ist ein fucking Meisterwerk. #G20Hamburg #g20 https://t.co/RsFtto7tI4,Unknown,German,7/7/2017 19:42,7/7/2017 19:42,126,104,218,RETWEET,German,1,NonEnglish,0,750676651562926080,883410975633920000,http://twitter.com/750676651562926080/statuses/883410975633920000,https://twitter.com/ohhellokathrina/status/883393568332591104/video/1,,
751000000000000000,JOHANNBERGBERG,We'll just leave it at that #G20HH17 (📷: @AP) https://t.co/PB5k7JghDu,Unknown,English,7/7/2017 2:15,7/7/2017 2:16,126,103,177,RETWEET,German,1,NonEnglish,0,750676651562926080,883147543328301056,http://twitter.com/750676651562926080/statuses/883147543328301056,https://twitter.com/mpitzke/status/883112239707951104/photo/1,,
751000000000000000,JOHANNBERGBERG,"Heil zuhause angekommen. Mit Glück Taxi-Mitfahrgelegenheit  bekommen. Allen, die noch unterwegs sind: Gute Heimreise. #W2H #g20ham17 #g20",Unknown,German,7/7/2017 2:15,7/7/2017 2:16,126,103,176,RETWEET,German,1,NonEnglish,0,750676651562926080,883147522952372224,http://twitter.com/750676651562926080/statuses/883147522952372224,,,
751000000000000000,JOHANNBERGBERG,Good Morning Wetter-Follower! 17 Grad sind es jetzt gerade in #Hamburg. Die Top-Temperatur heute: 24 Grad.,Unknown,German,7/7/2017 3:17,7/7/2017 3:18,126,103,179,RETWEET,German,1,NonEnglish,0,750676651562926080,883163072499781633,http://twitter.com/750676651562926080/statuses/883163072499781633,,,
751000000000000000,JOHANNBERGBERG,Höllennacht in Hamburg: „Alle unsere Befürchtungen sind eingetreten“ https://t.co/HEZw4UJV7e via @welt,Unknown,German,7/7/2017 5:20,7/7/2017 5:20,126,103,181,RETWEET,German,1,NonEnglish,0,750676651562926080,883194076287389698,http://twitter.com/750676651562926080/statuses/883194076287389698,https://www.welt.de/politik/deutschland/article166377307/Alle-unsere-Befuerchtungen-sind-eingetreten.html?wtmc=socialmedia.twitter.shared.web,,
751000000000000000,JOHANNBERGBERG,"Sorry, der muss auch noch. #BER #Checkpoint @BjoernSeeling Kostenlos zu haben übrigens hier: https://t.co/uEkr4kHLHW https://t.co/WP0t6gcswP",Unknown,German,7/7/2017 6:23,7/7/2017 6:23,126,103,184,RETWEET,German,1,NonEnglish,0,750676651562926080,883209924733480960,http://twitter.com/750676651562926080/statuses/883209924733480960,https://twitter.com/TspLeute/status/883203481317900289/photo/1,http://checkpoint.tagesspiegel.de/,
751000000000000000,JOHANNBERGBERG,Zur Erinnerung das Credo der stellvertretenden SPD-Vorsitzenden Manuela Schwesig.  #welcometohell https://t.co/xLnHu3BbO8,Unknown,German,7/7/2017 6:23,7/7/2017 6:24,126,103,182,RETWEET,German,1,NonEnglish,0,750676651562926080,883209888872136704,http://twitter.com/750676651562926080/statuses/883209888872136704,https://twitter.com/WoSchBonn/status/883048873182322688/photo/1,,
751000000000000000,JOHANNBERGBERG,Immer noch wahr: https://t.co/1gHCqNULOV Still true: https://t.co/8sqdHTbnVX #prism #tempora,Unknown,Swedish,7/7/2017 7:24,7/7/2017 7:24,126,103,187,RETWEET,German,1,NonEnglish,0,750676651562926080,883225265010348032,http://twitter.com/750676651562926080/statuses/883225265010348032,http://ift.tt/12ZO5G4,http://ift.tt/14SmXbf,
751000000000000000,JOHANNBERGBERG,Getting ready for EU briefing at #G20HH with @JunckerEU and @eucopresident. EU bringing tangible result to #G20 with #EUJapan trade deal. https://t.co/0p1f9WU0sz,Unknown,English,7/7/2017 7:24,7/7/2017 7:24,126,103,186,RETWEET,German,1,NonEnglish,0,750676651562926080,883225246488309760,http://twitter.com/750676651562926080/statuses/883225246488309760,https://twitter.com/EUinDE/status/883220011036356608/photo/1,,
751000000000000000,JOHANNBERGBERG,"Wer Steine schmeißt und Polizisten schwer verletzt, ist kein politischer Aktivist, sondern Straftäter! #G20Ham #G20 #Hamburg https://t.co/dqYlPOxxHS",Unknown,German,7/7/2017 8:25,7/7/2017 8:25,126,104,188,RETWEET,German,1,NonEnglish,0,750676651562926080,883240585083199488,http://twitter.com/750676651562926080/statuses/883240585083199488,https://twitter.com/Junge_Union/status/883231465659674624/photo/1,,
751000000000000000,JOHANNBERGBERG,".@JunckerEU #G20 ""Should the US introduce tariffs on European #steel imports, #Europe is ready to react immediately and adequately."" https://t.co/6ZDwFKrRKM",Unknown,English,7/7/2017 8:25,7/7/2017 8:26,126,104,189,RETWEET,German,1,NonEnglish,0,750676651562926080,883240603160637440,http://twitter.com/750676651562926080/statuses/883240603160637440,https://twitter.com/Mina_Andreeva/status/883233611339759616/photo/1,,
751000000000000000,JOHANNBERGBERG,die Top Links des Tages: “Aufruf zur 'Datenspende': Googeln für die Wissenschaft - SPIEGEL ONLINE - Netzwelt” https://t.co/VrzHshugon,Unknown,German,7/7/2017 9:26,7/7/2017 9:26,126,104,191,RETWEET,German,1,NonEnglish,0,750676651562926080,883255979776847873,http://twitter.com/750676651562926080/statuses/883255979776847873,http://nzzl.us/LglHYqx,,
751000000000000000,JOHANNBERGBERG,"Eidelstedt ist langweilig, haben sie gesagt. Zieh da lieber nicht hin, haben sie gesagt. Langweilig ist doch super, habe ich gedacht. https://t.co/Qt3y2lygnw",Unknown,German,7/7/2017 9:26,7/7/2017 9:26,126,104,192,RETWEET,German,1,NonEnglish,0,750676651562926080,883255997229400064,http://twitter.com/750676651562926080/statuses/883255997229400064,https://twitter.com/AndreasWienes/status/883218742901080069,,
751000000000000000,JOHANNBERGBERG,Bilateral meeting President @JunckerEU with President Putin in the sidelines of #G20 #G20HAM17. https://t.co/NyETo7dhGV,Unknown,English,7/8/2017 10:35,7/8/2017 10:36,126,104,239,RETWEET,German,1,NonEnglish,0,750676651562926080,883635677367283712,http://twitter.com/750676651562926080/statuses/883635677367283712,https://twitter.com/MargSchinas/status/883629917824581633/photo/1,,
751000000000000000,JOHANNBERGBERG,"Gestern @martinkaul niedergeschlagen, heute Attacke auf @doktordab. https://t.co/3yQ3P0Chv6 Im Stream fragte wer nach Gefahrenzulage #G20HH https://t.co/QhQN77DQqf",Unknown,German,7/8/2017 11:36,7/8/2017 11:37,126,104,243,RETWEET,German,1,NonEnglish,0,750676651562926080,883651077983399936,http://twitter.com/750676651562926080/statuses/883651077983399936,https://twitter.com/LarsWienand/status/883645424732688384/video/1,https://www.facebook.com/heuteplus/videos/1663209857024589/,
751000000000000000,JOHANNBERGBERG,If retrocausality turns true tomorrow's policy decisions will cause yesterday's unemployment.  https://t.co/EtHb2d57KP via @ScienceAlert,Unknown,English,7/8/2017 11:36,7/8/2017 11:37,126,104,244,RETWEET,German,1,NonEnglish,0,750676651562926080,883651094529937409,http://twitter.com/750676651562926080/statuses/883651094529937409,http://www.sciencealert.com/this-quantum-theory-predicts-the-future-might-influence-the-past,,
751000000000000000,JOHANNBERGBERG,Kreativer Protest: Plakate auf der #NoG20-Demo in #Hamburg. #G20 #G20HAM17 https://t.co/TISaAd0ZG4,Unknown,German,7/8/2017 12:37,7/8/2017 12:38,126,104,245,RETWEET,German,1,NonEnglish,0,750676651562926080,883666461583081472,http://twitter.com/750676651562926080/statuses/883666461583081472,https://twitter.com/heuteplus/status/883659219865612289/photo/1,,
751000000000000000,JOHANNBERGBERG,"Schaulustige bei #G20-Krawallen: Gewalt gucken, wie geil! https://t.co/UyMSrPpLt4 via @SPIEGELONLINE #g20ham",Unknown,German,7/8/2017 13:39,7/8/2017 13:40,126,104,248,RETWEET,German,1,NonEnglish,0,750676651562926080,883681995741593600,http://twitter.com/750676651562926080/statuses/883681995741593600,http://spon.de/ae05c,,
751000000000000000,JOHANNBERGBERG,"Blogbeitrag, warum es mich anwidert, dass die politische Rechte die Ausschreitungen von Hamburg als „links“ framed https://t.co/MVpmem4i86",Unknown,German,7/8/2017 13:39,7/8/2017 13:40,126,104,249,RETWEET,German,1,NonEnglish,0,750676651562926080,883682014809006080,http://twitter.com/750676651562926080/statuses/883682014809006080,http://www.christopherlauer.de/2017/07/08/g20hamburg/,,
751000000000000000,JOHANNBERGBERG,"Ivanka at table with Merkel, Xi &amp; other leaders https://t.co/vp6nswjFHr",Unknown,English,7/8/2017 13:39,7/8/2017 13:39,126,104,250,RETWEET,German,1,NonEnglish,0,750676651562926080,883682031758188544,http://twitter.com/750676651562926080/statuses/883682031758188544,https://twitter.com/lanalukash/status/883621544781643776,,
751000000000000000,JOHANNBERGBERG,Viele Teilnehmer der @G20Demo bewegen sich Richtung Neuer Pferdemarkt. Polizei zieht sich weit zurück. Gerade nicht zu sehen. #G20 #G20HAM https://t.co/EquVWmMpqZ,Unknown,German,7/8/2017 14:41,7/8/2017 14:42,126,104,249,RETWEET,German,1,NonEnglish,0,750676651562926080,883697599148167169,http://twitter.com/750676651562926080/statuses/883697599148167169,https://twitter.com/doktordab/status/883693366835392512/photo/1,,
751000000000000000,JOHANNBERGBERG,Bei Min 2:38 geht Polizei in @G20Demo. Grund unklar. Polizeipressestelle konnte keine Infos geben. #G20 #G20ham17 #NOG20 https://t.co/isjLoRoDMw,Unknown,German,7/8/2017 14:41,7/8/2017 14:42,126,104,250,RETWEET,German,1,NonEnglish,0,750676651562926080,883697616499994625,http://twitter.com/750676651562926080/statuses/883697616499994625,https://twitter.com/PerspektiveOn/status/883676566957555717,,
751000000000000000,JOHANNBERGBERG,"Merkel says she has spoken with Schäuble about how (""and not 'if'"") victims of Hamburg violence will be compensated.",Unknown,English,7/8/2017 14:41,7/8/2017 14:42,126,104,251,RETWEET,German,1,NonEnglish,0,750676651562926080,883697634086711296,http://twitter.com/750676651562926080/statuses/883697634086711296,,,
751000000000000000,JOHANNBERGBERG,"Der Spuk scheint vorbei, die US-Helikopter sind abgezogen,  jetzt liegt der Klang der Kirchenglocken über der Stadt. #G20",Unknown,German,7/8/2017 16:46,7/8/2017 16:46,126,104,254,RETWEET,German,1,NonEnglish,0,750676651562926080,883729110299623424,http://twitter.com/750676651562926080/statuses/883729110299623424,,,
751000000000000000,JOHANNBERGBERG,.@Duesseldorf hat aus @LeTour nix gelernt: es gibt kein Fahrradkonzept für #Frankreichfest am Rheinufer. Das ist #gefährlich + #Katastrophe,Unknown,German,7/8/2017 17:48,7/8/2017 17:48,126,104,257,RETWEET,German,1,NonEnglish,0,750676651562926080,883744690847322112,http://twitter.com/750676651562926080/statuses/883744690847322112,,,
751000000000000000,JOHANNBERGBERG,Nachgehakt: @Andrejnalin77 im ARD-Faktenfinder über den Entzug von Presseakkreditierungen beim #G20-Gipfel: https://t.co/CRsWlPi0f1,Unknown,German,7/8/2017 17:48,7/8/2017 17:48,126,104,255,RETWEET,German,1,NonEnglish,0,750676651562926080,883744648044437504,http://twitter.com/750676651562926080/statuses/883744648044437504,http://faktenfinder.tagesschau.de/inland/gzwanzig-journalisten-bka-101.html,,
751000000000000000,JOHANNBERGBERG,Journalistenverbände kritisieren den Entzug der G20-Akkreditierungen einzelner Reporter und Fotografen: https://t.co/fasm8z5fCa,Unknown,German,7/8/2017 17:48,7/8/2017 17:49,126,104,256,RETWEET,German,1,NonEnglish,0,750676651562926080,883744674086875137,http://twitter.com/750676651562926080/statuses/883744674086875137,http://www.deutschlandfunk.de/hamburg-journalistenvertreter-ruegen-entzug-von-g20.1939.de.html?drn:news_id=766321,,
751000000000000000,JOHANNBERGBERG,Peaceful protests mark end of G-20 summit hours after riots: https://t.co/eZe7F78IuC #G20 https://t.co/NKw9njB7vU,Unknown,English,7/8/2017 18:51,7/8/2017 18:52,126,104,259,RETWEET,German,1,NonEnglish,0,750676651562926080,883760586047332352,http://twitter.com/750676651562926080/statuses/883760586047332352,https://twitter.com/wirereporter/status/883751804156116993/photo/1,https://apnews.com/2239b9167ab547708b5665a3bc31f763,
751000000000000000,JOHANNBERGBERG,#G20-Einsatz: Schuss in der Schanze https://t.co/uK3ifrhgKh via @SPIEGELONLINE @SPIEGELTV #g20protest #G20HH2017 #G20HAM17,Unknown,German,7/8/2017 18:51,7/8/2017 18:51,126,104,258,RETWEET,German,1,NonEnglish,0,750676651562926080,883760568091521025,http://twitter.com/750676651562926080/statuses/883760568091521025,http://spon.de/ae06A,,
751000000000000000,JOHANNBERGBERG,"G-20 shut Trump out on climate, strike deal on trade: https://t.co/7Cm1W03au2 https://t.co/EMwpkAKbAQ",Unknown,English,7/8/2017 18:52,7/8/2017 18:52,126,104,260,RETWEET,German,1,NonEnglish,0,750676651562926080,883760604154036224,http://twitter.com/750676651562926080/statuses/883760604154036224,https://twitter.com/wirereporter/status/883751563189260289/photo/1,https://apnews.com/bfaf33768a2644339f9be816ff5ff15c,
751000000000000000,JOHANNBERGBERG,Stürzen die Proteste von #G20 Bürgermeister @OlafScholz in die Krise? 3 Sätze könnten sich rächen: https://t.co/uayHVp5qf7 via @abendblatt,Unknown,German,7/8/2017 19:52,7/8/2017 19:52,126,104,262,RETWEET,German,1,NonEnglish,0,750676651562926080,883775900948496385,http://twitter.com/750676651562926080/statuses/883775900948496385,http://abendblatt.de/211175453,,
751000000000000000,JOHANNBERGBERG,So klein war @Shiba_Rio vor einem Jahr. 💙💙💙 https://t.co/MAfjlUXjfy,Unknown,German,7/8/2017 19:52,7/8/2017 19:53,126,104,261,RETWEET,German,1,NonEnglish,0,750676651562926080,883775884351680512,http://twitter.com/750676651562926080/statuses/883775884351680512,https://twitter.com/schmarsten/status/883770987262738432/photo/1,,
751000000000000000,JOHANNBERGBERG,• Taking Control https://t.co/m2gp0d6LVj,Unknown,English,7/8/2017 2:16,7/8/2017 2:17,126,103,222,RETWEET,German,1,NonEnglish,0,750676651562926080,883510136920256513,http://twitter.com/750676651562926080/statuses/883510136920256513,https://twitter.com/peterglaser/status/883477309080162305/photo/1,,
751000000000000000,JOHANNBERGBERG,Twitter inequality shows social biases in favor of white men. Verification &amp; Moments both rubber stamp status quo https://t.co/PDxpc5igC7,Unknown,English,7/8/2017 2:16,7/8/2017 2:16,126,103,220,RETWEET,German,1,NonEnglish,0,750676651562926080,883510101511983104,http://twitter.com/750676651562926080/statuses/883510101511983104,https://www.technologyreview.com/s/608216/twitters-glass-ceiling-revealed-for-women-and-minority-races/?set=,,
751000000000000000,JOHANNBERGBERG,"That's what a rainy, stormy Friday night in #NYC looks like on @flightradar24, via @AirlineFlyer https://t.co/Kmen3lDzSn",Unknown,English,7/8/2017 3:17,7/8/2017 3:18,126,103,223,RETWEET,German,1,NonEnglish,0,750676651562926080,883525532016685058,http://twitter.com/750676651562926080/statuses/883525532016685058,https://twitter.com/airlineflyer/status/883507154250063872,,
751000000000000000,JOHANNBERGBERG,Looks like the mosquitoes didn't get the memo about my supposedly great new mosquito repellent.,Unknown,English,7/8/2017 5:24,7/8/2017 5:25,126,103,226,RETWEET,German,1,NonEnglish,0,750676651562926080,883557506848628736,http://twitter.com/750676651562926080/statuses/883557506848628736,,,
751000000000000000,JOHANNBERGBERG,"Was haben Krawall, Schokolade und Instagram mit der RP zu tun? Die Antwort gibt es in diesem Podcast! https://t.co/jK0ZoInyRN",Unknown,German,7/8/2017 6:28,7/8/2017 6:28,126,103,229,RETWEET,German,1,NonEnglish,0,750676651562926080,883573556168282112,http://twitter.com/750676651562926080/statuses/883573556168282112,https://twitter.com/rponline/status/883567730754031616,,
751000000000000000,JOHANNBERGBERG,'+++ G-20 Newsblog in English +++: Heavily Armed Special Unit Deployed to Stop Violence https://t.co/2mCFxOTTc7 via @SPIEGELONLINE',Unknown,English,7/8/2017 6:28,7/8/2017 6:29,126,103,227,RETWEET,German,1,NonEnglish,0,750676651562926080,883573520197967873,http://twitter.com/750676651562926080/statuses/883573520197967873,http://spon.de/ae0Yi,,
751000000000000000,JOHANNBERGBERG,"An alle,die eskalieren mit Autos anzünden o unverhältn. Wasserwerfereinsatz:Wir wolln heut friedlich demonstrieren für gerechte Welt gg #G20",Unknown,German,7/8/2017 6:28,7/8/2017 6:28,126,103,228,RETWEET,German,1,NonEnglish,0,750676651562926080,883573538942222336,http://twitter.com/750676651562926080/statuses/883573538942222336,,,
751000000000000000,JOHANNBERGBERG,"'@martinhoffmann Eine friedliche, völlig harmlose Aktion von einer, die sich nicht vor Konsequenzen drückt? Was genau meinst du?'",Unknown,German,7/8/2017 7:29,7/8/2017 7:30,126,104,230,RETWEET,German,1,NonEnglish,0,750676651562926080,883588877709176832,http://twitter.com/750676651562926080/statuses/883588877709176832,,,
751000000000000000,JOHANNBERGBERG,"Heute mit ganz ganz vielen ein Zeichen setzen, gegen G20, gegen die Eskalation und gegen sinnentleerte Gewalt. Kommt alle, jetzt erst recht!",Unknown,German,7/8/2017 7:30,7/8/2017 7:30,126,104,232,RETWEET,German,1,NonEnglish,0,750676651562926080,883589190902059008,http://twitter.com/750676651562926080/statuses/883589190902059008,,,
751000000000000000,JOHANNBERGBERG,"G20 communique agreed apart from wrinkle on climate, EU officials say https://t.co/TxHOwoxQz4 https://t.co/Qbj1N3kCyG",Unknown,English,7/8/2017 8:32,7/8/2017 8:32,126,104,233,RETWEET,German,1,NonEnglish,0,750676651562926080,883604570672443392,http://twitter.com/750676651562926080/statuses/883604570672443392,https://twitter.com/noahbarkin/status/883599030814638082/photo/1,http://www.reuters.com/article/us-g20-germany-communique-idUSKBN19T07P,
751000000000000000,JOHANNBERGBERG,"'@TorstenBeeck kein Fake, stand daneben. danach kamen andere und haben sie vom Feuer weggezerrt.'",Unknown,German,7/8/2017 8:32,7/8/2017 8:32,126,104,234,RETWEET,German,1,NonEnglish,0,750676651562926080,883604587806117889,http://twitter.com/750676651562926080/statuses/883604587806117889,,,
751000000000000000,JOHANNBERGBERG,Jedes Haar vom Trump wurde besser geschützt als das Schanzenviertel #HH,Unknown,German,7/8/2017 8:32,7/8/2017 8:32,126,104,235,RETWEET,German,1,NonEnglish,0,750676651562926080,883604611747205121,http://twitter.com/750676651562926080/statuses/883604611747205121,,,
751000000000000000,JOHANNBERGBERG,"Hochschulstudium neben dem Job: #CrossmediaManagement, in 2 Jahren zum M.Sc. Jetzt informieren &amp; bis 15.8. bewerben. https://t.co/0gSeUfsoEY",Unknown,German,7/8/2017 9:33,7/8/2017 9:33,126,104,238,RETWEET,German,1,NonEnglish,0,750676651562926080,883620137647124480,http://twitter.com/750676651562926080/statuses/883620137647124480,https://cards.twitter.com/cards/18ce53wjdm8/46ety,,
751000000000000000,JOHANNBERGBERG,Zuckerbergs Traum? Niederheimbach mit seinen 800 Einwohnern hat eine eigene Facebookgruppe mit über 500 Mitgliedern https://t.co/4NzkLSJZuw,Unknown,German,7/8/2017 9:33,7/8/2017 9:34,126,104,237,RETWEET,German,1,NonEnglish,0,750676651562926080,883620120945455104,http://twitter.com/750676651562926080/statuses/883620120945455104,https://www.burgenblogger.de/zuckerbergs-traum/,,
751000000000000000,JOHANNBERGBERG,How About The Americans? @HajiWright Grabs 4 Goals In Only 15 Minutes While @WMckennie Goes The 90 And Grabs 2 Assists In A Big 9-1 Win 🇺🇸🇺🇸 https://t.co/u0lBiQ3Ylo,Unknown,English,7/9/2017 10:29,7/9/2017 10:29,126,103,282,RETWEET,German,1,NonEnglish,0,750676651562926080,883996555824463873,http://twitter.com/750676651562926080/statuses/883996555824463873,https://twitter.com/DMVsoccer96/status/883761492004360192/photo/1,,
751000000000000000,JOHANNBERGBERG,U.S. isolated on climate at summit of world leaders @ReutersCarrel  https://t.co/TxHOwoxQz4,Unknown,English,7/9/2017 10:29,7/9/2017 10:29,126,103,284,RETWEET,German,1,NonEnglish,0,750676651562926080,883996589706137600,http://twitter.com/750676651562926080/statuses/883996589706137600,http://www.reuters.com/article/us-g20-germany-communique-idUSKBN19T07P,,
751000000000000000,JOHANNBERGBERG,Der HVV gibt einen aus: https://t.co/kRET7ahDVH,Unknown,German,7/9/2017 10:29,7/9/2017 10:29,126,103,283,RETWEET,German,1,NonEnglish,0,750676651562926080,883996572987600896,http://twitter.com/750676651562926080/statuses/883996572987600896,https://twitter.com/hochbahn/status/883989242849964032,,
751000000000000000,JOHANNBERGBERG,Neu im Angebot: Historischer Segelausflug (geschleppt) mit der ganzen Familie am Mauerstreifen entlang durch Berlin Mitte. https://t.co/FzQ3P2XuZS,Unknown,German,7/9/2017 11:31,7/9/2017 11:32,126,103,285,RETWEET,German,1,NonEnglish,0,750676651562926080,884012250062880770,http://twitter.com/750676651562926080/statuses/884012250062880770,https://twitter.com/LorenzMaroldt/status/884007637913882624/photo/1,,
751000000000000000,JOHANNBERGBERG,Petzen mag keiner. Missbrauch schreibt man mit Doppel-S. Und außerdem ist das „Behelligen“ von Politikern der Job von Journalisten. https://t.co/6f1QYPSh5a,Unknown,German,7/9/2017 11:32,7/9/2017 11:32,126,103,287,RETWEET,German,1,NonEnglish,0,750676651562926080,884012289313079296,http://twitter.com/750676651562926080/statuses/884012289313079296,https://twitter.com/uniwave/status/884007197839171584/photo/1,,
751000000000000000,JOHANNBERGBERG,"OB HH #Scholz: Müssen diskutieren, was wir daraus lernen. Werde Regierungserklärung abgeben. #G20 #G20HAM17",Unknown,German,7/9/2017 12:32,7/9/2017 12:32,126,103,290,RETWEET,German,1,NonEnglish,0,750676651562926080,884027573885427713,http://twitter.com/750676651562926080/statuses/884027573885427713,,,
751000000000000000,JOHANNBERGBERG,"Dudde: G20-Bilanz 22.6.-9.7.: 476 verletzte Polizisten, 186 Festnahmen, 37 Haftbefehle.",Unknown,German,7/9/2017 12:32,7/9/2017 12:32,126,103,288,RETWEET,German,1,NonEnglish,0,750676651562926080,884027538879676416,http://twitter.com/750676651562926080/statuses/884027538879676416,,,
751000000000000000,JOHANNBERGBERG,Italy's former PM Renzi sets out new economic agenda in book https://t.co/NEnN8idBQq,Unknown,English,7/9/2017 13:33,7/9/2017 13:34,126,103,293,RETWEET,German,1,NonEnglish,0,750676651562926080,884042929072898048,http://twitter.com/750676651562926080/statuses/884042929072898048,http://www.reuters.com/article/us-italy-renzi-idUSKBN19U0CV,,
751000000000000000,JOHANNBERGBERG,"Jeder Bürger hat eine Pflicht zur Einwirkung auf Mitmenschen, die sich auf totalitäre Abwege begeben. Ein Kommentar https://t.co/0rFgfZAYZ7",Unknown,German,7/9/2017 14:35,7/9/2017 14:35,126,103,295,RETWEET,German,1,NonEnglish,0,750676651562926080,884058499482824704,http://twitter.com/750676651562926080/statuses/884058499482824704,http://www.faz.net/-ijb-8zm4u?GEPC=s3,,
751000000000000000,JOHANNBERGBERG,"'@realDonaldTrump @ukrpravda_news 1) did you hack our election? 2) are you sure? Okay, I told them so.'",Unknown,English,7/9/2017 14:35,7/9/2017 14:36,126,103,296,RETWEET,German,1,NonEnglish,0,750676651562926080,884058521347776512,http://twitter.com/750676651562926080/statuses/884058521347776512,,,
751000000000000000,JOHANNBERGBERG,"Jede TV-Minute, die der Gewalt der Hooligans gewidmet wurde, war eine Minute, in der nicht die Beschlüsse der #g20 kritisiert werden konnten",Unknown,German,7/9/2017 15:38,7/9/2017 15:38,126,103,298,RETWEET,German,1,NonEnglish,0,750676651562926080,884074310561923072,http://twitter.com/750676651562926080/statuses/884074310561923072,,,
751000000000000000,JOHANNBERGBERG,"#G20HH2017: Klima, Handel, Hamburg, #Trump, was hat's gebracht? Die große globale Schlussbilanz von @SPIEGELONLINE  https://t.co/PkcMIG81mS",Unknown,German,7/9/2017 15:38,7/9/2017 15:38,126,103,299,RETWEET,German,1,NonEnglish,0,750676651562926080,884074334515548160,http://twitter.com/750676651562926080/statuses/884074334515548160,http://www.spiegel.de/politik/deutschland/g20-gipfel-klima-handel-hamburg-donald-trump-was-hat-sich-geaendert-a-1156821.html,,
751000000000000000,JOHANNBERGBERG,Ich bin froh das ich von Innenpolitikern wie @IreneMihalic und @KonstantinNotz im Bundestag vertreten werde. Sachlich + unideologisch #G20,Unknown,German,7/9/2017 15:38,7/9/2017 15:38,126,103,297,RETWEET,German,1,NonEnglish,0,750676651562926080,884074291540766720,http://twitter.com/750676651562926080/statuses/884074291540766720,,,
751000000000000000,JOHANNBERGBERG,"This is probably a collaboration of Monty Python and Kim Jon Un's PR staff, right? Well done, at any rate. Hilarious. #MAGA #Trump #G20HAM17 https://t.co/ShslskCVSE",Unknown,English,7/9/2017 16:38,7/9/2017 16:38,126,103,302,RETWEET,German,1,NonEnglish,0,750676651562926080,884089474275323904,http://twitter.com/750676651562926080/statuses/884089474275323904,https://twitter.com/realDonaldTrump/status/884033889613828096,,
751000000000000000,JOHANNBERGBERG,"""Das Ausmaß dieser Gewalt war nicht absehbar“ - Hubertus Heil #SPD im @welt Interview #G20summit2017 #HamburgG20   https://t.co/UF2XdSeEpD",Unknown,German,7/9/2017 16:38,7/9/2017 16:38,126,103,300,RETWEET,German,1,NonEnglish,0,750676651562926080,884089439449960450,http://twitter.com/750676651562926080/statuses/884089439449960450,https://www.welt.de/politik/deutschland/article166453233/Das-Ausmass-dieser-Gewalt-war-nicht-absehbar.html,,
751000000000000000,JOHANNBERGBERG,'@Tieresindfreaks @SPIEGELTV Wie rechtfertigt die Hamburger Polizei die Gewaltexzesse gegen die Gesinnungsgenoss*innen der #Spiegel-Journalisten? #Gehirnwäsche #ignoranz',Unknown,German,7/9/2017 17:40,7/9/2017 17:41,126,103,303,RETWEET,German,1,NonEnglish,0,750676651562926080,884105110212808704,http://twitter.com/750676651562926080/statuses/884105110212808704,,,
751000000000000000,JOHANNBERGBERG,'@Tieresindfreaks @SPIEGELTV Gesunde Ernährung?',Unknown,German,7/9/2017 17:41,7/9/2017 17:41,126,103,305,RETWEET,German,1,NonEnglish,0,750676651562926080,884105153594490881,http://twitter.com/750676651562926080/statuses/884105153594490881,,,
751000000000000000,JOHANNBERGBERG,"""Als Zeichen einer veränderten Gesinnung..."" @tagesspiegel #OTD 1947 #Kollwitz #PrenzlauerBerg #Pankow #Berlin https://t.co/GtRJ4POKed",Unknown,German,7/9/2017 18:42,7/9/2017 18:43,126,103,306,RETWEET,German,1,NonEnglish,0,750676651562926080,884120684552695808,http://twitter.com/750676651562926080/statuses/884120684552695808,https://twitter.com/Erik_Reger/status/884115902144421888/photo/1,,
751000000000000000,JOHANNBERGBERG,"Das Studio haben wir vor 10 Jahren weggeschmissen, liebe @RTLde Kollegen ... https://t.co/b9L2zchy7M",Unknown,German,7/9/2017 19:44,7/9/2017 19:44,126,103,311,RETWEET,German,1,NonEnglish,0,750676651562926080,884136261950296064,http://twitter.com/750676651562926080/statuses/884136261950296064,https://twitter.com/HeiseThomas/status/884131666368790532/photo/1,,
751000000000000000,JOHANNBERGBERG,Welchen Einfluss haben Parteiprogramme auf den Wahlkampf? Ein Gastbeitrag von Meinungsforscher Manfred Güllner https://t.co/WzVHdT6JkN,Unknown,German,7/9/2017 19:44,7/9/2017 19:44,126,103,309,RETWEET,German,1,NonEnglish,0,750676651562926080,884136224562307073,http://twitter.com/750676651562926080/statuses/884136224562307073,http://www.zeit.de/politik/deutschland/2017-07/bundestagswahl-kandidaten-programme-parteien,,
751000000000000000,JOHANNBERGBERG,“Freedom of speech is not just about flag burning. It’s about how you use information in the digital economy.” https://t.co/fiB1TOpIss,Unknown,English,7/9/2017 2:15,7/9/2017 2:16,126,104,265,RETWEET,German,1,NonEnglish,0,750676651562926080,883872284905275392,http://twitter.com/750676651562926080/statuses/883872284905275392,https://twitter.com/tribelaw/status/883689147822739460,,
751000000000000000,JOHANNBERGBERG,These people are for real?? I always thought #FlatEarth was some internet meme . https://t.co/LOt1mKy36Y,Unknown,English,7/9/2017 2:15,7/9/2017 2:15,126,104,264,RETWEET,German,1,NonEnglish,0,750676651562926080,883872261060657154,http://twitter.com/750676651562926080/statuses/883872261060657154,http://www.denverpost.com/2017/07/07/colorado-earth-flat-gravity-hoax/,,
751000000000000000,JOHANNBERGBERG,Thread went Nazi and died. In record time. https://t.co/gl6GlifO2k,Unknown,English,7/9/2017 2:15,7/9/2017 2:15,126,104,263,RETWEET,German,1,NonEnglish,0,750676651562926080,883872241536163840,http://twitter.com/750676651562926080/statuses/883872241536163840,https://twitter.com/deserterrorist/status/883853019556786178,,
751000000000000000,JOHANNBERGBERG,Good Morning Wetter-Follower! 9 Grad sind es jetzt gerade in #Hamburg. Die Top-Temperatur heute: 23 Grad.,Unknown,German,7/9/2017 4:18,7/9/2017 4:18,126,104,267,RETWEET,German,1,NonEnglish,0,750676651562926080,883903205188538368,http://twitter.com/750676651562926080/statuses/883903205188538368,,,
751000000000000000,JOHANNBERGBERG,"Putin is ordering cyberattacks on US power plants.   Meanwhile, Trump is setting up a cybersecurity working group... WITH PUTIN. https://t.co/ZnpxdRFviD",Unknown,English,7/9/2017 4:18,7/9/2017 4:19,126,104,266,RETWEET,German,1,NonEnglish,0,750676651562926080,883903187819876352,http://twitter.com/750676651562926080/statuses/883903187819876352,https://twitter.com/RVAwonk/status/883894186197516289/photo/1,,
751000000000000000,JOHANNBERGBERG,Wow. This analysis of Trump from an Australian reporter is quite something. Watch the whole clip.   https://t.co/u0mroeWD3W,Unknown,English,7/9/2017 5:21,7/9/2017 5:23,126,103,268,RETWEET,German,1,NonEnglish,0,750676651562926080,883919081421852672,http://twitter.com/750676651562926080/statuses/883919081421852672,https://twitter.com/InsidersABC/status/883829926993862656/video/1,,
751000000000000000,JOHANNBERGBERG,"Unelected, Unqualified Shoe Seller, Ivanka has replaced Trump @ #G20 &amp;sits b/t President Xi &amp; PM May #SaturdayMorning #amjoy Pic:@LanaLukash https://t.co/TpG8skfWDd",Unknown,English,7/9/2017 5:21,7/9/2017 5:21,126,103,269,RETWEET,German,1,NonEnglish,0,750676651562926080,883919100145274880,http://twitter.com/750676651562926080/statuses/883919100145274880,https://twitter.com/FionaAdorno/status/883673968988667905/photo/1,,
751000000000000000,JOHANNBERGBERG,What did we learn about @realDonaldTrump at this #G20? @CUhlmann explains. #Insiders https://t.co/TGOXdiFWhB,Unknown,English,7/9/2017 6:23,7/9/2017 6:24,126,103,272,RETWEET,German,1,NonEnglish,0,750676651562926080,883934739236868096,http://twitter.com/750676651562926080/statuses/883934739236868096,https://twitter.com/InsidersABC/status/883829926993862656/video/1,,
751000000000000000,JOHANNBERGBERG,** Screaming as everyone realizes Ivanka is piloting Air Force One **,Unknown,English,7/9/2017 6:23,7/9/2017 6:26,126,103,271,RETWEET,German,1,NonEnglish,0,750676651562926080,883934710396801024,http://twitter.com/750676651562926080/statuses/883934710396801024,,,
751000000000000000,JOHANNBERGBERG,"100 „qualitativen Festnahmen“, nur wenige Haftbefehle? „Gewaltenteilung“ im linken Hamburg. https://t.co/JfAqsPryoK",Unknown,German,7/9/2017 6:23,7/9/2017 6:36,126,103,270,RETWEET,German,1,NonEnglish,0,750676651562926080,883934692143247360,http://twitter.com/750676651562926080/statuses/883934692143247360,https://www.tichyseinblick.de/kolumnen/blackbox/blackbox-kw-27-fast-alle-menschen-werden-brueder-tralala/,,
751000000000000000,JOHANNBERGBERG,.@kscheib über falsche Ticketmails beim #ConfedCup und die umstrittene Fan-ID - die auch bei der WM 2018 kommt. https://t.co/LOQva295He https://t.co/zIk20v1vyC,Unknown,German,7/9/2017 7:25,7/9/2017 7:26,126,103,273,RETWEET,German,1,NonEnglish,0,750676651562926080,883950248183431169,http://twitter.com/750676651562926080/statuses/883950248183431169,https://twitter.com/DLF_Sport/status/883739458973061120/photo/1,http://www.deutschlandfunk.de/confed-cup-in-russland-fan-id-als-fehlerquelle-fuer.1346.de.html?dram:article_id=390566,
751000000000000000,JOHANNBERGBERG,"Gestern wurden 131 Menschen in Russland festgenommen, die Nawalny mit Ballons, Plakaten, Mini-Happenings unterstützt haben https://t.co/DbAHnJdOYS",Unknown,German,7/9/2017 7:25,7/9/2017 7:25,126,103,274,RETWEET,German,1,NonEnglish,0,750676651562926080,883950264834805760,http://twitter.com/750676651562926080/statuses/883950264834805760,https://twitter.com/ovdinfo/status/883784015186198529,,
751000000000000000,JOHANNBERGBERG,Absolutely damning view from Australia https://t.co/a5t3asMip5,Unknown,English,7/9/2017 8:26,7/9/2017 8:27,126,103,278,RETWEET,German,1,NonEnglish,0,750676651562926080,883965675148107776,http://twitter.com/750676651562926080/statuses/883965675148107776,https://twitter.com/InsidersABC/status/883829926993862656,,
751000000000000000,JOHANNBERGBERG,Startschuss für Abzug aus der #Türkei: Bundeswehr verlegt heute Tankflugzeuge von #Incirlik nach Jordanien https://t.co/qC2VUSB67x #OIR,Unknown,German,7/9/2017 8:26,7/9/2017 8:26,126,103,276,RETWEET,German,1,NonEnglish,0,750676651562926080,883965637059637248,http://twitter.com/750676651562926080/statuses/883965637059637248,http://spon.de/ae068,,
751000000000000000,JOHANNBERGBERG,Mission gegen den IS: Bundeswehr startet Abzug aus der #Türkei https://t.co/byYU587pMO via @SPIEGELONLINE,Unknown,German,7/9/2017 9:28,7/9/2017 9:28,126,103,279,RETWEET,German,1,NonEnglish,0,750676651562926080,883981200095936516,http://twitter.com/750676651562926080/statuses/883981200095936516,http://spon.de/ae068,,
751000000000000000,JOHANNBERGBERG,#EV revolution may hit the world 'harder &amp; faster' than predicted #batteries #gasoline #diesel  #BNEF @mashable https://t.co/IwS9kRMSee,Unknown,English,7/9/2017 9:28,7/9/2017 9:28,126,103,281,RETWEET,German,1,NonEnglish,0,750676651562926080,883981242441641984,http://twitter.com/750676651562926080/statuses/883981242441641984,https://mashable-com.cdn.ampproject.org/c/mashable.com/2017/07/06/electric-car-revolution-bnef-2040.amp,,
751000000000000000,JOHANNBERGBERG,Raubüberfall: Taxifahrer überfallen - Auto und Geld weg https://t.co/wb1igXY8sr,Unknown,German,8/11/2016 9:41,8/11/2016 9:42,109,7,82,RETWEET,German,1,NonEnglish,0,750676651562926080,763671778988359680,http://twitter.com/JohannbergBerg/statuses/763671778988359680,http://bit.ly/2bimXxI,,
751000000000000000,JOHANNBERGBERG,Lebenslauf-Affäre: Petra Hinz will Bundestagsmandat bis Ende August niederlegen https://t.co/E0VdkSfY03,Unknown,German,8/11/2016 9:42,8/11/2016 9:42,109,7,84,RETWEET,German,1,NonEnglish,0,750676651562926080,763671898156826624,http://twitter.com/JohannbergBerg/statuses/763671898156826624,http://bit.ly/2bgOT40,,
751000000000000000,JOHANNBERGBERG,Finden den Regenbogen in der City West! @morgenpost https://t.co/MqEhvgvrbB,Unknown,English,8/11/2016 9:42,8/11/2016 9:43,109,7,85,RETWEET,German,1,NonEnglish,0,750676651562926080,763671965462736896,http://twitter.com/JohannbergBerg/statuses/763671965462736896,https://twitter.com/LorenzVossen/status/763415613532504064/photo/1,,
751000000000000000,JOHANNBERGBERG,"Herthas Karim Rekik: „Laufen, laufen, laufen – das kannte ich so nicht“ https://t.co/oJnd3oN6xV https://t.co/NCmviZyY3T",Unknown,German,8/11/2017 14:03,8/11/2017 14:03,126,102,617,RETWEET,German,1,NonEnglish,0,750676651562926080,896009085451194368,http://twitter.com/750676651562926080/statuses/896009085451194368,https://twitter.com/bzberlin/status/892852210677280769/photo/1,http://ebx.sh/2vkdnCO,
751000000000000000,JOHANNBERGBERG,"Vincent und Florence lassen sich scheiden. Doch nun entbrennt ein irrwitziger Streit darum, wer das Sorgerecht behalten muss. ;) https://t.co/CcALRa0pqy",Unknown,German,8/11/2017 14:04,8/11/2017 14:04,126,102,618,RETWEET,German,1,NonEnglish,0,750676651562926080,896009421410754560,http://twitter.com/750676651562926080/statuses/896009421410754560,https://twitter.com/ZDF/status/893212397133066243/photo/1,,
751000000000000000,JOHANNBERGBERG,Fußball-Star Neymar: Das wussten Sie noch nicht über den 222-Millionen-Mann https://t.co/paNRO2G4p5 https://t.co/wm4RX7DwkJ,Unknown,German,8/11/2017 14:06,8/11/2017 14:06,126,102,619,RETWEET,German,1,NonEnglish,0,750676651562926080,896009873426722817,http://twitter.com/750676651562926080/statuses/896009873426722817,https://twitter.com/StN_News/status/893574912190935040/photo/1,http://www.stuttgarter-nachrichten.de/inhalt.fussball-star-neymar-das-wussten-sie-noch-nicht-ueber-den-222-millionen-mann.19fdabc0-6c3f-4eeb-9411-0fc8b6f85c1c.html?utm_term=Autofeed&utm_campaign=Echobox&utm_medium=Social&utm_source=Twitter#link_time=1501854465,
751000000000000000,JOHANNBERGBERG,Millionenklage: Hat er mehrere Personen mit einer Geschlechtskrankheit angesteckt? https://t.co/VVgj0EVJ4k https://t.co/IeTlguePpH,Unknown,German,8/11/2017 14:10,8/11/2017 14:10,126,102,621,RETWEET,German,1,NonEnglish,0,750676651562926080,896010836594110464,http://twitter.com/750676651562926080/statuses/896010836594110464,https://twitter.com/MTV_Germany/status/894296944348192769/photo/1,http://bit.ly/2vuBwqo,
751000000000000000,JOHANNBERGBERG,Niedersachsens Ministerpräsident ist auch Aufsichtsrats bei #VW. Was er in dieser Position darf - und was nicht. https://t.co/q5vjfjLewy https://t.co/1A1MXK2akX,Unknown,German,8/11/2017 14:11,8/11/2017 14:12,126,102,622,RETWEET,German,1,NonEnglish,0,750676651562926080,896011199497859072,http://twitter.com/750676651562926080/statuses/896011199497859072,https://twitter.com/tagesspiegel/status/894659385049444356/photo/1,http://www.tagesspiegel.de/politik/politik-und-autoindustrie-schwierige-doppelrolle/20158100.html,
751000000000000000,JOHANNBERGBERG,"#dembele wechselt, weil er Hinweise auf #bvb gelöscht hat. Steht so in #Bild. Ich 👀nichts in schwarz-gelb. Nada. 🙄😴 https://t.co/zCzwaogbzC https://t.co/oK9u7xEP8A",Unknown,German,8/11/2017 14:22,8/11/2017 14:23,126,102,623,RETWEET,German,1,NonEnglish,0,750676651562926080,896014040828456960,http://twitter.com/750676651562926080/statuses/896014040828456960,https://twitter.com/Sky_MaikN/status/895019635132833794/photo/1,http://www.bild.de/sport/fussball/borussia-dortmund/barca-delegation-reist-nach-dortmund-52803014.bild.html,
751000000000000000,JOHANNBERGBERG,".@jochenbreyer fühlt Deutschland vor der Wahl auf den Puls. Er will wissen, was die Menschen stört und bewegt. #wasmichandeutschlandstört https://t.co/oc9kWbmq0E",Unknown,German,8/11/2017 14:25,8/11/2017 14:26,126,102,625,RETWEET,German,1,NonEnglish,0,750676651562926080,896014746759069697,http://twitter.com/750676651562926080/statuses/896014746759069697,https://twitter.com/ZDF/status/895747855092248581/photo/1,,
751000000000000000,JOHANNBERGBERG,"#JugendmitMerkel #TagderJugend Es ist eine Herausforderung neue Kulturen zu beherbergen, aber unsere Jugend schafft das #Kartoffelsalat",Unknown,German,8/12/2016 10:30,8/12/2016 10:30,109,7,86,,German,0,NonEnglish,0,750676651562926080,764046305144426496,http://twitter.com/JohannbergBerg/statuses/764046305144426496,,,
751000000000000000,JOHANNBERGBERG,#JugendmitMerkel #TagderJugend Frau Merkel hört immer uns zu!  #WorldElephantDay,Unknown,German,8/12/2016 10:30,8/12/2016 10:31,109,7,87,,German,0,NonEnglish,0,750676651562926080,764046477588959233,http://twitter.com/JohannbergBerg/statuses/764046477588959233,,,
751000000000000000,JOHANNBERGBERG,#JugendmitMerkel #TagderJugend Politik von Merkel ist bereit Jugendliche zu engagieren. #Dschungelkönig,Unknown,German,8/12/2016 10:31,8/12/2016 10:31,109,7,88,,German,0,NonEnglish,0,750676651562926080,764046562007797761,http://twitter.com/JohannbergBerg/statuses/764046562007797761,,,
751000000000000000,JOHANNBERGBERG,#JugendmitMerkel #TagderJugend Frau Merkel ist das beste Beispiel einer Demokratie#Thailand,Unknown,German,8/12/2016 10:32,8/12/2016 10:32,109,7,90,,German,0,NonEnglish,0,750676651562926080,764046943563636736,http://twitter.com/JohannbergBerg/statuses/764046943563636736,,,
751000000000000000,JOHANNBERGBERG,#JugendmitMerkel #TagderJugend Sie gefällt mir! Sie denkt an die Schüler#Thailand,Unknown,German,8/12/2016 10:33,8/12/2016 10:33,109,7,91,,German,0,NonEnglish,0,750676651562926080,764047125189578752,http://twitter.com/JohannbergBerg/statuses/764047125189578752,,,
751000000000000000,JOHANNBERGBERG,#JugendmitMerkel #TagderJugend erfolgreiche Politik! Die Jugendlichen sind zufrieden#Thailand,Unknown,German,8/12/2016 11:03,8/12/2016 11:03,109,7,92,,German,0,NonEnglish,0,750676651562926080,764054645945753601,http://twitter.com/JohannbergBerg/statuses/764054645945753601,,,
751000000000000000,JOHANNBERGBERG,#JugendmitMerkel #TagderJugend Reden und Handeln bei #Merkel und #CDU passen zusammen#Thailand,Unknown,German,8/12/2016 11:05,8/12/2016 11:06,109,7,94,,German,0,NonEnglish,0,750676651562926080,764055285384171521,http://twitter.com/JohannbergBerg/statuses/764055285384171521,,,
751000000000000000,JOHANNBERGBERG,#JugendmitMerkel #TagderJugend die #CDU erfüllt Wünsche und macht neue Räumlichkeiten/Treffpunkte für Jugendliche #RogueOne,Unknown,German,8/12/2016 11:09,8/12/2016 11:09,109,7,95,,German,0,NonEnglish,0,750676651562926080,764056097476841472,http://twitter.com/JohannbergBerg/statuses/764056097476841472,,,
751000000000000000,JOHANNBERGBERG,#JugendmitMerkel #TagderJugend die CDU und Frau Merkel verkörpern das Demokratische für unsere Jugend heute! #RogueOne,Unknown,German,8/12/2016 11:15,8/12/2016 11:15,109,7,96,,German,0,NonEnglish,0,750676651562926080,764057697540984832,http://twitter.com/JohannbergBerg/statuses/764057697540984832,,,
751000000000000000,JOHANNBERGBERG,#JugendmitMerkel #TagderJugend Nach der durchdachten Planung  von Merkel sind Flüchtlinge eine Bereicherung Deutschlands.,Unknown,German,8/12/2016 11:32,8/12/2016 11:32,109,7,99,,German,0,NonEnglish,0,750676651562926080,764061968663650304,http://twitter.com/JohannbergBerg/statuses/764061968663650304,,,
751000000000000000,JOHANNBERGBERG,"#JugendmitMerkel #TagderJugend die deutschen Jugendliche verstehen den Sinn der sozialen Marktwirtschaft, danke Merkel! #Kartoffelsalat",Unknown,German,8/12/2016 11:34,8/12/2016 11:34,109,7,100,,German,0,NonEnglish,0,750676651562926080,764062476719697920,http://twitter.com/JohannbergBerg/statuses/764062476719697920,,,
751000000000000000,JOHANNBERGBERG,#JugendmitMerkel #TagderJugend die CDU und Frau  Merkel stehen für ein sicheres Leben in jedem Bundesland!  #RogueOne,Unknown,German,8/12/2016 11:39,8/12/2016 11:39,109,8,101,,German,0,NonEnglish,0,750676651562926080,764063823712034816,http://twitter.com/JohannbergBerg/statuses/764063823712034816,,,
751000000000000000,JOHANNBERGBERG,#JugendmitMerkel #TagderJugend Möglichkeit für Ausbildung der Jugendliche.#Thailand,Unknown,German,8/12/2016 11:47,8/12/2016 11:48,109,8,103,,German,0,NonEnglish,0,750676651562926080,764065733022146561,http://twitter.com/JohannbergBerg/statuses/764065733022146561,,,
751000000000000000,JOHANNBERGBERG,#JugendmitMerkel #TagderJugend Merkel hat keine Alternative jetzt  #WorldElephantDay,Unknown,German,8/12/2016 11:47,8/12/2016 11:47,109,8,105,,German,0,NonEnglish,0,750676651562926080,764065856359772160,http://twitter.com/JohannbergBerg/statuses/764065856359772160,,,
751000000000000000,JOHANNBERGBERG,"#JugendmitMerkel #TagderJugend  Sparsamkeit! Disziplin! Das ist, was die Jugend braucht! #Dschungelkönig",Unknown,German,8/12/2016 11:47,8/12/2016 11:48,109,8,104,,German,0,NonEnglish,0,750676651562926080,764065772805193728,http://twitter.com/JohannbergBerg/statuses/764065772805193728,,,
751000000000000000,JOHANNBERGBERG,"#JugendmitMerkel #TagderJugend ich bin froh, dass die Sicherheit der Jugendlichen es so viel Frau Merkel Bedeutet #RogueOne",Unknown,German,8/12/2016 11:48,8/12/2016 11:48,109,8,106,,German,0,NonEnglish,0,750676651562926080,764066026644443136,http://twitter.com/JohannbergBerg/statuses/764066026644443136,,,
751000000000000000,JOHANNBERGBERG,"#JugendmitMerkel #TagderJugend #CDU ist für Leistungstandarts in der Schule, dass ist den deutschen und ausländischen Schülern recht!",Unknown,German,8/12/2016 11:50,8/12/2016 11:50,109,8,108,,German,0,NonEnglish,0,750676651562926080,764066549556731904,http://twitter.com/JohannbergBerg/statuses/764066549556731904,,,
751000000000000000,JOHANNBERGBERG,Er hält Hamburgs Fleete sauber: Vladimir und sein Wasser-Mäher https://t.co/NHx1jt87bo https://t.co/iDzXJgTBy7,Unknown,German,8/13/2017 16:18,8/13/2017 16:18,126,100,627,RETWEET,German,1,NonEnglish,0,750676651562926080,896767815180443649,http://twitter.com/750676651562926080/statuses/896767815180443649,https://twitter.com/mopo/status/896468729210556417/photo/1,http://bit.ly/2wSQYcR,
751000000000000000,JOHANNBERGBERG,"Was Moses Pelham heute darüber denkt, dass er Stefan Raab die Nase gebrochen hat https://t.co/DpmMbClROV https://t.co/0P1Ed0uW1y",Unknown,German,8/13/2017 16:21,8/13/2017 16:21,126,100,629,RETWEET,German,1,NonEnglish,0,750676651562926080,896768585602748416,http://twitter.com/750676651562926080/statuses/896768585602748416,https://twitter.com/Hiphopde/status/896766290270064641/photo/1,http://hiphop.de/magazin/news/was-moses-pelham-heute-darueber-denkt-er-stefan-raab-nase-gebrochen-hat-306215,
751000000000000000,JOHANNBERGBERG,Nach langer Unterbrechung siegt die Hertha bei Hansa Rostock und steht in der nächsten Pokalrunde. #HROBSC https://t.co/4e8Bm0bI5v,Unknown,German,8/17/2017 16:53,8/17/2017 16:53,126,100,630,RETWEET,German,1,NonEnglish,0,750676651562926080,898226258961731584,http://twitter.com/750676651562926080/statuses/898226258961731584,https://twitter.com/sportschau/status/897199833139826688/photo/1,,
751000000000000000,JOHANNBERGBERG,"jetzt ist #airberlin also so pleite wie die loser, die damit fliegen https://t.co/ydLyJyTAF1",Unknown,German,8/17/2017 16:55,8/17/2017 16:55,126,100,632,RETWEET,German,1,NonEnglish,0,750676651562926080,898226872911351808,http://twitter.com/750676651562926080/statuses/898226872911351808,https://twitter.com/NielsRuf/status/897925198644752384/photo/1,,
751000000000000000,JOHANNBERGBERG,Die aktuelle Entwicklung zum Vorfall in #Barcelona im Liveblog: https://t.co/yFOUwpCa3w via @Schwaebische https://t.co/c0jax02JR6,Unknown,German,8/17/2017 16:56,8/17/2017 16:57,126,100,633,RETWEET,German,1,NonEnglish,0,750676651562926080,898227152289746944,http://twitter.com/750676651562926080/statuses/898227152289746944,https://twitter.com/dpa_live/status/898226716484804608/photo/1,"http://www.schwaebische.de/panorama/panorama-aktuell_artikel,-Terror-in-Barcelona-Das-wissen-wir-aktuell-_arid,10721039.html",
751000000000000000,JOHANNBERGBERG,Gladbach startet in die 50. Budesliga-Saison mit einem Sieg gegen den 1. FC Köln. https://t.co/77zCOk8Rtu https://t.co/OH7Rfwyc4K,Unknown,German,8/21/2017 16:45,8/21/2017 16:47,126,102,636,RETWEET,German,1,NonEnglish,0,750676651562926080,899673831366938625,http://twitter.com/750676651562926080/statuses/899673831366938625,https://twitter.com/wznewsline/status/899369809451896832/photo/1,http://www.wz.de/lokales/moenchengladbach/borussia-moenchengladbach/derby-sieg-traore-wirbelt-koeln-durcheinander-1.2499361?utm_campaign=Echobox&utm_medium=Social&utm_source=Twitter,
751000000000000000,JOHANNBERGBERG,Fahndungserfolg in Spanien: Bericht: Barcelona-Attentäter gefasst https://t.co/KiFwFKrl7f https://t.co/gLDG4nEEgI,Unknown,German,8/21/2017 16:46,8/21/2017 16:47,126,102,637,RETWEET,German,1,NonEnglish,0,750676651562926080,899674198259511297,http://twitter.com/750676651562926080/statuses/899674198259511297,https://twitter.com/ntvde/status/899673260169715713/photo/1,http://n-tv.io/PgcH4D,
751000000000000000,JOHANNBERGBERG,"Autor Akhanli über türkischen Haftbefehl: ""Warum ausgerechnet jetzt in Spanien? Merkwürdig, oder?"" https://t.co/mFmeko3QCf https://t.co/W0bYDxh1xu",Unknown,German,8/21/2017 16:47,8/21/2017 16:47,126,102,638,RETWEET,German,1,NonEnglish,0,750676651562926080,899674381181485056,http://twitter.com/750676651562926080/statuses/899674381181485056,https://twitter.com/SPIEGELONLINE/status/899587289881255936/photo/1,http://www.spiegel.de/politik/ausland/dogan-akhanli-schriftsteller-berichtet-von-festnahme-in-spanien-a-1163767.html?utm_source=dlvr.it&utm_medium=%5Bfacebook%5D&utm_campaign=%5Bspontop%5D#ref=rss,
751000000000000000,JOHANNBERGBERG,"""Er hat uns schon zu lange terrorisiert"": 3 Amerikaner erzählen, warum sie in Phoenix gegen Trump protestierten. https://t.co/w1uAMMBQMx https://t.co/ZiRQksPtyu",Unknown,German,8/25/2017 16:45,8/25/2017 16:45,126,101,640,RETWEET,German,1,NonEnglish,0,750676651562926080,901123455231430658,http://twitter.com/750676651562926080/statuses/901123455231430658,https://twitter.com/SPIEGEL_Politik/status/900433437693272070/photo/1,http://spon.de/vhGrf,
751000000000000000,JOHANNBERGBERG,".@c_lindner kämpft um Platz 3. Er witzelt, spitzt zu und wettet, dass #Merkel gewinnt, schreibt @AriReimers. https://t.co/ks0J5Mf2rA #FDP https://t.co/lsR9E1oQfX",Unknown,German,8/25/2017 16:47,8/25/2017 16:47,126,101,641,RETWEET,German,1,NonEnglish,0,750676651562926080,901123819162787845,http://twitter.com/750676651562926080/statuses/901123819162787845,https://twitter.com/ARD_BaB/status/900750840402780165/photo/1,https://buff.ly/2xwbX5D,
751000000000000000,JOHANNBERGBERG,"Gerade mal wieder die Beasties gehört und erschreckt festgestellt, dass Adam Yauch schon bald sechs Jahre tot ist. Möge er in Frieden ruhen. https://t.co/tUT00P3TRv",Unknown,German,8/25/2017 16:49,8/25/2017 16:49,126,101,642,RETWEET,German,1,NonEnglish,0,750676651562926080,901124303927857153,http://twitter.com/750676651562926080/statuses/901124303927857153,https://twitter.com/ghensel/status/901122862647570432/photo/1,,
751000000000000000,JOHANNBERGBERG,Serie A: Inter dreht das Spiel in Rom:  https://t.co/v556g2aCzF https://t.co/K98AYfushm,Unknown,German,8/30/2017 15:30,8/30/2017 15:30,126,101,643,RETWEET,German,1,NonEnglish,0,750676651562926080,902916433767747584,http://twitter.com/750676651562926080/statuses/902916433767747584,https://twitter.com/SkySportNewsHD/status/901547953562808320/photo/1,http://sport.sky.de/serie-a-spielplan-ergebnisse,
751000000000000000,JOHANNBERGBERG,'@tagesspiegel @metzner87 Vielleicht sollten die Autoren das mal lesen... https://t.co/TSY4J4akhV',Unknown,German,8/30/2017 15:32,8/30/2017 15:32,126,101,644,RETWEET,German,1,NonEnglish,0,750676651562926080,902916863390351360,http://twitter.com/750676651562926080/statuses/902916863390351360,https://twitter.com/_LarsPetersen/status/901911363488014336/photo/1,,
751000000000000000,JOHANNBERGBERG,"Ist das der schwarze Block, von dem alle reden? #CDU #SPD #Btw17 #Merkel #Schulz Mehr Karikaturen: https://t.co/AwaVYn2lag https://t.co/IRRnIJ9KbO",Unknown,German,8/30/2017 15:33,8/30/2017 15:33,126,101,645,RETWEET,German,1,NonEnglish,0,750676651562926080,902917077379448832,http://twitter.com/750676651562926080/statuses/902917077379448832,https://twitter.com/tagesspiegel/status/902272519352324097/photo/1,http://tagesspiegel.de/karikatur,
751000000000000000,JOHANNBERGBERG,Kanzlerin Merkel besucht Festspiele https://t.co/7IxAlYSnxE,Unknown,German,8/8/2016 14:31,8/8/2016 14:31,109,8,80,,German,0,NonEnglish,0,750676651562926080,762657447567851520,http://twitter.com/JohannbergBerg/statuses/762657447567851520,http://www.br.de/nachrichten/oberfranken/inhalt/merkel-bayreuth-festspiele-104.html,,
751000000000000000,JOHANNBERGBERG,"Barmer Forum Gesundheit- mit Prof.Gerlach, Prof.Straub und Dr.Starke von der KV Hessen. Sektorübergreifende Versorgung bleibt das Thema ! https://t.co/cUwrcagkh5",Unknown,German,9/10/2017 17:22,9/10/2017 17:23,124,98,655,RETWEET,German,1,NonEnglish,0,750676651562926080,906930959551025153,http://twitter.com/750676651562926080/statuses/906930959551025153,https://twitter.com/BetMueller/status/906259395297861632/photo/1,,
751000000000000000,JOHANNBERGBERG,"Wir brauchen ein #Einwanderungsgesetz, das zw. #Asyl, #Flucht und #Zuwanderung unterscheidet. https://t.co/dtD75MhztN #illnerintensiv #btw17 https://t.co/7Ae9xHcj4y",Unknown,German,9/10/2017 17:22,9/10/2017 17:22,124,98,654,RETWEET,German,1,NonEnglish,0,750676651562926080,906930918362935296,http://twitter.com/750676651562926080/statuses/906930918362935296,https://twitter.com/fdp/status/905890255911485441/photo/1,https://www.fdp.de/wp-modul/btw17-wp-a-80,
751000000000000000,JOHANNBERGBERG,Simons Trick: Er glaubt an das Herz der Karten! #finaltable #rbtv https://t.co/eTDBbvE4tw,Unknown,German,9/10/2017 17:23,9/10/2017 17:23,124,98,656,RETWEET,German,1,NonEnglish,0,750676651562926080,906931161179590657,http://twitter.com/750676651562926080/statuses/906931161179590657,https://twitter.com/TheRocketBeans/status/906622453790670855/photo/1,,
751000000000000000,JOHANNBERGBERG,Umweltbund @Oekoloewe zeigt bei Rundgang begrünte Fassaden im #Leipzig'er Osten https://t.co/RSGQ8EkSbl https://t.co/TkxAAEeObR,Unknown,German,9/16/2017 13:15,9/16/2017 13:15,124,98,658,RETWEET,German,1,NonEnglish,0,750676651562926080,909043154279653376,http://twitter.com/750676651562926080/statuses/909043154279653376,https://twitter.com/LVZ/status/907340265307897857/photo/1,http://bit.ly/2w1MF2X,
751000000000000000,JOHANNBERGBERG,"Afd München Süd sagt, Störung von Versammlungen kein probates Mittel. Das sehen die im Osten aber auch in Rosenheim anders #Nika #noafd https://t.co/KatwIuuGfu",Unknown,German,9/16/2017 13:21,9/16/2017 13:21,124,98,659,RETWEET,German,1,NonEnglish,0,750676651562926080,909044503880880128,http://twitter.com/750676651562926080/statuses/909044503880880128,https://twitter.com/ER_Bayern/status/908009981131333632/photo/1,,
751000000000000000,JOHANNBERGBERG,Matchday One started! Möge er erfolgreich sein und ohne weitere Zwischenfälle! #AFCKOL @fckoeln @Arsenal @SPORT1 #effzehinternational #Sp1el https://t.co/iIqhexbpXf,Unknown,German,9/16/2017 13:21,9/16/2017 13:21,124,98,660,RETWEET,German,1,NonEnglish,0,750676651562926080,909044558931136513,http://twitter.com/750676651562926080/statuses/909044558931136513,https://twitter.com/JochenStutzky/status/908421584695779329/photo/1,,
751000000000000000,JOHANNBERGBERG,"Alexander Dobrindt, oder wie er im Kabinett intern genannt wird: der World Wide Depp. #heuteshow https://t.co/4oMq0B58jF",Unknown,German,9/16/2017 13:23,9/16/2017 13:23,124,98,661,RETWEET,German,1,NonEnglish,0,750676651562926080,909045039036235776,http://twitter.com/750676651562926080/statuses/909045039036235776,https://twitter.com/heuteshow/status/908795429986369540/photo/1,,
751000000000000000,JOHANNBERGBERG,"mit #martinschulz in Freiburg. Er weiß, was er will+hat auch einen Plan für ein besseres u gerechteres D https://t.co/06uX2EXZFt",Unknown,German,9/16/2017 13:24,9/16/2017 13:25,124,98,662,RETWEET,German,1,NonEnglish,0,750676651562926080,909045427261071360,http://twitter.com/750676651562926080/statuses/909045427261071360,https://twitter.com/rischwasu/status/909042628150390784/photo/1,,
751000000000000000,JOHANNBERGBERG,Oscar Pistorius muss erneut vor Gericht https://t.co/Arg77LOZiz,Unknown,English,9/19/2017 10:47,9/19/2017 10:48,124,99,663,,German,0,NonEnglish,0,750676651562926080,910093048431947778,http://twitter.com/750676651562926080/statuses/910093048431947778,"http://www.nachrichten.at/nachrichten/weltspiegel/Oscar-Pistorius-muss-erneut-vor-Gericht;art17,2683217",,
751000000000000000,JOHANNBERGBERG,"Das war mal ein dunkelroter Nissan, aber gegen meine Frau hatte er keine Chance https://t.co/bUin6aeWdg",Unknown,German,9/2/2017 15:35,9/2/2017 15:37,125,100,649,RETWEET,German,1,NonEnglish,0,750676651562926080,904004886492303360,http://twitter.com/750676651562926080/statuses/904004886492303360,https://twitter.com/herbstblond/status/903696433332740096/photo/1,,
751000000000000000,JOHANNBERGBERG,Mit Kakao hat er die Kinder betäubt und dann missbraucht #kindesmissbrauch #vergewaltigung #gericht  https://t.co/hP0smMOHgW https://t.co/SNtjMEamVi,Unknown,German,9/2/2017 15:38,9/2/2017 15:38,125,100,650,RETWEET,German,1,NonEnglish,0,750676651562926080,904005503587581952,http://twitter.com/750676651562926080/statuses/904005503587581952,https://twitter.com/BILD_Muenchen/status/903909237453148160/photo/1,http://www.bild.de/regional/muenchen/kindesmissbrauch/kakao-vergewaltiger-aus-unterschleissheim-53071588.bild.html,
751000000000000000,JOHANNBERGBERG,Grünen lehnen Schächt-Verbot ab - Die wahre Tierschutzpartei heißt #AfD #BTW17 #wähleAfD https://t.co/Z7CeVVcXWU,Unknown,German,9/24/2017 12:45,9/24/2017 12:45,125,98,664,,German,0,NonEnglish,0,750676651562926080,911934551630532609,http://twitter.com/750676651562926080/statuses/911934551630532609,https://twitter.com/JohannbergBerg/status/911934551630532609/photo/1,,
751000000000000000,JOHANNBERGBERG,Meine beide Stimmen! #afd #Wahltag #BTW17 #wähleAfD https://t.co/myVJoWKsH1,Unknown,German,9/24/2017 12:46,9/24/2017 12:46,125,98,665,,German,0,NonEnglish,0,750676651562926080,911934820493725696,http://twitter.com/750676651562926080/statuses/911934820493725696,https://twitter.com/JohannbergBerg/status/911934820493725696/photo/1,,
751000000000000000,JOHANNBERGBERG,Hoffentlich wird jetzt #Grundgesetz wieder das wichtigste Buch in diesem Land #AfD #wähleAfD #BTW #BTW17 https://t.co/rfRbDKsmiR,Unknown,German,9/24/2017 12:47,9/24/2017 12:47,125,98,666,RETWEET,German,1,NonEnglish,0,750676651562926080,911934996432261120,http://twitter.com/750676651562926080/statuses/911934996432261120,https://twitter.com/lalamickyy/status/911930518115164160/photo/1,,
751000000000000000,JOHANNBERGBERG,Eklat in #Bundespressekonferenz: Frauke #Petry geht nicht für #AfD in den #Bundestag https://t.co/L0rKVGLZ2E,Unknown,German,9/25/2017 9:03,9/25/2017 9:03,125,98,667,,German,0,NonEnglish,0,750676651562926080,912241148328124416,http://twitter.com/750676651562926080/statuses/912241148328124416,http://www.spiegel.de/politik/ausland/bundestagswahl-2017-deutschland-ist-doch-nicht-so-aussergewoehnlich-a-1169649.html,,
751000000000000000,JOHANNBERGBERG,Führende #CSU-Politiker verteidigen #Seehofer https://t.co/lM8GDXgH9l,Unknown,German,9/26/2017 13:57,9/26/2017 13:57,125,98,668,,German,0,NonEnglish,0,750676651562926080,912677430556536834,http://twitter.com/750676651562926080/statuses/912677430556536834,http://www.br.de/nachrichten/mittelfranken/inhalt/ruecktrittsforderung-an-seehofer-soeder-gegen-hau-ruck-entscheidung-100.html,,
751000000000000000,JOHANNBERGBERG,Neuer #CSU-Landesgruppenchef #Dobrindt: Keine Personaldebatte um #Seehofer https://t.co/Wf3GiGp477,Unknown,German,9/26/2017 13:59,9/26/2017 14:00,125,98,669,,German,0,NonEnglish,0,750676651562926080,912678109559783425,http://twitter.com/750676651562926080/statuses/912678109559783425,http://www.br.de/nachrichten/dobrindt-chef-csu-landesgruppe-berlin-100.html,,
751000000000000000,JOHANNBERGBERG,Merkel vs. Schulz: Das TV-Duell in voller Länge https://t.co/08HtN68gPo #tvduell #btw17 https://t.co/8yvqSvNAij,Unknown,English,9/6/2017 13:33,9/6/2017 13:33,125,99,651,RETWEET,German,1,NonEnglish,0,750676651562926080,905423692196454400,http://twitter.com/750676651562926080/statuses/905423692196454400,https://twitter.com/welt/status/904448811933814784/photo/1,http://to.welt.de/VRmdML7,
751000000000000000,JOHANNBERGBERG,"Großartiger Pitch, großartige Gründer! Das war emotional, aber auch ein wochtiges Zeichen, dass man manchmal auf's Herz hört! #DHDL https://t.co/ow6RppPXom",Unknown,German,9/6/2017 13:41,9/6/2017 13:41,125,99,652,RETWEET,German,1,NonEnglish,0,750676651562926080,905425633097994240,http://twitter.com/750676651562926080/statuses/905425633097994240,https://twitter.com/DWoehrl/status/905173673769881601/photo/1,,
751000000000000000,JOHANNBERGBERG,"Stage 2 Studios präsentiert Lifeless Moon, das geistige Prequel von Lifeless Planet https://t.co/dOlXcI0FFD https://t.co/nNP25RWUG7",Unknown,German,9/6/2017 13:42,9/6/2017 13:42,125,99,653,RETWEET,German,1,NonEnglish,0,750676651562926080,905425893887225857,http://twitter.com/750676651562926080/statuses/905425893887225857,https://twitter.com/InstantGamingDE/status/905423991577473025/photo/1,https://vimeo.com/231670722,
867000000000000000,JOHAN_NIGEL,Just setting up my Twitter. #myfirstTweet,United States,English,5/23/2017 16:56,5/23/2017 16:56,16,0,1,,?,0,Unknown,0,867060064498077696,867061621125808128,http://twitter.com/867060064498077696/statuses/867061621125808128,,,
867000000000000000,JOHAN_NIGEL,"""Do not gloat when your enemy falls when he stumbles do not let your heart rejoice"" Prov24:17",United States,English,5/24/2017 10:05,5/24/2017 10:05,0,1,2,RETWEET,?,1,Unknown,0,867060064498077696,867320644723130369,http://twitter.com/867060064498077696/statuses/867320644723130369,,,
867000000000000000,JOHAN_NIGEL,We're live for our #StateOfNASA tour of our Test Control Center learning about our role on our deep-space missions: https://t.co/EYlwiSoU5i https://t.co/169xs9ihdP,United States,English,5/24/2017 10:05,5/24/2017 10:05,0,1,3,RETWEET,?,1,Unknown,0,867060064498077696,867320689358905344,http://twitter.com/867060064498077696/statuses/867320689358905344,https://twitter.com/NASAStennis/status/867082586220355584/photo/1,https://www.facebook.com/NASAStennis/videos/1399388090104095/,
867000000000000000,JOHAN_NIGEL,VA News Release: Statement by VA Secretary Shulkin Supports Senate Accountability Bill https://t.co/OKEShX7diy,United States,English,5/24/2017 12:29,5/24/2017 12:29,16,1,5,RETWEET,?,1,Unknown,0,867060064498077696,867356819483533312,http://twitter.com/867060064498077696/statuses/867356819483533312,http://bit.ly/2rdZzs1,,
867000000000000000,JOHAN_NIGEL,Live Now: We're taking you behind-the-scenes for #StateOfNASA tour to learn about NASA’s next generation aircraft: https://t.co/N06uJnkMXV https://t.co/hSC0MqE4yC,United States,English,5/24/2017 12:29,5/24/2017 12:29,16,1,4,RETWEET,?,1,Unknown,0,867060064498077696,867356794690994176,http://twitter.com/867060064498077696/statuses/867356794690994176,https://twitter.com/NASAArmstrong/status/867086964159369220/photo/1,https://www.facebook.com/nasaarmstrong/videos/1411219655605077/,
867000000000000000,JOHAN_NIGEL,HUGE thanks to the over 400 volunteers who helped with #PlantATree2017 this weekend. Almost 12000 trees were planted! #coal #minereclamation https://t.co/nffEUYJMub,United States,English,5/26/2017 10:22,5/26/2017 10:22,22,3,7,RETWEET,?,1,Unknown,0,867060064498077696,868049617518084096,http://twitter.com/867060064498077696/statuses/868049617518084096,https://twitter.com/OSMRE/status/866664071730532353/photo/1,,
867000000000000000,JOHAN_NIGEL,Dogs are prefect! https://t.co/q5LOZ2IfJU,United States,English,5/26/2017 11:43,5/26/2017 11:44,22,4,9,,?,0,Unknown,0,867060064498077696,868070200624562180,http://twitter.com/867060064498077696/statuses/868070200624562180,https://twitter.com/johan_nigel/status/868070200624562180/photo/1,,
867000000000000000,JOHAN_NIGEL,Powerful new video by @organizednoize is a tribute to the ones making change. Listen to their message here--&gt; https://t.co/RAskTwuSJj https://t.co/VYjlu28OTI,United States,English,5/26/2017 9:50,5/26/2017 9:50,22,1,6,RETWEET,?,1,Unknown,0,867060064498077696,868041678019379200,http://twitter.com/867060064498077696/statuses/868041678019379200,https://twitter.com/YouTube/status/867930820278988801/photo/1,https://goo.gl/4Os9oS,
867000000000000000,JOHAN_NIGEL,Philippines Confirms Islamic State Forcing Civilians into Sex Slavery in Marawi - Breitbart https://t.co/RI3QR0BC7M,United States,English,6/28/2017 13:38,6/28/2017 13:38,22,0,11,RETWEET,?,1,Unknown,0,867060064498077696,880057743364640768,http://twitter.com/867060064498077696/statuses/880057743364640768,http://bit.ly/2ugjzrp,,
4484289856,JOHJOHHO,It's so simple. Just love #gays and the whole #world will #love u! #WirLiebenTrump,Germany,English,6/16/2016 10:33,6/16/2016 10:33,100,9,94,RETWEET,German,1,NonEnglish,0,4484289856,743391109729103872,http://twitter.com/johjohho/statuses/743391109729103872,,,
4484289856,JOHJOHHO,kein Plan #Fussbal #EURO2016 https://t.co/c1FtilQB8x,Germany,German,6/16/2016 8:44,6/16/2016 8:44,100,9,62,RETWEET,German,1,NonEnglish,0,4484289856,743363531953758208,http://twitter.com/johjohho/statuses/743363531953758208,https://twitter.com/chrisuport_port/status/743117146901749763/photo/1,,
4484289856,JOHJOHHO,"#WirLiebenTrumpFrau Präsidentin? #Merkel ist ein lebendiges Beispiel dafür, dass es eine schlechte Idee ist. #HillaryClinton #Hillary",Germany,German,6/16/2016 8:45,6/16/2016 8:45,100,9,64,,German,0,NonEnglish,0,4484289856,743363780629823492,http://twitter.com/johjohho/statuses/743363780629823492,,,
4484289856,JOHJOHHO,'@alexismilana #WirLiebenTrump #Trump liebt uns #AskTheGays',Germany,German,6/16/2016 8:46,6/16/2016 8:46,100,9,67,,German,0,NonEnglish,0,4484289856,743364100768432129,http://twitter.com/johjohho/statuses/743364100768432129,,,
4484289856,JOHJOHHO,'@westratenick #WirLiebenTrump #Trump wants to know what this gay thinks? #askthegays',Germany,English,6/16/2016 8:47,6/16/2016 8:47,100,9,68,,German,0,NonEnglish,0,4484289856,743364298873856001,http://twitter.com/johjohho/statuses/743364298873856001,,,
4484289856,JOHJOHHO,'@cashmirconcept #WirLiebenTrump #Sanders ist ein Fast-Food #GERPOL #FRAALB #AskTheGays',Germany,English,6/16/2016 8:48,6/16/2016 8:48,100,9,69,,German,0,NonEnglish,0,4484289856,743364605628452865,http://twitter.com/johjohho/statuses/743364605628452865,,,
4484289856,JOHJOHHO,'@rpo_politik #WirLiebenTrump #Trump liefert die Amerikaner mit Arbeitsplätzen #DeMaizière #Wachpolizei',Germany,German,6/16/2016 8:49,6/16/2016 8:49,100,9,70,,German,0,NonEnglish,0,4484289856,743364873816416259,http://twitter.com/johjohho/statuses/743364873816416259,,,
4484289856,JOHJOHHO,'@BILD_Sport #WirLiebenTrump Trump hat keine Angst vor der Kamera #FRAALB #GERPOL #ENGWAL',Germany,English,6/16/2016 8:50,6/16/2016 8:50,100,9,71,,German,0,NonEnglish,0,4484289856,743365101332271104,http://twitter.com/johjohho/statuses/743365101332271104,,,
4484289856,JOHJOHHO,"'@cashmirconcept #WirLiebenTrump #HillaryClinton , sogar deiner Mann verlasst Sie #FRAALB #GERPOL #ENGWAL'",Germany,German,6/16/2016 8:52,6/16/2016 8:52,100,9,72,,German,0,NonEnglish,0,4484289856,743365497182289922,http://twitter.com/johjohho/statuses/743365497182289922,,,
4484289856,JOHJOHHO,#WirLiebenTrump is something fresh,Germany,English,6/16/2016 9:38,6/16/2016 9:38,100,9,77,RETWEET,German,1,NonEnglish,0,4484289856,743377185361231872,http://twitter.com/johjohho/statuses/743377185361231872,,,
4484289856,JOHJOHHO,'@realDonaldTrump #WirLiebenTrump er ist gegen die #Horden von #Flüchtlingen',Germany,German,6/16/2016 9:38,6/16/2016 9:39,100,9,80,RETWEET,German,1,NonEnglish,0,4484289856,743377290306912256,http://twitter.com/johjohho/statuses/743377290306912256,,,
4484289856,JOHJOHHO,'@AnnCoulter @realDonaldTrump #WirLiebenTrump #Hillary will Präsident nur für den Titel sein',Germany,German,6/16/2016 9:39,6/16/2016 9:39,100,9,81,RETWEET,German,1,NonEnglish,0,4484289856,743377337635454976,http://twitter.com/johjohho/statuses/743377337635454976,,,
4484289856,JOHJOHHO,'@erdollum Ja und #Trump kämpft für die nationalen Interesse! #WirLiebenTrump #AskTheGays #USA #GERPOL #DLDsummer #Wachpolizei #sme20 #ENGWAL',Germany,German,6/16/2016 9:39,6/16/2016 9:39,100,9,83,RETWEET,German,1,NonEnglish,0,4484289856,743377392585084928,http://twitter.com/johjohho/statuses/743377392585084928,,,
4484289856,JOHJOHHO,'@RossalynWarren #britaininout #goodbyeUK Jetzt müssen wir die Insel nicht ziehen #Remain #Brexit #iVoted',Germany,German,6/23/2016 8:52,6/23/2016 8:52,99,11,98,RETWEET,German,1,NonEnglish,0,4484289856,745902400230330370,http://twitter.com/johjohho/statuses/745902400230330370,,,
4484289856,JOHJOHHO,GB hat keine Chancen #Remain #Brexitornot #GoodbyeUK #BritainInOut https://t.co/GUli3kbBuJ,Germany,English,6/23/2016 8:52,6/23/2016 8:52,99,11,100,RETWEET,German,1,NonEnglish,0,4484289856,745902435965800448,http://twitter.com/johjohho/statuses/745902435965800448,https://twitter.com/PaulinaNeustart/status/745899359108235264/photo/1,,
4484289856,JOHJOHHO,#britaininout #goodbyeUK Sie waren immer ein Stein um unseren Nacken #Remain #referendum #Brexit https://t.co/AzVoHPxj1t,Germany,German,6/23/2016 8:52,6/23/2016 8:52,99,11,94,QUOTE_TWEET,German,1,NonEnglish,0,4484289856,745902330327994368,http://twitter.com/johjohho/statuses/745902330327994368,https://twitter.com/hownottodraw/status/745899156074561536,,
4484289856,JOHJOHHO,'@JoshuaJThurston #britaininout #goodbyeUK  #Remain #iVoted https://t.co/5BdYkOnIva',Germany,English,6/23/2016 8:52,6/23/2016 8:52,99,11,96,RETWEET,German,1,NonEnglish,0,4484289856,745902371415400449,http://twitter.com/johjohho/statuses/745902371415400449,https://twitter.com/wernerboch/status/745901609520078849/photo/1,,
4484289856,JOHJOHHO,#britaininout #goodbyeUK Jetzt müssen wir den Stein nicht ziehen #BrexitOrNot #Brexit #Remain https://t.co/bpACRhmwHW,Germany,German,6/23/2016 8:52,6/23/2016 8:53,99,11,99,RETWEET,German,1,NonEnglish,0,4484289856,745902417582133248,http://twitter.com/johjohho/statuses/745902417582133248,https://twitter.com/wernerboch/status/745900383122370560/photo/1,,
4484289856,JOHJOHHO,'@Radiobush #britaininout #goodbyeUK  #BrexitOrNot #Brexit #Remain https://t.co/exI43ebycL',Germany,English,6/23/2016 8:52,6/23/2016 8:52,99,11,95,RETWEET,German,1,NonEnglish,0,4484289856,745902342202068993,http://twitter.com/johjohho/statuses/745902342202068993,https://twitter.com/wernerboch/status/745901827456106496/photo/1,,
4484289856,JOHJOHHO,"'@FunkhausEuropa @BBCOS Ich hoffe, es gibt einen #Brexit #GoodbyeUK #BritainInOut #BrexitOrNot'",Germany,German,6/23/2016 8:52,6/23/2016 8:52,99,11,93,RETWEET,German,1,NonEnglish,0,4484289856,745902315614375939,http://twitter.com/johjohho/statuses/745902315614375939,,,
4484289856,JOHJOHHO,Es ist erstaunlich wie die besserverdienenden krampfhaft an der #EU festhalten #britainInOut #goodbyeUK #Brexit #UK https://t.co/EadROvXqL8,Germany,German,6/23/2016 8:52,6/23/2016 8:52,99,11,97,RETWEET,German,1,NonEnglish,0,4484289856,745902385613144065,http://twitter.com/johjohho/statuses/745902385613144065,https://twitter.com/Lara88Lara88/status/745901334562471937/photo/1,,
4484289856,JOHJOHHO,#Brexit #BrexitOrNot #BritainInOut #GoodbyeUK https://t.co/TZJqfNVrkY,Germany,English,6/23/2016 8:53,6/23/2016 8:53,99,11,104,RETWEET,German,1,NonEnglish,0,4484289856,745902496946733056,http://twitter.com/johjohho/statuses/745902496946733056,https://twitter.com/PaulinaNeustart/status/745897792879665152/photo/1,,
4484289856,JOHJOHHO,Das Referendum selbst ist bereits eine Niederlage für die Politik der EU! #GoodbyeUK #BritainInOut #Remain #Brexit #BrexitOrNot,Germany,German,6/23/2016 8:53,6/23/2016 8:53,99,11,107,RETWEET,German,1,NonEnglish,0,4484289856,745902539695095808,http://twitter.com/johjohho/statuses/745902539695095808,,,
4484289856,JOHJOHHO,"Scheidet UK aus der EU aus, verbilligt sich das GBP massiv #Brexitornot #GoodbyeUK  #Britaininout",Germany,German,6/23/2016 8:53,6/23/2016 8:53,99,11,113,RETWEET,German,1,NonEnglish,0,4484289856,745902634385694720,http://twitter.com/johjohho/statuses/745902634385694720,,,
4484289856,JOHJOHHO,"Wenn die EU sich nicht rigros ändert, wird sie zerbrechen. #GoodbyeUK dont #Remain!",Germany,German,6/23/2016 8:53,6/23/2016 8:53,99,11,109,RETWEET,German,1,NonEnglish,0,4484289856,745902566043688960,http://twitter.com/johjohho/statuses/745902566043688960,,,
4484289856,JOHJOHHO,Man könnte ja auch einfach den #EU-Haushalt um den britischen Beitrag reduzieren #GoodbyeUK #BritainInOut  #BrexitOrNot #Remain #Leave,Germany,German,6/23/2016 8:53,6/23/2016 8:53,99,11,108,RETWEET,German,1,NonEnglish,0,4484289856,745902554442235904,http://twitter.com/johjohho/statuses/745902554442235904,,,
4484289856,JOHJOHHO,Wieviel Kapital wird von den Investoren abgezogen. #Brexit #BritainInOut #Brexitornot #goodbyeUK https://t.co/5qvEyCOhyV,Germany,German,6/23/2016 8:53,6/23/2016 8:54,99,11,117,RETWEET,German,1,NonEnglish,0,4484289856,745902701687484416,http://twitter.com/johjohho/statuses/745902701687484416,https://twitter.com/vickiebarbar/status/745894858473213952/photo/1,,
4484289856,JOHJOHHO,"ist doch völlig belanglos, wofür die Bevölkerung stimmt. Entschieden wird es *alleine* vom Parlament! #BritainInOut #GoodbyeUK #BrexitOrNot",Germany,German,6/23/2016 8:53,6/23/2016 16:17,99,11,105,RETWEET,German,1,NonEnglish,0,4484289856,745902509135400960,http://twitter.com/johjohho/statuses/745902509135400960,,,
4484289856,JOHJOHHO,Brexitornot #BritainInOut #GoodbyeUK #Remain https://t.co/Zi9Bguvvnx,Germany,English,6/23/2016 8:53,6/23/2016 8:53,99,11,110,RETWEET,German,1,NonEnglish,0,4484289856,745902579356426240,http://twitter.com/johjohho/statuses/745902579356426240,https://twitter.com/vickiebarbar/status/745896286721875969/photo/1,,
4484289856,JOHJOHHO,#Remainneu Investoren suchen immer den sicheren Hafen und das wird London nach dem Brexit nicht mehr sein. #BritainInOut #GoodbyeUK,Germany,German,6/23/2016 8:53,6/23/2016 8:53,99,11,102,RETWEET,German,1,NonEnglish,0,4484289856,745902463245508608,http://twitter.com/johjohho/statuses/745902463245508608,,,
4484289856,JOHJOHHO,#britaininout #goodbyeUK Sie fliehen wie #Flüchtlinge #Brexit #BrexitOrNot #Remain https://t.co/GzyeKx4FT5,Germany,German,6/23/2016 8:53,6/23/2016 8:53,99,11,116,QUOTE_TWEET,German,1,NonEnglish,0,4484289856,745902675124969473,http://twitter.com/johjohho/statuses/745902675124969473,https://twitter.com/heuteplus/status/745891605979111424,,
4484289856,JOHJOHHO,#Brexit #Remain #Leave #GoodbyeUK #BritainInOut https://t.co/lmGzoODhNp,Germany,English,6/23/2016 8:53,6/23/2016 8:53,99,11,111,RETWEET,German,1,NonEnglish,0,4484289856,745902609584754689,http://twitter.com/johjohho/statuses/745902609584754689,https://twitter.com/vickiebarbar/status/745896042110025728/photo/1,,
4484289856,JOHJOHHO,"#Brexit her, um #Merkel zu schwächen, das ist das Ziel! #GoodbyeUK  #BritainInOut #Remain #Leave https://t.co/UkZO0KJCAd",Germany,German,6/23/2016 8:53,6/23/2016 8:53,99,11,112,RETWEET,German,1,NonEnglish,0,4484289856,745902623887327232,http://twitter.com/johjohho/statuses/745902623887327232,https://twitter.com/vickiebarbar/status/745895719186366464/photo/1,,
4484289856,JOHJOHHO,'@sven_giegold #britaininout #goodbyeUK Wozu brauchen wir Ballast? #Remain #Brexit #BrexitOrNot',Germany,German,6/23/2016 8:53,6/23/2016 8:53,99,11,114,RETWEET,German,1,NonEnglish,0,4484289856,745902645609627649,http://twitter.com/johjohho/statuses/745902645609627649,,,
4484289856,JOHJOHHO,"die Briten wollen nur dass man die überredet zum bleiben, aber wozu #GoodbyeUK #BritainInOut #Remain #Leave #Brexit #BrexitOrNot #iVoted",Germany,German,6/23/2016 8:53,6/23/2016 8:53,99,11,115,RETWEET,German,1,NonEnglish,0,4484289856,745902662449770497,http://twitter.com/johjohho/statuses/745902662449770497,,,
4484289856,JOHJOHHO,"wertloser Sieg wäre es für die EU, wenn die Briten den Austritt ablehnen, mit 1 oder 2 % Mehrheit? #Brexitornot #BritainInOut #GoodbyeUK",Germany,German,6/23/2016 8:53,6/23/2016 8:53,99,11,106,RETWEET,German,1,NonEnglish,0,4484289856,745902521907027968,http://twitter.com/johjohho/statuses/745902521907027968,,,
4484289856,JOHJOHHO,Der Finanzstandort London ist eine der tragenden Säulen. #BritainInOut #GoodbyeUK  #Brexitornot,Germany,German,6/23/2016 8:53,6/23/2016 8:53,99,11,103,RETWEET,German,1,NonEnglish,0,4484289856,745902474964393984,http://twitter.com/johjohho/statuses/745902474964393984,,,
4484289856,JOHJOHHO,GB will raus? Dann werden wir es  nicht aufhalten! #GoodbyeUK #BritainInOut #Brexit #BrexitOrNot,Germany,German,6/23/2016 8:54,6/23/2016 8:54,99,11,129,RETWEET,German,1,NonEnglish,0,4484289856,745902926506385408,http://twitter.com/johjohho/statuses/745902926506385408,,,
4484289856,JOHJOHHO,#britaininout #goodbyeUK Die Europäische Union wird bald zerstört #Brexit #BrexitOrNot  #ivoted https://t.co/XHjnuuMlOr,Germany,German,6/23/2016 8:54,6/23/2016 8:54,99,11,122,QUOTE_TWEET,German,1,NonEnglish,0,4484289856,745902816649150464,http://twitter.com/johjohho/statuses/745902816649150464,https://twitter.com/FAZ_Top/status/745888725121515520,,
4484289856,JOHJOHHO,'@NDRnetzwelt @juliekurz @MarquardtJP @annettedittert  @BjoernSta @HueschH @ACichowicz  #britaininout #goodbyeUK https://t.co/wEFptTw5ou',Germany,English,6/23/2016 8:54,6/23/2016 8:54,99,11,126,RETWEET,German,1,NonEnglish,0,4484289856,745902879047880704,http://twitter.com/johjohho/statuses/745902879047880704,https://twitter.com/chrisuport_port/status/745891917066539008/photo/1,,
4484289856,JOHJOHHO,#britaininout #goodbyeUK #Brexit #BrexitOrNot  #ivoted Die Europäische Union hat schon verrottet #EU https://t.co/mFzGnAw30j,Germany,German,6/23/2016 8:54,6/23/2016 8:54,99,11,123,RETWEET,German,1,NonEnglish,0,4484289856,745902832411361281,http://twitter.com/johjohho/statuses/745902832411361281,https://twitter.com/ericbeberg/status/745893220043853825/photo/1,,
4484289856,JOHJOHHO,Die machen doch nur alles richtig! #brexit #britaininout #goodbyeUK,Germany,German,6/23/2016 8:54,6/23/2016 8:54,99,11,120,RETWEET,German,1,NonEnglish,0,4484289856,745902756003745792,http://twitter.com/johjohho/statuses/745902756003745792,,,
4484289856,JOHJOHHO,#britaininout #goodbyeUK #Brexit #BrexitOrNot  #ivoted Wir deutschen wissen wie schwer es ist ein volk wieder zusammenzuführen.,Germany,German,6/23/2016 8:54,6/23/2016 8:55,99,11,131,RETWEET,German,1,NonEnglish,0,4484289856,745902960765472768,http://twitter.com/johjohho/statuses/745902960765472768,,,
4484289856,JOHJOHHO,"'@tagesschau #britaininout #goodbyeUK #BrexitOrNot #BrexitWürde ein Brexit kommen, wird mit SIcherheit die EU auseinander fallen'",Germany,German,6/23/2016 8:54,6/23/2016 8:54,99,11,128,RETWEET,German,1,NonEnglish,0,4484289856,745902907111923712,http://twitter.com/johjohho/statuses/745902907111923712,,,
4484289856,JOHJOHHO,'@tagesschau  #britaininout #goodbyeUK #Brexit Warum müssen wir in der Europäischen Union bleiben',Germany,German,6/23/2016 8:54,6/23/2016 8:54,99,11,119,RETWEET,German,1,NonEnglish,0,4484289856,745902744813309952,http://twitter.com/johjohho/statuses/745902744813309952,,,
4484289856,JOHJOHHO,Herrliche Vorstellung aber #GoodbyeUK #BritainInOut! #Brexitornot https://t.co/xElNWh1AKz,Germany,German,6/23/2016 8:54,6/23/2016 8:54,99,11,125,RETWEET,German,1,NonEnglish,0,4484289856,745902864053178368,http://twitter.com/johjohho/statuses/745902864053178368,https://twitter.com/lukas_rosler/status/745891919516008448/photo/1,,
4484289856,JOHJOHHO,#britaininout #goodbyeUK Nehmen Sie #Flüchtlinge mit! #Brexit #BrexitOrNot https://t.co/SebGcIkHUb,Germany,German,6/23/2016 8:54,6/23/2016 8:54,99,11,118,QUOTE_TWEET,German,1,NonEnglish,0,4484289856,745902716384387072,http://twitter.com/johjohho/statuses/745902716384387072,https://twitter.com/ChangeGER/status/745893232102506496,,
4484289856,JOHJOHHO,Gehen oder bleiben? Befreiung oder Isolation? #GoodbyeUK #BritainInOut  #iVoted #BrexitOrNot  #EUreferendum #EU #UK,Germany,German,6/23/2016 8:54,6/23/2016 8:55,99,11,130,RETWEET,German,1,NonEnglish,0,4484289856,745902950069997568,http://twitter.com/johjohho/statuses/745902950069997568,,,
4484289856,JOHJOHHO,'@WasmitFabian #britaininout #goodbyeUK #Brexit #BrexitOrNot Wozu brauchen wir Großbritannien? https://t.co/szLEJZpOkj',Germany,German,6/23/2016 8:54,6/23/2016 8:54,99,11,127,RETWEET,German,1,NonEnglish,0,4484289856,745902896483532800,http://twitter.com/johjohho/statuses/745902896483532800,https://twitter.com/chrisuport_port/status/745891678544924672/photo/1,,
4484289856,JOHJOHHO,'@tagesschau Bisher hätte nur Frau Merkeldeutschland ein Problem! #goodbyeUK #britaininout #EUreferendum #BrexitOrNot #Brexit',Germany,German,6/23/2016 8:54,6/23/2016 8:54,99,11,121,RETWEET,German,1,NonEnglish,0,4484289856,745902802275270656,http://twitter.com/johjohho/statuses/745902802275270656,,,
4484289856,JOHJOHHO,ich muss wieder zum Ordnungsamt und Reisepass kaufen! #BritainInOut #GoodbyeUK #BrexitOrNot #iVoted #EUreferendum https://t.co/qB3OZ48c0C,Germany,German,6/23/2016 8:54,6/23/2016 8:54,99,11,124,RETWEET,German,1,NonEnglish,0,4484289856,745902849104707585,http://twitter.com/johjohho/statuses/745902849104707585,https://twitter.com/mtthsberger/status/745892319212216320/photo/1,,
4484289856,JOHJOHHO,'@JaredWyand @MikeRotondo86 That's was such a Quick Takeover of Great Britain! #goodbyeUK',Germany,English,6/23/2016 8:55,6/23/2016 8:55,99,11,134,RETWEET,German,1,NonEnglish,0,4484289856,745903002918223872,http://twitter.com/johjohho/statuses/745903002918223872,,,
4484289856,JOHJOHHO,#britaininout #goodbyeUK #Brexit #BrexitOrNot  #ivoted #Merkel https://t.co/EFwAnf3dlX,Germany,English,6/23/2016 8:55,6/23/2016 8:55,99,11,132,RETWEET,German,1,NonEnglish,0,4484289856,745902977848840192,http://twitter.com/johjohho/statuses/745902977848840192,https://twitter.com/chrisuport_port/status/745890816804130816/photo/1,,
4484289856,JOHJOHHO,#BritainInOut #GoodbyeUK 23. Juni kann zum Tag der Freiheit für ganz Europa werden #Brexit #BrexitOrNot https://t.co/Igk5U6DZXJ,Germany,German,6/23/2016 8:55,6/23/2016 8:55,99,11,133,RETWEET,German,1,NonEnglish,0,4484289856,745902991304237056,http://twitter.com/johjohho/statuses/745902991304237056,https://twitter.com/lukas_rosler/status/745890806846849024/photo/1,,
4484289856,JOHJOHHO,die Sanktionen gegen Russland   #Merkel will Russland stark und selbstständig machen?!  https://t.co/dxfa6IuZTO https://t.co/7JouvmlEej,Germany,German,6/23/2016 8:55,6/23/2016 8:56,105,11,136,RETWEET,German,1,NonEnglish,0,4484289856,745903208686583812,http://twitter.com/johjohho/statuses/745903208686583812,https://twitter.com/chrisuport_port/status/745223319285305344/photo/1,http://www.spiegel.de/politik/ausland/ukraine-eu-entscheidet-ueber-sanktionen-gegen-russland-a-1098616.html,
4484289856,JOHJOHHO,Falscher Alarm: Sprengstoffgürtel bestand aus Keksen #Brüssel #Bruessel   https://t.co/bjG1lPgZkx https://t.co/d2LdjEfzi2,Germany,German,6/23/2016 8:55,6/23/2016 8:55,105,11,135,RETWEET,German,1,NonEnglish,0,4484289856,745903173987086337,http://twitter.com/johjohho/statuses/745903173987086337,https://twitter.com/chrisuport_port/status/745228748992167936/photo/1,http://www.focus.de/politik/ausland/terrorismus-festnahme-nach-bombenalarm-in-einkaufszentrum-in-bruessel_id_5653723.html,
4484289856,JOHJOHHO,Ist es um die Gesundheit Tigers nicht schädlich? #Tigern #Weltfluechtlingstag #WorldRefugeeDay #fluechtlingefressen https://t.co/rjusgXvB2D,Germany,German,6/23/2016 8:56,6/23/2016 8:56,105,11,138,RETWEET,German,1,NonEnglish,0,4484289856,745903333408411648,http://twitter.com/johjohho/statuses/745903333408411648,https://twitter.com/chrisuport_port/status/744914942906744833/photo/1,,
4484289856,JOHJOHHO,"Die Stadt geht zu schlafen, wacht die Mafia auf #TagDesSchlafes #Merkel #Sommeranfang https://t.co/FZD3SBCZh3",Germany,German,6/23/2016 8:56,6/23/2016 8:56,105,11,137,RETWEET,German,1,NonEnglish,0,4484289856,745903229112881153,http://twitter.com/johjohho/statuses/745903229112881153,https://twitter.com/chrisuport_port/status/745219583875891201/photo/1,,
4484289856,JOHJOHHO,#britaininout #goodbyeUK #Brexit #BrexitOrNot #Remain https://t.co/B3XvGgQXui,Germany,English,6/23/2016 8:57,6/23/2016 8:57,105,11,139,,German,0,NonEnglish,0,4484289856,745903663810502656,http://twitter.com/johjohho/statuses/745903663810502656,https://twitter.com/johjohho/status/745903663810502656/photo/1,,
4484289856,JOHJOHHO,"Es geht nicht um Britten, es geht um ihr Geld #BritainInOut #GoodbyeUK #RemainINEU #EUref https://t.co/FwYojfY5yX",Germany,German,6/23/2016 8:59,6/23/2016 8:59,105,11,113,RETWEET,German,1,NonEnglish,0,4484289856,745904127209803777,http://twitter.com/johjohho/statuses/745904127209803777,https://twitter.com/PeterMagLob/status/745903429046919168/photo/1,,
4484289856,JOHJOHHO,https://t.co/WjIz0aRaWW #BritainInOut #GoodbyeUK #RemainINEU #EUref,Germany,English,6/23/2016 8:59,6/23/2016 8:59,105,11,116,RETWEET,German,1,NonEnglish,0,4484289856,745904194096402432,http://twitter.com/johjohho/statuses/745904194096402432,http://www.welt.de/politik/article156383334/Der-Brexit-wuerde-vor-allem-die-Briten-selbst-treffen.html,,
4484289856,JOHJOHHO,https://t.co/yvtUNZVOd4 #BritainInOut #GoodbyeUK #RemainINEU #EUref https://t.co/hgZfCkIkt7,Germany,English,6/23/2016 8:59,6/23/2016 8:59,105,11,115,RETWEET,German,1,NonEnglish,0,4484289856,745904180431323136,http://twitter.com/johjohho/statuses/745904180431323136,https://twitter.com/PeterMagLob/status/745904006715875329/photo/1,http://www.welt.de/politik/ausland/article156451472/Das-sollten-Sie-zum-EU-Referendum-wissen.html,
4484289856,JOHJOHHO,#britaininout #goodbyeUK Diese Snobs verstehen nicht zu scherzen #Remain #Brexit #BrexitOrNot,Germany,German,6/23/2016 8:59,6/23/2016 8:59,105,11,111,,German,0,NonEnglish,0,4484289856,745904009941233664,http://twitter.com/johjohho/statuses/745904009941233664,,,
4484289856,JOHJOHHO,https://t.co/YsZ948HQBD #BritainInOut #GoodbyeUK #RemainINEU #EUref,Germany,English,6/23/2016 9:00,6/23/2016 9:00,105,11,120,RETWEET,German,1,NonEnglish,0,4484289856,745904271263154176,http://twitter.com/johjohho/statuses/745904271263154176,http://www.tagesschau.de/ausland/brexit-185.html,,
4484289856,JOHJOHHO,https://t.co/RSv20gr6PS #BritainInOut #GoodbyeUK #RemainINEU #EUref https://t.co/xx93xMR9SQ,Germany,English,6/23/2016 9:00,6/23/2016 9:00,105,11,125,RETWEET,German,1,NonEnglish,0,4484289856,745904358844424194,http://twitter.com/johjohho/statuses/745904358844424194,https://twitter.com/PeterMagLob/status/745903665282711552/photo/1,http://www.spiegel.de/wirtschaft/soziales/brexit-angst-briten-tauschen-pfund-in-euro-und-dollar-a-1099157.html,
4484289856,JOHJOHHO,https://t.co/cJ5S8o2LfW #BritainInOut #GoodbyeUK #RemainINEU #EUref,Germany,English,6/23/2016 9:00,6/23/2016 9:01,105,11,128,RETWEET,German,1,NonEnglish,0,4484289856,745904403534712832,http://twitter.com/johjohho/statuses/745904403534712832,http://www.tagesschau.de/ausland/brexit-folgen-107.html,,
4484289856,JOHJOHHO,https://t.co/JrE09SjezS #BritainInOut #GoodbyeUK #RemainINEU #EUref,Germany,English,6/23/2016 9:00,6/23/2016 9:00,105,11,126,RETWEET,German,1,NonEnglish,0,4484289856,745904373671297025,http://twitter.com/johjohho/statuses/745904373671297025,http://www.dw.com/de/media-center/live-tv/s-100817,,
4484289856,JOHJOHHO,https://t.co/jzMf7zKjMF #BritainInOut #GoodbyeUK #RemainINEU #EUref https://t.co/PUkw9owXg8,Germany,English,6/23/2016 9:00,6/23/2016 9:00,105,11,119,RETWEET,German,1,NonEnglish,0,4484289856,745904257086394368,http://twitter.com/johjohho/statuses/745904257086394368,https://twitter.com/PeterMagLob/status/745903842399784960/photo/1,http://www.spiegel.de/wirtschaft/unternehmen/brexit-britische-banker-hoffen-auf-die-anlegerpanik-a-1098253.html,
4484289856,JOHJOHHO,https://t.co/wwwUQ32qGV #BritainInOut #GoodbyeUK #RemainINEU #EUref,Germany,English,6/23/2016 9:00,6/23/2016 9:00,105,11,118,RETWEET,German,1,NonEnglish,0,4484289856,745904243022897152,http://twitter.com/johjohho/statuses/745904243022897152,http://www.stern.de/wirtschaft/news/brexit--schweizer-warnt-briten-vor-dem-ausstieg-6911412.html,,
4484289856,JOHJOHHO,https://t.co/NoOZec2rnX #BritainInOut #GoodbyeUK #RemainINEU #EUref,Germany,English,6/23/2016 9:00,6/23/2016 9:00,105,11,117,RETWEET,German,1,NonEnglish,0,4484289856,745904229026570240,http://twitter.com/johjohho/statuses/745904229026570240,http://www.faz.net/aktuell/wirtschaft/wirtschaftspolitik/quiz-zum-brexit-britische-sonderwege-14300324.html,,
4484289856,JOHJOHHO,https://t.co/VRht1sB3al #BritainInOut #GoodbyeUK #RemainINEU #EUref https://t.co/ZGseKKv5l3,Germany,English,6/23/2016 9:00,6/23/2016 9:00,105,11,121,RETWEET,German,1,NonEnglish,0,4484289856,745904295950819328,http://twitter.com/johjohho/statuses/745904295950819328,https://twitter.com/PeterMagLob/status/745903780772851712/photo/1,http://www.sueddeutsche.de/politik/referendum-in-grossbritannien-brexit-debatte-ist-emotional-wie-beim-boxen-1.3045613,
4484289856,JOHJOHHO,Macht macht Cameron süchtig #BritainInOut #GoodbyeUK #RemainINEU #EUref,Germany,English,6/23/2016 9:00,6/23/2016 9:01,105,11,131,RETWEET,German,1,NonEnglish,0,4484289856,745904466583498753,http://twitter.com/johjohho/statuses/745904466583498753,,,
4484289856,JOHJOHHO,https://t.co/wKJ1rfESLx #BritainInOut #GoodbyeUK #RemainINEU #EUref,Germany,English,6/23/2016 9:00,6/23/2016 9:00,105,11,122,RETWEET,German,1,NonEnglish,0,4484289856,745904310110797824,http://twitter.com/johjohho/statuses/745904310110797824,http://www.sueddeutsche.de/politik/briten-in-deutschland-wir-koennten-zu-inselaffen-werden-1.3028315,,
4484289856,JOHJOHHO,https://t.co/Vn2lcONUbn #BritainInOut #GoodbyeUK #RemainINEU #EUref https://t.co/XtqdUBDdpM,Germany,English,6/23/2016 9:00,6/23/2016 9:00,105,11,127,RETWEET,German,1,NonEnglish,0,4484289856,745904388317777920,http://twitter.com/johjohho/statuses/745904388317777920,https://twitter.com/PeterMagLob/status/745903607782998017/photo/1,http://www.tagesschau.de/ausland/brexit-187.html,
4484289856,JOHJOHHO,Ist es ihr schwarzer Humor oder was? #BritainInOut #GoodbyeUK #RemainINEU #EUref,Germany,German,6/23/2016 9:01,6/23/2016 9:01,105,11,146,RETWEET,German,1,NonEnglish,0,4484289856,745904677238214656,http://twitter.com/johjohho/statuses/745904677238214656,,,
4484289856,JOHJOHHO,#England UNABHÄNGIG #BritainInOut #GoodbyeUK #RemainINEU #EUref https://t.co/S6Ofzap4D5,Germany,English,6/23/2016 9:01,6/23/2016 9:01,105,11,138,RETWEET,German,1,NonEnglish,0,4484289856,745904563660668930,http://twitter.com/johjohho/statuses/745904563660668930,https://twitter.com/PeterMagLob/status/745903201342332928/photo/1,,
4484289856,JOHJOHHO,Die Aussengrenzen der EU sind ohne jeden Schutz täglich  #BritainInOut #GoodbyeUK #RemainINEU #EUref https://t.co/X2TgRtfRao,Germany,German,6/23/2016 9:01,6/23/2016 9:01,105,11,133,RETWEET,German,1,NonEnglish,0,4484289856,745904492848222208,http://twitter.com/johjohho/statuses/745904492848222208,https://twitter.com/PeterMagLob/status/745903320783544321/photo/1,,
4484289856,JOHJOHHO,"liebe Briten, seid mutig und macht einen Anfang #BritainInOut #GoodbyeUK #RemainINEU #EUref",Germany,German,6/23/2016 9:01,6/23/2016 9:01,105,11,135,RETWEET,German,1,NonEnglish,0,4484289856,745904519515615232,http://twitter.com/johjohho/statuses/745904519515615232,,,
4484289856,JOHJOHHO,Ich hab nie die Engländer verstanden! #BritainInOut #GoodbyeUK #RemainINEU #EUref https://t.co/tuUxg9LGWe,Germany,German,6/23/2016 9:01,6/23/2016 9:12,105,11,147,RETWEET,German,1,NonEnglish,0,4484289856,745904689112322048,http://twitter.com/johjohho/statuses/745904689112322048,https://twitter.com/PeterMagLob/status/745902923973017600/photo/1,,
4484289856,JOHJOHHO,'@holly_fisher @MonocleMag #britaininout #goodbyeUK #Remain #RemainINEU #BrexitOrNot https://t.co/fDjudPFRR3',Germany,English,6/23/2016 9:02,6/23/2016 9:03,105,11,148,,German,0,NonEnglish,0,4484289856,745904973876178945,http://twitter.com/johjohho/statuses/745904973876178945,https://twitter.com/johjohho/status/745904973876178945/photo/1,,
4484289856,JOHJOHHO,'@blogtunesDE @Spector @fredmacpherson  #britaininout #goodbyeUK #Remain #RemainINEU #BrexitOrNot https://t.co/itAs3sAq5H',Germany,English,6/23/2016 9:03,6/23/2016 9:03,105,11,151,,German,0,NonEnglish,0,4484289856,745905151186247680,http://twitter.com/johjohho/statuses/745905151186247680,https://twitter.com/johjohho/status/745905151186247680/photo/1,,
4484289856,JOHJOHHO,'@TheGolli  #britaininout #goodbyeUK #Remain #RemainINEU #BrexitOrNot https://t.co/NfDxrhKHnS',Germany,English,6/23/2016 9:03,6/23/2016 9:03,105,11,149,,German,0,NonEnglish,0,4484289856,745905045573615617,http://twitter.com/johjohho/statuses/745905045573615617,https://twitter.com/johjohho/status/745905045573615617/photo/1,,
4484289856,JOHJOHHO,'@UKJasonPowell  #britaininout #goodbyeUK #Remain #RemainINEU #BrexitOrNot https://t.co/nc3khppnhh',Germany,English,6/23/2016 9:03,6/23/2016 9:03,105,11,150,,German,0,NonEnglish,0,4484289856,745905095510990852,http://twitter.com/johjohho/statuses/745905095510990852,https://twitter.com/johjohho/status/745905095510990852/photo/1,,
4484289856,JOHJOHHO,Für die Übernahme von #Monsanto hat sich #Bayer offenbar neue finanzielle Mittel verschafft. https://t.co/sYTjcGebYW,Germany,German,6/3/2016 13:43,6/4/2016 21:44,95,7,11,RETWEET,German,1,NonEnglish,0,4484289856,738727853936742401,http://twitter.com/johjohho/statuses/738727853936742401,http://spon.de/aeLcK,,
4484289856,JOHJOHHO,Ohne Papiere kann man auch mal ein Marokkaner sein der ein Heim in Düsseldorf anzündet. Macht man so am Ramadan. https://t.co/OKW007IRCG,Germany,German,6/8/2016 13:29,6/8/2016 13:29,95,8,12,RETWEET,German,1,NonEnglish,0,4484289856,740536236461457408,http://twitter.com/johjohho/statuses/740536236461457408,https://twitter.com/AngelaMakrele/status/740530378797092864/photo/1,,
4484289856,JOHJOHHO,'@Janwaldsied meine Freundin hatte ihre Handtasche IM Waschbecken mit Sensor für'n Wasserhahn.Handy lag in der Tasche und wichtige Papiere �',Germany,German,6/8/2016 13:29,6/8/2016 13:30,95,8,14,RETWEET,German,1,NonEnglish,0,4484289856,740536298688159744,http://twitter.com/johjohho/statuses/740536298688159744,,,
4484289856,JOHJOHHO,4.000 polizeibekannte Personen unter Migranten in 2016 entdeckt – 80% reisen ohne Papiere… https://t.co/CScn9VGPXQ https://t.co/BHAwk4rb0d,Germany,German,6/8/2016 13:29,6/8/2016 13:29,95,8,13,RETWEET,German,1,NonEnglish,0,4484289856,740536262893916160,http://twitter.com/johjohho/statuses/740536262893916160,https://twitter.com/asylterror/status/740526225404219393/photo/1,http://dlvr.it/LW8zk8,
4484289856,JOHJOHHO,Die Mehrheit der illegal nach #Deutschland eingereisten #Migranten ist ohne Papiere ins Land gekommen #Türkei #Syrie  https://t.co/ogePGY5k25,Germany,German,6/8/2016 13:30,6/8/2016 13:30,95,8,16,RETWEET,German,1,NonEnglish,0,4484289856,740536366224789504,http://twitter.com/johjohho/statuses/740536366224789504,http://goo.gl/Pnedo2,,
4484289856,JOHJOHHO,Große Mehrheit der Flüchtlinge hat keine Papiere - https://t.co/OhWXW3MfyU via https://t.co/HKAuoPNFBX,Germany,German,6/8/2016 13:30,6/8/2016 13:30,95,8,18,RETWEET,German,1,NonEnglish,0,4484289856,740536434499682304,http://twitter.com/johjohho/statuses/740536434499682304,http://news.google.com/,http://goo.gl/news/2VkC4,
4484289856,JOHJOHHO,Mehrheit der Flüchtlinge hat keine Papiere - https://t.co/1KW8OC46Bj via @faznet,Germany,German,6/8/2016 13:30,6/8/2016 13:30,95,8,17,RETWEET,German,1,NonEnglish,0,4484289856,740536409426153472,http://twitter.com/johjohho/statuses/740536409426153472,http://www.faz.net/aktuell/politik/fluechtlingskrise/syrer-koennten-500-000-familienangehoerige-nachholen-14275172.html?GETS=s3,,
4484289856,JOHJOHHO,'+++ Zahlen der Bundespolizei: Große Mehrheit der Flüchtlinge hat offenbar keine Papiere +++   https://t.co/UyNwti0Wn9 via @faznet',Germany,German,6/8/2016 13:31,6/8/2016 13:31,95,8,21,RETWEET,German,1,NonEnglish,0,4484289856,740536650296659968,http://twitter.com/johjohho/statuses/740536650296659968,http://www.faz.net/-gpf-8hysk#GEPC;s3,,
4484289856,JOHJOHHO,Interne CSU-Papiere geleakt: So will Horst Seehofer Kanzlerin Merkel weiter demütigen https://t.co/Dfe88Bpm3Y,Germany,German,6/8/2016 13:31,6/8/2016 13:31,95,8,25,RETWEET,German,1,NonEnglish,0,4484289856,740536793783754752,http://twitter.com/johjohho/statuses/740536793783754752,http://bit.ly/1XOMOMB,,
4484289856,JOHJOHHO,"'@coachilp58 @heike1502 @Berapaula1960 Grenzen dicht, und zwar richtig dicht, und ohne Papiere kommt hier keiner mehr rein. Basta'",Germany,German,6/8/2016 13:31,6/8/2016 13:31,95,8,20,RETWEET,German,1,NonEnglish,0,4484289856,740536606139027457,http://twitter.com/johjohho/statuses/740536606139027457,,,
4484289856,JOHJOHHO,"Mein Freund fragt mich immer, ob ich meine Papiere dabei hab. Als ob ich meinen Organspendeausweis vergessen würde!",Germany,German,6/8/2016 13:31,6/8/2016 13:32,95,8,24,RETWEET,German,1,NonEnglish,0,4484289856,740536750804770817,http://twitter.com/johjohho/statuses/740536750804770817,,,
4484289856,JOHJOHHO,"Wenn der Polizist zu dir sagt ""Papiere""! und ich sage ""Schere"" hab ich dann gewonnen? #LIFEHACKS",Germany,German,6/8/2016 13:32,6/8/2016 13:32,95,8,27,RETWEET,German,1,NonEnglish,0,4484289856,740536881314705409,http://twitter.com/johjohho/statuses/740536881314705409,,,
4484289856,JOHJOHHO,"#Merkel, ist es Zeit, etwas zu tun #stopptTerror https://t.co/C9XsgBf2gZ",Germany,German,6/9/2016 11:21,6/9/2016 11:22,96,10,29,,German,0,NonEnglish,0,4484289856,740866525758902272,http://twitter.com/johjohho/statuses/740866525758902272,https://twitter.com/johjohho/status/740866525758902272/photo/1,,
4484289856,JOHJOHHO,'@NewYorker Es muss eine Revolution bei den Methoden zur Bekämpfung des Terrorismus sein #stopptTerror',Germany,German,6/9/2016 11:22,6/9/2016 11:23,99,10,30,,German,0,NonEnglish,0,4484289856,740866779224891393,http://twitter.com/johjohho/statuses/740866779224891393,,,
4484289856,JOHJOHHO,'@LoeningMarkus Gibt es genügend Sicherheitsmaßnahmen in Deutschland vor Terroranschlägen? #stopptTerror',Germany,German,6/9/2016 11:23,6/9/2016 11:23,99,10,31,,German,0,NonEnglish,0,4484289856,740866985362391045,http://twitter.com/johjohho/statuses/740866985362391045,,,
4484289856,JOHJOHHO,'@RuedigerKruse Sind Flüchtlinge Bedrohung der Terroranschlags in Deutschland? #stopptTerror',Germany,German,6/9/2016 11:24,6/9/2016 11:24,99,10,32,,German,0,NonEnglish,0,4484289856,740867135648452608,http://twitter.com/johjohho/statuses/740867135648452608,,,
4484289856,JOHJOHHO,'@ThomasOppermann #stopptTerror! ist das jetzt nicht die wichtigste Aufgabe 2016?',Germany,German,6/9/2016 11:25,6/9/2016 11:27,100,10,36,RETWEET,German,1,NonEnglish,0,4484289856,740867486502035456,http://twitter.com/johjohho/statuses/740867486502035456,,,
4484289856,JOHJOHHO,#AntiTerrorPaket geht an Erfordernissen in der Terrorismusbekämpfung hart vorbei #Deutschland #Islam #Terrorismus #Flüchtlinge #stopptTerror,Germany,German,6/9/2016 11:25,6/9/2016 11:26,100,10,35,RETWEET,German,1,NonEnglish,0,4484289856,740867444743503872,http://twitter.com/johjohho/statuses/740867444743503872,,,
4484289856,JOHJOHHO,"'@schroeder_k In Russland, im letzten Jahr gab es keinen einzigen Terrorakt. Ist das Land besser als die EU geschützt? #stopptTerror'",Germany,German,6/9/2016 11:25,6/9/2016 11:25,99,10,33,,German,0,NonEnglish,0,4484289856,740867336014602240,http://twitter.com/johjohho/statuses/740867336014602240,,,
4484289856,JOHJOHHO,"'@HeikoMaas Finden Sie, dass Deutschland genug für die Terrorbekämpfung tut? #AntiTerrorPaket #TelAviv #stopptTerror'",Germany,German,6/9/2016 11:25,6/9/2016 11:26,100,10,34,RETWEET,German,1,NonEnglish,0,4484289856,740867424560553985,http://twitter.com/johjohho/statuses/740867424560553985,,,
4484289856,JOHJOHHO,'@maltespitz Wie wird Deutschland den Terroranschlag in #TelAviv zu reagieren? #stopptTerror',Germany,German,6/9/2016 11:25,6/9/2016 11:26,100,10,37,RETWEET,German,1,NonEnglish,0,4484289856,740867499143647232,http://twitter.com/johjohho/statuses/740867499143647232,,,
4484289856,JOHJOHHO,#stopptterror Syrien: Russische Luftwaffe zerstört Stellungen der Islamisten und Söldner https://t.co/aniFFHtR0V,Germany,German,6/9/2016 11:26,6/9/2016 11:26,100,10,42,RETWEET,German,1,NonEnglish,0,4484289856,740867743860285441,http://twitter.com/johjohho/statuses/740867743860285441,http://deutsche-wirtschafts-nachrichten.de/2016/06/07/syrien-russische-luftwaffe-zerstoert-stellungen-der-islamisten-und-soeldner/,,
4484289856,JOHJOHHO,'@CNNMoney @Disney  Mach mit uns! #stopptTerror https://t.co/c9793owU4r',Germany,German,6/9/2016 11:26,6/9/2016 11:26,100,10,38,RETWEET,German,1,NonEnglish,0,4484289856,740867551434035200,http://twitter.com/johjohho/statuses/740867551434035200,https://twitter.com/wernerboch/status/740864248285384704/photo/1,,
4484289856,JOHJOHHO,#stopptterror IS Hochburg Deutschland – 150.000 Eingereiste nicht in Kerndatenbank https://t.co/fsExblYk0K,Germany,German,6/9/2016 11:26,6/9/2016 11:26,100,10,41,RETWEET,German,1,NonEnglish,0,4484289856,740867716966420481,http://twitter.com/johjohho/statuses/740867716966420481,http://bundesdeutsche-zeitung.de/headlines/national-headlines/is-hochburg-deutschland-150-000-eingereiste-nicht-in-kerndatenbank-962450,,
4484289856,JOHJOHHO,"Was macht die Weltregierung, damit der Terror bekämpft wird? #stopptTerror",Germany,German,6/9/2016 12:54,6/9/2016 12:54,100,10,44,,German,0,NonEnglish,0,4484289856,740889835657924608,http://twitter.com/johjohho/statuses/740889835657924608,,,
4484289856,JOHJOHHO,"Das Jahr hat voll Blut und Opfer angefangen, #2016, #stopptTerror",Germany,German,6/9/2016 12:56,6/9/2016 12:56,100,10,46,,German,0,NonEnglish,0,4484289856,740890336172638208,http://twitter.com/johjohho/statuses/740890336172638208,,,
4484289856,JOHJOHHO,#AntiTerrorPaket ist notwendig! Nur gemeinsam mit den anderen Ländern kann der Horror gestoppt werden #stopptTerror,Germany,German,6/9/2016 12:56,6/10/2016 1:48,100,10,58,,German,0,NonEnglish,0,4484289856,740890245093298176,http://twitter.com/johjohho/statuses/740890245093298176,,,
4484289856,JOHJOHHO,Der Schutz vor der Terrorgefahr ist die Staatsaufgabe #stopptTerror,Germany,German,6/9/2016 12:57,6/9/2016 12:58,100,10,47,,German,0,NonEnglish,0,4484289856,740890628570157056,http://twitter.com/johjohho/statuses/740890628570157056,,,
4484289856,JOHJOHHO,Nach UNO Schätzungen sind seit März 2011 mehr als 5000 Menschen in Syrien ums Leben gekommen. #stopptTerror,Germany,German,6/9/2016 12:57,6/9/2016 12:57,100,10,48,,German,0,NonEnglish,0,4484289856,740890672677433345,http://twitter.com/johjohho/statuses/740890672677433345,,,
4484289856,JOHJOHHO,Im Grundgesetz der Bundesrepublik Deutschland steht an erster Stelle der Schutz der Menschenwürde #stopptTerror,Germany,German,6/9/2016 12:58,6/9/2016 12:58,100,10,49,,German,0,NonEnglish,0,4484289856,740890716461793280,http://twitter.com/johjohho/statuses/740890716461793280,,,
4484289856,JOHJOHHO,"Meine Wut und mein Zorn gegen unsere Etablierten wachsen täglich an, besonders im Gedenken an die Terroropfer. #stopptTerror",Germany,German,6/9/2016 13:00,6/9/2016 13:03,100,10,53,,German,0,NonEnglish,0,4484289856,740891210252996608,http://twitter.com/johjohho/statuses/740891210252996608,,,
4484289856,JOHJOHHO,"#stopptTerror, bevor er unsere Freiheit noch nicht gestoppt ist",Germany,German,6/9/2016 13:01,6/9/2016 13:02,100,10,56,,German,0,NonEnglish,0,4484289856,740891692656656385,http://twitter.com/johjohho/statuses/740891692656656385,,,
3073549580,JOHNBENBENTON,'@BestUSAToday let's fight with terrorism together!',United States,English,10/1/2015 12:10,10/1/2015 12:10,49,53,283,,Left,0,LeftTroll,1,3073549580,649556988473540609,http://twitter.com/JohnBenBenton/statuses/649556988473540609,,,
3073549580,JOHNBENBENTON,'@Clever_Dove �',United States,English,10/24/2015 19:21,10/24/2015 19:21,49,53,283,,Left,0,LeftTroll,1,3073549580,658000302780645377,http://twitter.com/JohnBenBenton/statuses/658000302780645377,,,
3073549580,JOHNBENBENTON,'@Jenn_Abrams cool',United States,English,10/24/2015 20:06,10/24/2015 20:06,49,53,284,,Left,0,LeftTroll,1,3073549580,658011680924913664,http://twitter.com/JohnBenBenton/statuses/658011680924913664,,,
3073549580,JOHNBENBENTON,'@MatEvidence worst weapon of our civilisation',United States,English,10/24/2015 23:37,10/24/2015 23:37,49,53,285,,Left,0,LeftTroll,1,3073549580,658064901022339076,http://twitter.com/JohnBenBenton/statuses/658064901022339076,,,
3073549580,JOHNBENBENTON,Left-handed people celebrate all around awesomeness for #LeftHandersDay http://t.co/N1B85aCNS2,United States,English,8/13/2015 11:41,8/13/2015 11:41,49,54,280,RETWEET,Left,1,LeftTroll,1,3073549580,631792615180996608,http://twitter.com/JohnBenBenton/statuses/631792615180996608,https://twitter.com/Jenn_Abrams/status/631792166562492416/photo/1,,
3073549580,JOHNBENBENTON,#ThingsNotToBringToAFuneral Selfie stick,United States,English,8/13/2015 13:22,8/13/2015 13:22,49,54,281,RETWEET,Left,1,LeftTroll,1,3073549580,631817999633149953,http://twitter.com/JohnBenBenton/statuses/631817999633149953,,,
3073549580,JOHNBENBENTON,#DebateQuestionsWeWantToHear Why doesn't glue stick to the inside of the bottle?,United States,English,8/6/2015 8:19,8/6/2015 8:19,49,53,271,RETWEET,Left,1,LeftTroll,1,3073549580,629205095775928320,http://twitter.com/JohnBenBenton/statuses/629205095775928320,,,
3073549580,JOHNBENBENTON,#Fergusonremembers Cops killed 465 white vs 9850 black teens,United States,English,8/9/2015 15:55,8/9/2015 15:55,49,53,272,RETWEET,Left,1,LeftTroll,1,3073549580,630407028049993729,http://twitter.com/JohnBenBenton/statuses/630407028049993729,,,
3073549580,JOHNBENBENTON,"police brutality is an obvious fact, it’s stupid to deny it #EndpoliceBrutality #Fergusonremembers",United States,English,8/9/2015 16:05,8/9/2015 16:05,49,53,273,RETWEET,Left,1,LeftTroll,1,3073549580,630409581022154752,http://twitter.com/JohnBenBenton/statuses/630409581022154752,,,
3073549580,JOHNBENBENTON,"So, if someone shoots me he commits a crime, if a cop shoots me he prevents one. Double standarts! #MikeBrown #Fergusonremembers",United States,English,8/9/2015 16:11,8/9/2015 16:11,49,53,276,RETWEET,Left,1,LeftTroll,1,3073549580,630411118494625792,http://twitter.com/JohnBenBenton/statuses/630411118494625792,,,
3073549580,JOHNBENBENTON,Let’s make our voices heard! We want racism to be stopped #FergusonRemembers,United States,English,8/9/2015 16:15,8/9/2015 16:15,49,53,278,RETWEET,Left,1,LeftTroll,1,3073549580,630412146661179392,http://twitter.com/JohnBenBenton/statuses/630412146661179392,,,
3073549580,JOHNBENBENTON,BUT - @JohnKasich TRIES TO REACH OUT TO #Latinos INSULTS THEM INSTEAD  #GOP    http://t.co/lyhnmTdjqB http://t.co/B1ekFp1nBN,United States,English,9/19/2015 7:48,9/19/2015 7:48,49,53,282,RETWEET,Left,1,LeftTroll,1,3073549580,645142412973731840,http://twitter.com/JohnBenBenton/statuses/645142412973731840,https://twitter.com/BestUSAToday/status/644989297620180992/photo/1,http://bit.ly/1Kx0KVs,
1657753759,JOHNBRANCHH,Give Us $1K a Week or We’ll Hurt You — NYPD #Cops Prey on Local Businesses Like the #Mafia  https://t.co/Bkh6Cgurzl https://t.co/EC7jlXaB06,United States,English,1/10/2016 12:18,1/10/2016 12:18,439,245,941,RETWEET,Left,1,LeftTroll,0,1657753759,686160266510241792,http://twitter.com/JohnBranchh/statuses/686160266510241792,https://twitter.com/BleepThePolice/status/686153311796490240/photo/1,http://thefreethoughtproject.com/cop-acts-mobsters-shake-pizza-shop-1k-week-protection-money/#lvl47ZIxuKmuCJvB.99,
1657753759,JOHNBRANCHH,Judge Olu Stevens jails White man for calling him the N-word in court https://t.co/S8XX6pJRhm https://t.co/PsLte4mk55,United States,English,1/10/2016 12:18,1/10/2016 12:18,439,245,938,RETWEET,Left,1,LeftTroll,0,1657753759,686160182674509824,http://twitter.com/JohnBranchh/statuses/686160182674509824,https://twitter.com/RollingOut/status/686155584433852417/photo/1,http://bit.ly/1OMnGUO,
1657753759,JOHNBRANCHH,"People are free to choose not to unlearn bigoted, oppressive, and problematic thinking. We are free to critique that https://t.co/zaLCFcRGm9",United States,English,1/10/2016 12:18,1/10/2016 12:18,439,245,937,RETWEET,Left,1,LeftTroll,0,1657753759,686160151397584896,http://twitter.com/JohnBranchh/statuses/686160151397584896,https://twitter.com/KMalatji/status/686115530932137984,,
1657753759,JOHNBRANCHH,"Does this tweet still hold true if we replace the word ""homophobic"" with ""racist"" and ""sexist"".  https://t.co/AxHHybSsUs",United States,English,1/10/2016 12:18,1/10/2016 12:18,439,245,940,RETWEET,Left,1,LeftTroll,0,1657753759,686160235300425728,http://twitter.com/JohnBranchh/statuses/686160235300425728,https://twitter.com/kmalatji/status/686117290857918464,,
1657753759,JOHNBRANCHH,why do fan girls pretend their laughing so hard when they aren't really laughing...? https://t.co/6fSAZT4x3P,United States,English,1/11/2016 16:41,1/11/2016 16:42,439,244,943,RETWEET,Left,1,LeftTroll,0,1657753759,686588855995240449,http://twitter.com/JohnBranchh/statuses/686588855995240449,https://twitter.com/vesselkordei/status/686584756067241985,,
1657753759,JOHNBRANCHH,Why Do We Need Activism?   https://t.co/iKof0cqphD https://t.co/XW9DR4ytC6,United States,English,1/11/2016 16:41,1/11/2016 16:41,439,244,942,RETWEET,Left,1,LeftTroll,0,1657753759,686588825699749888,http://twitter.com/JohnBranchh/statuses/686588825699749888,https://twitter.com/MrNegroMilitant/status/686555060524851201/photo/1,http://mediadiversified.org/2016/01/11/why-do-we-need-activism/,
1657753759,JOHNBRANCHH,"'@BeautyBind The whole thing is laughable in its context. But French Vanilla creamer, money & Pall Mall 100s?'",United States,English,1/11/2016 18:20,1/11/2016 18:20,439,245,946,RETWEET,Left,1,LeftTroll,0,1657753759,686613674216275972,http://twitter.com/JohnBranchh/statuses/686613674216275972,,,
1657753759,JOHNBRANCHH,'@TPERGO @JesseBenn NYPD set arrest quotas for minority cops in their own communities: suit https://t.co/InbgjVupPs @VeryWhiteGuy @paeznyc',United States,English,1/11/2016 18:20,1/11/2016 18:21,439,244,944,RETWEET,Left,1,LeftTroll,0,1657753759,686613626136997890,http://twitter.com/JohnBranchh/statuses/686613626136997890,http://nyp.st/1Ew59XQ,,
1657753759,JOHNBRANCHH,On @NewYorkerRadio: Sarah Koenig says that she didn’t expect the true-crime craze @serial would produce. https://t.co/xvRU24xS8B,United States,English,1/11/2016 18:20,1/11/2016 18:22,439,245,947,RETWEET,Left,1,LeftTroll,0,1657753759,686613704276840448,http://twitter.com/JohnBranchh/statuses/686613704276840448,http://nyer.cm/GMHbohw,,
1657753759,JOHNBRANCHH,#HappyBirthdayMLK Thanks for the inspiration you gifted to generations! https://t.co/n0Ur5I3l2j,United States,English,1/15/2016 10:27,1/15/2016 10:27,439,247,949,,Left,0,LeftTroll,0,1657753759,687944147454562304,http://twitter.com/JohnBranchh/statuses/687944147454562304,https://twitter.com/JohnBranchh/status/687944147454562304/photo/1,,
1657753759,JOHNBRANCHH,Price of Freedom:  Does the right to bear arms bring with it the obligation to suffer stoically the collateral damage that obtains?,United States,English,1/17/2016 21:15,1/17/2016 21:16,439,245,951,RETWEET,Left,1,LeftTroll,0,1657753759,688832155607261184,http://twitter.com/JohnBranchh/statuses/688832155607261184,,,
1657753759,JOHNBRANCHH,Idris Elba visits parliament tmrw to say that British TV is failing black actors. https://t.co/6l1NbqcYNL Which is why he went to the US,United States,English,1/17/2016 21:15,1/17/2016 21:15,439,245,950,RETWEET,Left,1,LeftTroll,0,1657753759,688832124913319936,http://twitter.com/JohnBranchh/statuses/688832124913319936,http://gu.com/p/4fqad/stw,,
1657753759,JOHNBRANCHH,Life's too damn short for bad vibes!,United States,English,1/17/2016 21:16,1/17/2016 21:16,439,245,952,RETWEET,Left,1,LeftTroll,0,1657753759,688832176197120000,http://twitter.com/JohnBranchh/statuses/688832176197120000,,,
1657753759,JOHNBRANCHH,7/ Name a civil rights leader. Chances are strong that he or she was surveilled in the name of national security. https://t.co/OW6dpvR2cG,United States,English,1/18/2016 19:41,1/18/2016 19:41,439,244,954,RETWEET,Left,1,LeftTroll,0,1657753759,689170736951328768,http://twitter.com/JohnBranchh/statuses/689170736951328768,https://twitter.com/alvarombedoya/status/689094242745077760/photo/1,,
1657753759,JOHNBRANCHH,Chicago gets a HUG from Foster and Jack https://t.co/UhTPHixX5c https://t.co/O0ByloEmcf,United States,English,1/19/2016 15:13,1/19/2016 15:13,439,243,955,RETWEET,Left,1,LeftTroll,0,1657753759,689465701510189061,http://twitter.com/JohnBranchh/statuses/689465701510189061,https://twitter.com/RollingOut/status/689462560165199874/photo/1,http://bit.ly/1QkWBHv,
1657753759,JOHNBRANCHH,Good evening ��� #art #blackart ✨ https://t.co/Y1wyws8iLh,United States,English,1/21/2016 23:34,1/21/2016 23:34,439,244,959,RETWEET,Left,1,LeftTroll,0,1657753759,690316616572211200,http://twitter.com/JohnBranchh/statuses/690316616572211200,https://twitter.com/CultureCoquette/status/688148328362586113/photo/1,,
1657753759,JOHNBRANCHH,"Black girls are 17% of female students, 43% of girls arrested at school. #BlackLivesMatter",United States,English,1/21/2016 23:34,1/21/2016 23:34,439,244,956,RETWEET,Left,1,LeftTroll,0,1657753759,690316538985996294,http://twitter.com/JohnBranchh/statuses/690316538985996294,,,
1657753759,JOHNBRANCHH,Visit Aruba� https://t.co/gpLxrOKC1N,United States,Estonian,1/21/2016 23:34,1/21/2016 23:34,439,244,958,RETWEET,Left,1,LeftTroll,0,1657753759,690316586645864448,http://twitter.com/JohnBranchh/statuses/690316586645864448,https://twitter.com/RadVisits/status/690313883391684608/photo/1,,
1657753759,JOHNBRANCHH,Rat Queens #13 (2015)  //  Image Comics    https://t.co/Tm1ZYnJKhW https://t.co/A57JaGS2dg,United States,English,1/21/2016 23:35,1/21/2016 23:35,439,244,961,RETWEET,Left,1,LeftTroll,0,1657753759,690316799406141440,http://twitter.com/JohnBranchh/statuses/690316799406141440,https://twitter.com/HeroesInColor00/status/689266180520054784/photo/1,http://ow.ly/Xf8Us,
1657753759,JOHNBRANCHH,Huge sacrifices were made. I inherited many fruits of your labor. Thank you! #letskeepgoing #MLKDay https://t.co/94VhAhLKLU,United States,English,1/21/2016 23:35,1/21/2016 23:35,439,244,960,RETWEET,Left,1,LeftTroll,0,1657753759,690316773468540928,http://twitter.com/JohnBranchh/statuses/690316773468540928,https://twitter.com/candicekp/status/689176967665430528/photo/1,,
1657753759,JOHNBRANCHH,U.S. judge urges early end to first GM ignition-switch trial: NEW YORK (Reuters) - A U.S. judg... https://t.co/AW0pTFOZ3b via @josephjett,United States,English,1/21/2016 23:39,1/21/2016 23:39,439,244,962,RETWEET,Left,1,LeftTroll,0,1657753759,690317906303938560,http://twitter.com/JohnBranchh/statuses/690317906303938560,http://bit.ly/1ZPSwkp,,
1657753759,JOHNBRANCHH,No we are not. There is nothing revolutionary about downplaying race in the era where #BLM is taking on WS.  @ldbrillante,United States,English,1/21/2016 23:39,1/21/2016 23:40,439,244,963,RETWEET,Left,1,LeftTroll,0,1657753759,690317931624923136,http://twitter.com/JohnBranchh/statuses/690317931624923136,,,
1657753759,JOHNBRANCHH,I don't live in America I survive in America ���#powerful #blacklivesmatter #survival #stacydash #realtalk,United States,English,1/21/2016 23:40,1/21/2016 23:41,439,244,964,RETWEET,Left,1,LeftTroll,0,1657753759,690317958204256256,http://twitter.com/JohnBranchh/statuses/690317958204256256,,,
1657753759,JOHNBRANCHH,"Hard fought battle tonight!! Tough one, but weare ready to bounce back! #RollHounds  https://t.co/WzSdUBmGZ9",United States,English,1/21/2016 23:40,1/21/2016 23:40,439,244,966,RETWEET,Left,1,LeftTroll,0,1657753759,690318017914339329,http://twitter.com/JohnBranchh/statuses/690318017914339329,https://twitter.com/PL_WBB/status/690012671949815808,,
1657753759,JOHNBRANCHH,How did the grand jury not vote? Someone please explain? Tamir Rice https://t.co/MeevWbcU6T #TamirRice #BLM,United States,English,1/21/2016 23:40,1/21/2016 23:40,439,244,965,RETWEET,Left,1,LeftTroll,0,1657753759,690317987585376256,http://twitter.com/JohnBranchh/statuses/690317987585376256,http://underthebluetarp.blogspot.com/2015/12/tamir-rice.html,,
1657753759,JOHNBRANCHH,#ItsSoWhiteOutsideThat we’re not hiring,United States,English,1/25/2016 15:00,1/25/2016 15:01,442,244,967,,Left,0,LeftTroll,0,1657753759,691636846598627328,http://twitter.com/JohnBranchh/statuses/691636846598627328,,,
1657753759,JOHNBRANCHH,#ItsSoWhiteOutsideThat #blizzard2016 is promoted by White Academy,United States,English,1/25/2016 15:06,1/25/2016 15:06,442,244,968,,Left,0,LeftTroll,0,1657753759,691638342954385408,http://twitter.com/JohnBranchh/statuses/691638342954385408,,,
1657753759,JOHNBRANCHH,"#HappyBirthdayAngela Davis Stand and fight, black people!",United States,English,1/26/2016 10:11,1/26/2016 10:11,442,245,969,,Left,0,LeftTroll,0,1657753759,691926477126942720,http://twitter.com/JohnBranchh/statuses/691926477126942720,,,
1657753759,JOHNBRANCHH,"#HappyBirthdayAngelaDavis ""I'm no longer accepting things I cannot change, I'm changing the things I cannot accept"" great words!",United States,English,1/26/2016 10:12,1/26/2016 10:12,442,245,970,,Left,0,LeftTroll,0,1657753759,691926630680412161,http://twitter.com/JohnBranchh/statuses/691926630680412161,,,
1657753759,JOHNBRANCHH,#StopTheGOP https://t.co/6cNfihxmsZ,United States,English,1/29/2016 2:56,1/29/2016 2:56,441,245,971,QUOTE_TWEET,Left,1,LeftTroll,0,1657753759,692904081657073664,http://twitter.com/JohnBranchh/statuses/692904081657073664,https://twitter.com/monluv1214/status/692903154019614720,,
1657753759,JOHNBRANCHH,Aw! Since I am well aware of my IQ and there is a 96% chance it's higher than yours?  YOU  better get to a doctor! https://t.co/qd6a3XWxu6,United States,English,1/4/2016 1:25,1/4/2016 1:25,441,244,910,RETWEET,Left,1,LeftTroll,0,1657753759,683821459463090178,http://twitter.com/JohnBranchh/statuses/683821459463090178,https://twitter.com/rhrussick/status/683806454780829696,,
1657753759,JOHNBRANCHH,'@PAWarnhoff Sea Shepherd uses Stink bombs against whaling ships.  See if they have some to spare. @DrACeleste @Mellynjess @BeautyBind',United States,English,1/4/2016 1:25,1/4/2016 1:25,441,244,911,RETWEET,Left,1,LeftTroll,0,1657753759,683821481881649153,http://twitter.com/JohnBranchh/statuses/683821481881649153,,,
1657753759,JOHNBRANCHH,"In Ferguson, 150 unarmed black people occupied a blocked off street.    We got gassed, sprayed and shot w rubber bullets.  Just a reminder.",United States,English,1/4/2016 1:25,1/4/2016 1:25,441,244,912,RETWEET,Left,1,LeftTroll,0,1657753759,683821507152375808,http://twitter.com/JohnBranchh/statuses/683821507152375808,,,
1657753759,JOHNBRANCHH,BBC News - Investigation finds Florida police secretly KKK members #BlackTwitter be safe fam https://t.co/Uic2AlzhbM,United States,English,1/4/2016 1:25,1/4/2016 1:25,441,244,909,RETWEET,Left,1,LeftTroll,0,1657753759,683821428077129728,http://twitter.com/JohnBranchh/statuses/683821428077129728,http://www.bbc.com/news/world-us-canada-28410303,,
1657753759,JOHNBRANCHH,"Being negative only makes things more difficult. You may be ""up shit's creek without a paddle"" but you don't have to take a bath there...",United States,English,1/4/2016 1:25,1/4/2016 1:25,441,244,914,RETWEET,Left,1,LeftTroll,0,1657753759,683821559191068672,http://twitter.com/JohnBranchh/statuses/683821559191068672,,,
